Workbook

Sheet Sheet1
A1: Модель | B1: КОД ТН ВЭД | C1: Прочее | D1: количество | E1: цена за шт | F1: стоимость | G1: наименование | H1: количество мест | I1: код упаковки грузового места | J1: производитель | K1: страна происхождения | L1: Марка | M1: Товарный знак | N1: ед. измерения | O1: общий вес нетто по упаковочному | P1: БРУТТО общий
A2: КИВ-125 | B2: 8481309908 | D2: 1000 | E2: 13.6 | F2: =E2*D2 -> 13600 | G2: КИВ-125 -клапан инфильтрации воздуха | H2: 2 | I2: CT | J2: Ningbo ZENTEC Air Conditioning & Refrigeration Co., Ltd | K2: Китай | L2: отсутствует | M2: отсутствует | N2: шт | O2: 312.5 | P2: 383
B3: 8481309908 | D3: 1 | E3: 2990 | F3: =E3*D3 -> 2990 | H3: 1 | I3: CT | J3: Ningbo ZENTEC Air Conditioning & Refrigeration Co., Ltd | K3: Китай | L3: отсутствует | M3: отсутствует | N3: шт
B4: 8481309908 | D4: 1 | E4: 2340 | F4: =E4*D4 -> 2340 | H4: 1 | I4: CT | J4: Ningbo ZENTEC Air Conditioning & Refrigeration Co., Ltd | K4: Китай | L4: отсутствует | M4: отсутствует | N4: шт
B5: 8481309908 | D5: 1 | E5: 2380 | F5: =E5*D5 -> 2380 | H5: 1 | I5: CT | J5: Ningbo ZENTEC Air Conditioning & Refrigeration Co., Ltd | K5: Китай | L5: отсутствует | M5: отсутствует | N5: шт
B6: 8481309908 | D6: 1 | E6: 2340 | F6: =E6*D6 -> 2340 | H6: 1 | I6: CT | J6: Ningbo ZENTEC Air Conditioning & Refrigeration Co., Ltd | K6: Китай | L6: отсутствует | M6: отсутствует | N6: шт
B7: 8481309908 | D7: 1 | E7: 3340 | F7: =E7*D7 -> 3340 | H7: 1 | I7: CT | J7: Ningbo ZENTEC Air Conditioning & Refrigeration Co., Ltd | K7: Китай | L7: отсутствует | M7: отсутствует | N7: шт
B8: 8481309908 | D8: 1 | E8: 2650 | F8: =E8*D8 -> 2650 | H8: 1 | I8: CT | J8: Ningbo ZENTEC Air Conditioning & Refrigeration Co., Ltd | K8: Китай | L8: отсутствует | M8: отсутствует | N8: шт
B9: 8481309908 | D9: 1 | E9: 2340 | F9: =E9*D9 -> 2340 | H9: 1 | I9: CT | J9: Ningbo ZENTEC Air Conditioning & Refrigeration Co., Ltd | K9: Китай | L9: отсутствует | M9: отсутствует | N9: шт
B10: 8481309908 | D10: 1 | E10: 2340 | F10: =E10*D10 -> 2340 | H10: 1 | I10: CT | J10: Ningbo ZENTEC Air Conditioning & Refrigeration Co., Ltd | K10: Китай | L10: отсутствует | M10: отсутствует | N10: шт
B11: 8481309908 | D11: 1 | E11: 1980 | F11: =E11*D11 -> 1980 | H11: 1 | I11: CT | J11: Ningbo ZENTEC Air Conditioning & Refrigeration Co., Ltd | K11: Китай | L11: отсутствует | M11: отсутствует | N11: шт
B12: 8481309908 | D12: 1 | E12: 1960 | F12: =E12*D12 -> 1960 | H12: 1 | I12: CT | J12: Ningbo ZENTEC Air Conditioning & Refrigeration Co., Ltd | K12: Китай | L12: отсутствует | M12: отсутствует | N12: шт
B13: 8481309908 | D13: 1 | E13: 1850 | F13: =E13*D13 -> 1850 | H13: 1 | I13: CT | J13: Ningbo ZENTEC Air Conditioning & Refrigeration Co., Ltd | K13: Китай | L13: отсутствует | M13: отсутствует | N13: шт
B14: 8481309908 | D14: 1 | E14: 1960 | F14: =E14*D14 -> 1960 | H14: 1 | I14: CT | J14: Ningbo ZENTEC Air Conditioning & Refrigeration Co., Ltd | K14: Китай | L14: отсутствует | M14: отсутствует | N14: шт
B15: 8481309908 | C15: =VLOOKUP(A15,Лист1!$B$1:$Q$28,5,0) -> #N/A | E15: =VLOOKUP(A15,Лист1!$B$1:$Q$28,3,0) -> #N/A | F15: =E15*D15 -> #N/A | I15: CT | J15: Ningbo ZENTEC Air Conditioning & Refrigeration Co., Ltd | K15: Китай | L15: отсутствует | M15: отсутствует | N15: шт | O15: =#REF!+#REF!*0.05 -> #REF! | P15: 184
B16: 8481309908 | C16: =VLOOKUP(A16,Лист1!$B$1:$Q$28,5,0) -> #N/A | E16: =VLOOKUP(A16,Лист1!$B$1:$Q$28,3,0) -> #N/A | F16: =E16*D16 -> #N/A | I16: CT | J16: Ningbo ZENTEC Air Conditioning & Refrigeration Co., Ltd | K16: Китай | L16: отсутствует | M16: отсутствует | N16: шт | O16: =#REF!+#REF!*0.05 -> #REF! | P16: 184
B17: 8481309908 | C17: =VLOOKUP(A17,Лист1!$B$1:$Q$28,5,0) -> #N/A | E17: =VLOOKUP(A17,Лист1!$B$1:$Q$28,3,0) -> #N/A | F17: =E17*D17 -> #N/A | I17: CT | J17: Ningbo ZENTEC Air Conditioning & Refrigeration Co., Ltd | K17: Китай | L17: отсутствует | M17: отсутствует | N17: шт | O17: =#REF!+#REF!*0.05 -> #REF! | P17: 184
B18: 8481309908 | C18: =VLOOKUP(A18,Лист1!$B$1:$Q$28,5,0) -> #N/A | E18: =VLOOKUP(A18,Лист1!$B$1:$Q$28,3,0) -> #N/A | F18: =E18*D18 -> #N/A | I18: CT | J18: Ningbo ZENTEC Air Conditioning & Refrigeration Co., Ltd | K18: Китай | L18: отсутствует | M18: отсутствует | N18: шт | O18: =#REF!+#REF!*0.05 -> #REF! | P18: 184
B19: 8481309908 | C19: =VLOOKUP(A19,Лист1!$B$1:$Q$28,5,0) -> #N/A | E19: =VLOOKUP(A19,Лист1!$B$1:$Q$28,3,0) -> #N/A | F19: =E19*D19 -> #N/A | I19: CT | J19: Ningbo ZENTEC Air Conditioning & Refrigeration Co., Ltd | K19: Китай | L19: отсутствует | M19: отсутствует | N19: шт | O19: =#REF!+#REF!*0.05 -> #REF! | P19: 184
B20: 8481309908 | C20: =VLOOKUP(A20,Лист1!$B$1:$Q$28,5,0) -> #N/A | E20: =VLOOKUP(A20,Лист1!$B$1:$Q$28,3,0) -> #N/A | F20: =E20*D20 -> #N/A | I20: CT | J20: Ningbo ZENTEC Air Conditioning & Refrigeration Co., Ltd | K20: Китай | L20: отсутствует | M20: отсутствует | N20: шт | O20: =#REF!+#REF!*0.05 -> #REF! | P20: 184
B21: 8481309908 | C21: =VLOOKUP(A21,Лист1!$B$1:$Q$28,5,0) -> #N/A | E21: =VLOOKUP(A21,Лист1!$B$1:$Q$28,3,0) -> #N/A | F21: =E21*D21 -> #N/A | I21: CT | J21: Ningbo ZENTEC Air Conditioning & Refrigeration Co., Ltd | K21: Китай | L21: отсутствует | M21: отсутствует | N21: шт | O21: =#REF!+#REF!*0.05 -> #REF! | P21: 184
B22: 8481309908 | C22: =VLOOKUP(A22,Лист1!$B$1:$Q$28,5,0) -> #N/A | E22: =VLOOKUP(A22,Лист1!$B$1:$Q$28,3,0) -> #N/A | F22: =E22*D22 -> #N/A | I22: CT | J22: Ningbo ZENTEC Air Conditioning & Refrigeration Co., Ltd | K22: Китай | L22: отсутствует | M22: отсутствует | N22: шт | O22: =#REF!+#REF!*0.05 -> #REF! | P22: 184
B23: 8481309908 | C23: =VLOOKUP(A23,Лист1!$B$1:$Q$28,5,0) -> #N/A | E23: =VLOOKUP(A23,Лист1!$B$1:$Q$28,3,0) -> #N/A | F23: =E23*D23 -> #N/A | I23: CT | J23: Ningbo ZENTEC Air Conditioning & Refrigeration Co., Ltd | K23: Китай | L23: отсутствует | M23: отсутствует | N23: шт | O23: =#REF!+#REF!*0.05 -> #REF! | P23: 184
B24: 8481309908 | C24: =VLOOKUP(A24,Лист1!$B$1:$Q$28,5,0) -> #N/A | E24: =VLOOKUP(A24,Лист1!$B$1:$Q$28,3,0) -> #N/A | F24: =E24*D24 -> #N/A | I24: CT | J24: SHANGHAI JINGPUMECHANICAL & ELECTRICAL TECHNOLOGY CO.,LTD. | K24: Китай | L24: отсутствует | M24: отсутствует | N24: шт | O24: =#REF!+#REF!*0.05 -> #REF! | P24: 184
B25: 8481309908 | C25: =VLOOKUP(A25,Лист1!$B$1:$Q$28,5,0) -> #N/A | E25: =VLOOKUP(A25,Лист1!$B$1:$Q$28,3,0) -> #N/A | F25: =E25*D25 -> #N/A | I25: CT | J25: SHANGHAI JINGPUMECHANICAL & ELECTRICAL TECHNOLOGY CO.,LTD. | K25: Китай | L25: отсутствует | M25: отсутствует | N25: шт | O25: =#REF!+#REF!*0.05 -> #REF! | P25: 184
B26: 8481309908 | C26: =VLOOKUP(A26,Лист1!$B$1:$Q$28,5,0) -> #N/A | E26: =VLOOKUP(A26,Лист1!$B$1:$Q$28,3,0) -> #N/A | F26: =E26*D26 -> #N/A | I26: CT | J26: SHANGHAI JINGPUMECHANICAL & ELECTRICAL TECHNOLOGY CO.,LTD. | K26: Китай | L26: отсутствует | M26: отсутствует | N26: шт | O26: =#REF!+#REF!*0.05 -> #REF! | P26: 184
... B40: 8481309908 | C40: =VLOOKUP(A40,Лист1!$B$1:$Q$28,5,0) -> #N/A | E40: =VLOOKUP(A40,Лист1!$B$1:$Q$28,3,0) -> #N/A | F40: =E40*D40 -> #N/A | I40: CT | J40: SHANGHAI JINGPUMECHANICAL & ELECTRICAL TECHNOLOGY CO.,LTD. | K40: Китай | L40: отсутствует | M40: отсутствует | N40: шт | O40: =#REF!+#REF!*0.05 -> #REF! | P40: 184
B41: 8481309908 | C41: =VLOOKUP(A41,Лист1!$B$1:$Q$28,5,0) -> #N/A | E41: =VLOOKUP(A41,Лист1!$B$1:$Q$28,3,0) -> #N/A | F41: =E41*D41 -> #N/A | G41: =VLOOKUP(A41,Лист1!$B$1:$Q$28,4,0) -> #N/A | I41: CT | J41: SHANGHAI JINGPUMECHANICAL & ELECTRICAL TECHNOLOGY CO.,LTD. | K41: Китай | L41: отсутствует | M41: отсутствует | N41: шт | O41: =#REF!+#REF!*0.05 -> #REF! | P41: 184
B42: 8481309908 | C42: =VLOOKUP(A42,Лист1!$B$1:$Q$28,5,0) -> #N/A | E42: =VLOOKUP(A42,Лист1!$B$1:$Q$28,3,0) -> #N/A | F42: =E42*D42 -> #N/A | G42: =VLOOKUP(A42,Лист1!$B$1:$Q$28,4,0) -> #N/A | I42: CT | J42: SHANGHAI JINGPUMECHANICAL & ELECTRICAL TECHNOLOGY CO.,LTD. | K42: Китай | L42: отсутствует | M42: отсутствует | N42: шт | O42: =#REF!+#REF!*0.05 -> #REF! | P42: 184
B43: 8481309908 | C43: =VLOOKUP(A43,Лист1!$B$1:$Q$28,5,0) -> #N/A | E43: =VLOOKUP(A43,Лист1!$B$1:$Q$28,3,0) -> #N/A | F43: =E43*D43 -> #N/A | G43: =VLOOKUP(A43,Лист1!$B$1:$Q$28,4,0) -> #N/A | I43: CT | J43: SHANGHAI JINGPUMECHANICAL & ELECTRICAL TECHNOLOGY CO.,LTD. | K43: Китай | L43: отсутствует | M43: отсутствует | N43: шт | O43: =#REF!+#REF!*0.05 -> #REF! | P43: 184
B44: 8481309908 | C44: =VLOOKUP(A44,Лист1!$B$1:$Q$28,5,0) -> #N/A | E44: =VLOOKUP(A44,Лист1!$B$1:$Q$28,3,0) -> #N/A | F44: =E44*D44 -> #N/A | G44: =VLOOKUP(A44,Лист1!$B$1:$Q$28,4,0) -> #N/A | I44: CT | J44: SHANGHAI JINGPUMECHANICAL & ELECTRICAL TECHNOLOGY CO.,LTD. | K44: Китай | L44: отсутствует | M44: отсутствует | N44: шт | O44: =#REF!+#REF!*0.05 -> #REF! | P44: 184
B45: 8481309908 | C45: =VLOOKUP(A45,Лист1!$B$1:$Q$28,5,0) -> #N/A | E45: =VLOOKUP(A45,Лист1!$B$1:$Q$28,3,0) -> #N/A | F45: =E45*D45 -> #N/A | G45: =VLOOKUP(A45,Лист1!$B$1:$Q$28,4,0) -> #N/A | I45: CT | J45: SHANGHAI JINGPUMECHANICAL & ELECTRICAL TECHNOLOGY CO.,LTD. | K45: Китай | L45: отсутствует | M45: отсутствует | N45: шт | O45: =#REF!+#REF!*0.05 -> #REF! | P45: 184
B46: 8481309908 | C46: =VLOOKUP(A46,Лист1!$B$1:$Q$28,5,0) -> #N/A | E46: =VLOOKUP(A46,Лист1!$B$1:$Q$28,3,0) -> #N/A | F46: =E46*D46 -> #N/A | G46: =VLOOKUP(A46,Лист1!$B$1:$Q$28,4,0) -> #N/A | I46: CT | J46: SHANGHAI JINGPUMECHANICAL & ELECTRICAL TECHNOLOGY CO.,LTD. | K46: Китай | L46: отсутствует | M46: отсутствует | N46: шт | O46: =#REF!+#REF!*0.05 -> #REF! | P46: 184
B47: 8481309908 | C47: =VLOOKUP(A47,Лист1!$B$1:$Q$28,5,0) -> #N/A | E47: =VLOOKUP(A47,Лист1!$B$1:$Q$28,3,0) -> #N/A | F47: =E47*D47 -> #N/A | G47: =VLOOKUP(A47,Лист1!$B$1:$Q$28,4,0) -> #N/A | I47: CT | J47: SHANGHAI JINGPUMECHANICAL & ELECTRICAL TECHNOLOGY CO.,LTD. | K47: Китай | L47: отсутствует | M47: отсутствует | N47: шт | O47: =#REF!+#REF!*0.05 -> #REF! | P47: 184
B48: 8481309908 | C48: =VLOOKUP(A48,Лист1!$B$1:$Q$28,5,0) -> #N/A | E48: =VLOOKUP(A48,Лист1!$B$1:$Q$28,3,0) -> #N/A | F48: =E48*D48 -> #N/A | G48: =VLOOKUP(A48,Лист1!$B$1:$Q$28,4,0) -> #N/A | I48: CT | J48: SHANGHAI JINGPUMECHANICAL & ELECTRICAL TECHNOLOGY CO.,LTD. | K48: Китай | L48: отсутствует | M48: отсутствует | N48: шт | O48: =#REF!+#REF!*0.05 -> #REF! | P48: 184
B49: 8481309908 | C49: =VLOOKUP(A49,Лист1!$B$1:$Q$28,5,0) -> #N/A | E49: =VLOOKUP(A49,Лист1!$B$1:$Q$28,3,0) -> #N/A | F49: =E49*D49 -> #N/A | G49: =VLOOKUP(A49,Лист1!$B$1:$Q$28,4,0) -> #N/A | I49: CT | J49: SHANGHAI JINGPUMECHANICAL & ELECTRICAL TECHNOLOGY CO.,LTD. | K49: Китай | L49: отсутствует | M49: отсутствует | N49: шт | O49: =#REF!+#REF!*0.05 -> #REF! | P49: 184
B50: 8481309908 | C50: =VLOOKUP(A50,Лист1!$B$1:$Q$28,5,0) -> #N/A | E50: =VLOOKUP(A50,Лист1!$B$1:$Q$28,3,0) -> #N/A | F50: =E50*D50 -> #N/A | G50: =VLOOKUP(A50,Лист1!$B$1:$Q$28,4,0) -> #N/A | I50: CT | J50: SHANGHAI JINGPUMECHANICAL & ELECTRICAL TECHNOLOGY CO.,LTD. | K50: Китай | L50: отсутствует | M50: отсутствует | N50: шт | O50: =#REF!+#REF!*0.05 -> #REF! | P50: 184
B51: 8481309908 | C51: =VLOOKUP(A51,Лист1!$B$1:$Q$28,5,0) -> #N/A | E51: =VLOOKUP(A51,Лист1!$B$1:$Q$28,3,0) -> #N/A | F51: =E51*D51 -> #N/A | G51: =VLOOKUP(A51,Лист1!$B$1:$Q$28,4,0) -> #N/A | I51: CT | J51: SHANGHAI JINGPUMECHANICAL & ELECTRICAL TECHNOLOGY CO.,LTD. | K51: Китай | L51: отсутствует | M51: отсутствует | N51: шт | O51: =#REF!+#REF!*0.05 -> #REF! | P51: 184
B52: 8481309908 | C52: =VLOOKUP(A52,Лист1!$B$1:$Q$28,5,0) -> #N/A | E52: =VLOOKUP(A52,Лист1!$B$1:$Q$28,3,0) -> #N/A | F52: =E52*D52 -> #N/A | G52: =VLOOKUP(A52,Лист1!$B$1:$Q$28,4,0) -> #N/A | I52: CT | J52: SHANGHAI JINGPUMECHANICAL & ELECTRICAL TECHNOLOGY CO.,LTD. | K52: Китай | L52: отсутствует | M52: отсутствует | N52: шт | O52: =#REF!+#REF!*0.05 -> #REF! | P52: 184
... B66: 8481309908 | C66: =VLOOKUP(A66,Лист1!$B$1:$Q$28,5,0) -> #N/A | E66: =VLOOKUP(A66,Лист1!$B$1:$Q$28,3,0) -> #N/A | F66: =E66*D66 -> #N/A | G66: =VLOOKUP(A66,Лист1!$B$1:$Q$28,4,0) -> #N/A | I66: CT | J66: SHANGHAI JINGPUMECHANICAL & ELECTRICAL TECHNOLOGY CO.,LTD. | K66: Китай | L66: отсутствует | M66: отсутствует | N66: шт | O66: =#REF!+#REF!*0.05 -> #REF! | P66: 184
B67: =VLOOKUP(A67,Лист1!$B$1:$Q$28,2,0) -> #N/A | C67: =VLOOKUP(A67,Лист1!$B$1:$Q$28,5,0) -> #N/A | E67: =VLOOKUP(A67,Лист1!$B$1:$Q$28,3,0) -> #N/A | F67: =E67*D67 -> #N/A | G67: =VLOOKUP(A67,Лист1!$B$1:$Q$28,4,0) -> #N/A | I67: CT | J67: SHANGHAI JINGPUMECHANICAL & ELECTRICAL TECHNOLOGY CO.,LTD. | K67: Китай | L67: отсутствует | M67: отсутствует | N67: шт | O67: =#REF!+#REF!*0.05 -> #REF! | P67: 184
B68: =VLOOKUP(A68,Лист1!$B$1:$Q$28,2,0) -> #N/A | C68: =VLOOKUP(A68,Лист1!$B$1:$Q$28,5,0) -> #N/A | E68: =VLOOKUP(A68,Лист1!$B$1:$Q$28,3,0) -> #N/A | F68: =E68*D68 -> #N/A | G68: =VLOOKUP(A68,Лист1!$B$1:$Q$28,4,0) -> #N/A | I68: CT | J68: SHANGHAI JINGPUMECHANICAL & ELECTRICAL TECHNOLOGY CO.,LTD. | K68: Китай | L68: отсутствует | M68: отсутствует | N68: шт | O68: =#REF!+#REF!*0.05 -> #REF! | P68: 184
B69: =VLOOKUP(A69,Лист1!$B$1:$Q$28,2,0) -> #N/A | C69: =VLOOKUP(A69,Лист1!$B$1:$Q$28,5,0) -> #N/A | E69: =VLOOKUP(A69,Лист1!$B$1:$Q$28,3,0) -> #N/A | F69: =E69*D69 -> #N/A | G69: =VLOOKUP(A69,Лист1!$B$1:$Q$28,4,0) -> #N/A | I69: CT | J69: SHANGHAI JINGPUMECHANICAL & ELECTRICAL TECHNOLOGY CO.,LTD. | K69: Китай | L69: отсутствует | M69: отсутствует | N69: шт | O69: =#REF!+#REF!*0.05 -> #REF! | P69: 184
B70: =VLOOKUP(A70,Лист1!$B$1:$Q$28,2,0) -> #N/A | C70: =VLOOKUP(A70,Лист1!$B$1:$Q$28,5,0) -> #N/A | E70: =VLOOKUP(A70,Лист1!$B$1:$Q$28,3,0) -> #N/A | F70: =E70*D70 -> #N/A | G70: =VLOOKUP(A70,Лист1!$B$1:$Q$28,4,0) -> #N/A | I70: CT | J70: SHANGHAI JINGPUMECHANICAL & ELECTRICAL TECHNOLOGY CO.,LTD. | K70: Китай | L70: отсутствует | M70: отсутствует | N70: шт | O70: =#REF!+#REF!*0.05 -> #REF! | P70: 184
B71: =VLOOKUP(A71,Лист1!$B$1:$Q$28,2,0) -> #N/A | C71: =VLOOKUP(A71,Лист1!$B$1:$Q$28,5,0) -> #N/A | E71: =VLOOKUP(A71,Лист1!$B$1:$Q$28,3,0) -> #N/A | F71: =E71*D71 -> #N/A | G71: =VLOOKUP(A71,Лист1!$B$1:$Q$28,4,0) -> #N/A | I71: CT | J71: SHANGHAI JINGPUMECHANICAL & ELECTRICAL TECHNOLOGY CO.,LTD. | K71: Китай | L71: отсутствует | M71: отсутствует | N71: шт | O71: =#REF!+#REF!*0.05 -> #REF! | P71: 184
B72: =VLOOKUP(A72,Лист1!$B$1:$Q$28,2,0) -> #N/A | C72: =VLOOKUP(A72,Лист1!$B$1:$Q$28,5,0) -> #N/A | E72: =VLOOKUP(A72,Лист1!$B$1:$Q$28,3,0) -> #N/A | F72: =E72*D72 -> #N/A | G72: =VLOOKUP(A72,Лист1!$B$1:$Q$28,4,0) -> #N/A | I72: CT | J72: SHANGHAI JINGPUMECHANICAL & ELECTRICAL TECHNOLOGY CO.,LTD. | K72: Китай | L72: отсутствует | M72: отсутствует | N72: шт | O72: =#REF!+#REF!*0.05 -> #REF! | P72: 184
B73: =VLOOKUP(A73,Лист1!$B$1:$Q$28,2,0) -> #N/A | C73: =VLOOKUP(A73,Лист1!$B$1:$Q$28,5,0) -> #N/A | E73: =VLOOKUP(A73,Лист1!$B$1:$Q$28,3,0) -> #N/A | F73: =E73*D73 -> #N/A | G73: =VLOOKUP(A73,Лист1!$B$1:$Q$28,4,0) -> #N/A | I73: CT | J73: SHANGHAI JINGPUMECHANICAL & ELECTRICAL TECHNOLOGY CO.,LTD. | K73: Китай | L73: отсутствует | M73: отсутствует | N73: шт | O73: =#REF!+#REF!*0.05 -> #REF! | P73: 184
B74: =VLOOKUP(A74,Лист1!$B$1:$Q$28,2,0) -> #N/A | C74: =VLOOKUP(A74,Лист1!$B$1:$Q$28,5,0) -> #N/A | E74: =VLOOKUP(A74,Лист1!$B$1:$Q$28,3,0) -> #N/A | F74: =E74*D74 -> #N/A | G74: =VLOOKUP(A74,Лист1!$B$1:$Q$28,4,0) -> #N/A | I74: CT | J74: SHANGHAI JINGPUMECHANICAL & ELECTRICAL TECHNOLOGY CO.,LTD. | K74: Китай | L74: отсутствует | M74: отсутствует | N74: шт | O74: =#REF!+#REF!*0.05 -> #REF! | P74: 184
B75: =VLOOKUP(A75,Лист1!$B$1:$Q$28,2,0) -> #N/A | C75: =VLOOKUP(A75,Лист1!$B$1:$Q$28,5,0) -> #N/A | E75: =VLOOKUP(A75,Лист1!$B$1:$Q$28,3,0) -> #N/A | F75: =E75*D75 -> #N/A | G75: =VLOOKUP(A75,Лист1!$B$1:$Q$28,4,0) -> #N/A | I75: CT | J75: SHANGHAI JINGPUMECHANICAL & ELECTRICAL TECHNOLOGY CO.,LTD. | K75: Китай | L75: отсутствует | M75: отсутствует | N75: шт | O75: =#REF!+#REF!*0.05 -> #REF! | P75: 184
B76: =VLOOKUP(A76,Лист1!$B$1:$Q$28,2,0) -> #N/A | C76: =VLOOKUP(A76,Лист1!$B$1:$Q$28,5,0) -> #N/A | E76: =VLOOKUP(A76,Лист1!$B$1:$Q$28,3,0) -> #N/A | F76: =E76*D76 -> #N/A | G76: =VLOOKUP(A76,Лист1!$B$1:$Q$28,4,0) -> #N/A | I76: CT | J76: SHANGHAI JINGPUMECHANICAL & ELECTRICAL TECHNOLOGY CO.,LTD. | K76: Китай | L76: отсутствует | M76: отсутствует | N76: шт | O76: =#REF!+#REF!*0.05 -> #REF! | P76: 184
B77: =VLOOKUP(A77,Лист1!$B$1:$Q$28,2,0) -> #N/A | C77: =VLOOKUP(A77,Лист1!$B$1:$Q$28,5,0) -> #N/A | E77: =VLOOKUP(A77,Лист1!$B$1:$Q$28,3,0) -> #N/A | F77: =E77*D77 -> #N/A | G77: =VLOOKUP(A77,Лист1!$B$1:$Q$28,4,0) -> #N/A | I77: CT | J77: SHANGHAI JINGPUMECHANICAL & ELECTRICAL TECHNOLOGY CO.,LTD. | K77: Китай | L77: отсутствует | M77: отсутствует | N77: шт | O77: =#REF!+#REF!*0.05 -> #REF! | P77: 184
B78: =VLOOKUP(A78,Лист1!$B$1:$Q$28,2,0) -> #N/A | C78: =VLOOKUP(A78,Лист1!$B$1:$Q$28,5,0) -> #N/A | E78: =VLOOKUP(A78,Лист1!$B$1:$Q$28,3,0) -> #N/A | F78: =E78*D78 -> #N/A | G78: =VLOOKUP(A78,Лист1!$B$1:$Q$28,4,0) -> #N/A | I78: CT | J78: SHANGHAI JINGPUMECHANICAL & ELECTRICAL TECHNOLOGY CO.,LTD. | K78: Китай | L78: отсутствует | M78: отсутствует | N78: шт | O78: =#REF!+#REF!*0.05 -> #REF! | P78: 184
... B89: =VLOOKUP(A89,Лист1!$B$1:$Q$28,2,0) -> #N/A | C89: =VLOOKUP(A89,Лист1!$B$1:$Q$28,5,0) -> #N/A | E89: =VLOOKUP(A89,Лист1!$B$1:$Q$28,3,0) -> #N/A | F89: =E89*D89 -> #N/A | G89: =VLOOKUP(A89,Лист1!$B$1:$Q$28,4,0) -> #N/A | I89: CT | J89: SHANGHAI JINGPUMECHANICAL & ELECTRICAL TECHNOLOGY CO.,LTD. | K89: Китай | L89: отсутствует | M89: отсутствует | N89: шт | O89: =#REF!+#REF!*0.05 -> #REF! | P89: 86
B90: =VLOOKUP(A90,Лист1!$B$1:$Q$28,2,0) -> #N/A | C90: =VLOOKUP(A90,Лист1!$B$1:$Q$28,5,0) -> #N/A | E90: =VLOOKUP(A90,Лист1!$B$1:$Q$28,3,0) -> #N/A | F90: =E90*D90 -> #N/A | G90: =VLOOKUP(A90,Лист1!$B$1:$Q$28,4,0) -> #N/A | I90: CT | J90: SHANGHAI JINGPUMECHANICAL & ELECTRICAL TECHNOLOGY CO.,LTD. | K90: Китай | L90: отсутствует | M90: отсутствует | N90: шт | O90: =#REF!+#REF!*0.05 -> #REF! | P90: =O90+O90*0.094 -> #REF!
B91: =VLOOKUP(A91,Лист1!$B$1:$Q$28,2,0) -> #N/A | C91: =VLOOKUP(A91,Лист1!$B$1:$Q$28,5,0) -> #N/A | E91: =VLOOKUP(A91,Лист1!$B$1:$Q$28,3,0) -> #N/A | F91: =E91*D91 -> #N/A | G91: =VLOOKUP(A91,Лист1!$B$1:$Q$28,4,0) -> #N/A | I91: CT | J91: SHANGHAI JINGPUMECHANICAL & ELECTRICAL TECHNOLOGY CO.,LTD. | K91: Китай | L91: отсутствует | M91: отсутствует | N91: шт | O91: =#REF!+#REF!*0.05 -> #REF! | P91: =O91+O91*0.094 -> #REF!
B92: =VLOOKUP(A92,Лист1!$B$1:$Q$28,2,0) -> #N/A | C92: =VLOOKUP(A92,Лист1!$B$1:$Q$28,5,0) -> #N/A | E92: =VLOOKUP(A92,Лист1!$B$1:$Q$28,3,0) -> #N/A | F92: =E92*D92 -> #N/A | G92: =VLOOKUP(A92,Лист1!$B$1:$Q$28,4,0) -> #N/A | I92: CT | J92: SHANGHAI JINGPUMECHANICAL & ELECTRICAL TECHNOLOGY CO.,LTD. | K92: Китай | L92: отсутствует | M92: отсутствует | N92: шт | O92: =#REF!+#REF!*0.05 -> #REF! | P92: =O92+O92*0.094 -> #REF!
B93: =VLOOKUP(A93,Лист1!$B$1:$Q$28,2,0) -> #N/A | C93: =VLOOKUP(A93,Лист1!$B$1:$Q$28,5,0) -> #N/A | E93: =VLOOKUP(A93,Лист1!$B$1:$Q$28,3,0) -> #N/A | F93: =E93*D93 -> #N/A | G93: =VLOOKUP(A93,Лист1!$B$1:$Q$28,4,0) -> #N/A | I93: CT | J93: SHANGHAI JINGPUMECHANICAL & ELECTRICAL TECHNOLOGY CO.,LTD. | K93: Китай | L93: отсутствует | M93: отсутствует | N93: шт | O93: =#REF!+#REF!*0.05 -> #REF! | P93: =O93+O93*0.094 -> #REF!
B94: =VLOOKUP(A94,Лист1!$B$1:$Q$28,2,0) -> #N/A | C94: =VLOOKUP(A94,Лист1!$B$1:$Q$28,5,0) -> #N/A | E94: =VLOOKUP(A94,Лист1!$B$1:$Q$28,3,0) -> #N/A | F94: =E94*D94 -> #N/A | G94: =VLOOKUP(A94,Лист1!$B$1:$Q$28,4,0) -> #N/A | I94: CT | J94: SHANGHAI JINGPUMECHANICAL & ELECTRICAL TECHNOLOGY CO.,LTD. | K94: Китай | L94: отсутствует | M94: отсутствует | N94: шт | O94: =#REF!+#REF!*0.05 -> #REF! | P94: =O94+O94*0.094 -> #REF!
B95: =VLOOKUP(A95,Лист1!$B$1:$Q$28,2,0) -> #N/A | C95: =VLOOKUP(A95,Лист1!$B$1:$Q$28,5,0) -> #N/A | E95: =VLOOKUP(A95,Лист1!$B$1:$Q$28,3,0) -> #N/A | F95: =E95*D95 -> #N/A | G95: =VLOOKUP(A95,Лист1!$B$1:$Q$28,4,0) -> #N/A | I95: CT | J95: SHANGHAI JINGPUMECHANICAL & ELECTRICAL TECHNOLOGY CO.,LTD. | K95: Китай | L95: отсутствует | M95: отсутствует | N95: шт | O95: =#REF!+#REF!*0.05 -> #REF! | P95: =O95+O95*0.094 -> #REF!
B96: =VLOOKUP(A96,Лист1!$B$1:$Q$28,2,0) -> #N/A | C96: =VLOOKUP(A96,Лист1!$B$1:$Q$28,5,0) -> #N/A | E96: =VLOOKUP(A96,Лист1!$B$1:$Q$28,3,0) -> #N/A | F96: =E96*D96 -> #N/A | G96: =VLOOKUP(A96,Лист1!$B$1:$Q$28,4,0) -> #N/A | I96: CT | J96: SHANGHAI JINGPUMECHANICAL & ELECTRICAL TECHNOLOGY CO.,LTD. | K96: Китай | L96: отсутствует | M96: отсутствует | N96: шт | O96: =#REF!+#REF!*0.05 -> #REF! | P96: =O96+O96*0.094 -> #REF!
B97: =VLOOKUP(A97,Лист1!$B$1:$Q$28,2,0) -> #N/A | C97: =VLOOKUP(A97,Лист1!$B$1:$Q$28,5,0) -> #N/A | E97: =VLOOKUP(A97,Лист1!$B$1:$Q$28,3,0) -> #N/A | F97: =E97*D97 -> #N/A | G97: =VLOOKUP(A97,Лист1!$B$1:$Q$28,4,0) -> #N/A | I97: CT | J97: SHANGHAI JINGPUMECHANICAL & ELECTRICAL TECHNOLOGY CO.,LTD. | K97: Китай | L97: отсутствует | M97: отсутствует | N97: шт | O97: =#REF!+#REF!*0.05 -> #REF! | P97: =O97+O97*0.094 -> #REF!
B98: =VLOOKUP(A98,Лист1!$B$1:$Q$28,2,0) -> #N/A | C98: =VLOOKUP(A98,Лист1!$B$1:$Q$28,5,0) -> #N/A | E98: =VLOOKUP(A98,Лист1!$B$1:$Q$28,3,0) -> #N/A | F98: =E98*D98 -> #N/A | G98: =VLOOKUP(A98,Лист1!$B$1:$Q$28,4,0) -> #N/A | I98: CT | J98: SHANGHAI JINGPUMECHANICAL & ELECTRICAL TECHNOLOGY CO.,LTD. | K98: Китай | L98: отсутствует | M98: отсутствует | N98: шт | O98: =#REF!+#REF!*0.05 -> #REF! | P98: =O98+O98*0.094 -> #REF!
B99: =VLOOKUP(A99,Лист1!$B$1:$Q$28,2,0) -> #N/A | C99: =VLOOKUP(A99,Лист1!$B$1:$Q$28,5,0) -> #N/A | E99: =VLOOKUP(A99,Лист1!$B$1:$Q$28,3,0) -> #N/A | F99: =E99*D99 -> #N/A | G99: =VLOOKUP(A99,Лист1!$B$1:$Q$28,4,0) -> #N/A | I99: CT | J99: SHANGHAI JINGPUMECHANICAL & ELECTRICAL TECHNOLOGY CO.,LTD. | K99: Китай | L99: отсутствует | M99: отсутствует | N99: шт | P99: =O99+O99*0.094 -> 0
B100: =VLOOKUP(A100,Лист1!$B$1:$Q$28,2,0) -> #N/A | C100: =VLOOKUP(A100,Лист1!$B$1:$Q$28,5,0) -> #N/A | E100: =VLOOKUP(A100,Лист1!$B$1:$Q$28,3,0) -> #N/A | F100: =E100*D100 -> #N/A | G100: =VLOOKUP(A100,Лист1!$B$1:$Q$28,4,0) -> #N/A | I100: CT | J100: SHANGHAI JINGPUMECHANICAL & ELECTRICAL TECHNOLOGY CO.,LTD. | K100: Китай | L100: отсутствует | M100: отсутствует | N100: шт | P100: =O100+O100*0.094 -> 0
B101: =VLOOKUP(A101,Лист1!$B$1:$Q$28,2,0) -> #N/A | C101: =VLOOKUP(A101,Лист1!$B$1:$Q$28,5,0) -> #N/A | E101: =VLOOKUP(A101,Лист1!$B$1:$Q$28,3,0) -> #N/A | F101: =E101*D101 -> #N/A | G101: =VLOOKUP(A101,Лист1!$B$1:$Q$28,4,0) -> #N/A | I101: CT | J101: SHANGHAI JINGPUMECHANICAL & ELECTRICAL TECHNOLOGY CO.,LTD. | K101: Китай | L101: отсутствует | M101: отсутствует | N101: шт | P101: =O101+O101*0.094 -> 0
B102: =VLOOKUP(A102,Лист1!$B$1:$Q$28,2,0) -> #N/A | C102: =VLOOKUP(A102,Лист1!$B$1:$Q$28,5,0) -> #N/A | E102: =VLOOKUP(A102,Лист1!$B$1:$Q$28,3,0) -> #N/A | F102: =E102*D102 -> #N/A | G102: =VLOOKUP(A102,Лист1!$B$1:$Q$28,4,0) -> #N/A | I102: CT | J102: SHANGHAI JINGPUMECHANICAL & ELECTRICAL TECHNOLOGY CO.,LTD. | K102: Китай | L102: отсутствует | M102: отсутствует | N102: шт | P102: =O102+O102*0.094 -> 0
B103: =VLOOKUP(A103,Лист1!$B$1:$Q$28,2,0) -> #N/A | C103: =VLOOKUP(A103,Лист1!$B$1:$Q$28,5,0) -> #N/A | E103: =VLOOKUP(A103,Лист1!$B$1:$Q$28,3,0) -> #N/A | F103: =E103*D103 -> #N/A | G103: =VLOOKUP(A103,Лист1!$B$1:$Q$28,4,0) -> #N/A | I103: CT | J103: SHANGHAI JINGPUMECHANICAL & ELECTRICAL TECHNOLOGY CO.,LTD. | K103: Китай | L103: отсутствует | M103: отсутствует | N103: шт | P103: =O103+O103*0.094 -> 0
B104: =VLOOKUP(A104,Лист1!$B$1:$Q$28,2,0) -> #N/A | C104: =VLOOKUP(A104,Лист1!$B$1:$Q$28,5,0) -> #N/A | E104: =VLOOKUP(A104,Лист1!$B$1:$Q$28,3,0) -> #N/A | F104: =E104*D104 -> #N/A | G104: =VLOOKUP(A104,Лист1!$B$1:$Q$28,4,0) -> #N/A | I104: CT | J104: SHANGHAI JINGPUMECHANICAL & ELECTRICAL TECHNOLOGY CO.,LTD. | K104: Китай | L104: отсутствует | M104: отсутствует | N104: шт | P104: =O104+O104*0.094 -> 0
B105: =VLOOKUP(A105,Лист1!$B$1:$Q$28,2,0) -> #N/A | C105: =VLOOKUP(A105,Лист1!$B$1:$Q$28,5,0) -> #N/A | E105: =VLOOKUP(A105,Лист1!$B$1:$Q$28,3,0) -> #N/A | F105: =E105*D105 -> #N/A | G105: =VLOOKUP(A105,Лист1!$B$1:$Q$28,4,0) -> #N/A | I105: CT | J105: SHANGHAI JINGPUMECHANICAL & ELECTRICAL TECHNOLOGY CO.,LTD. | K105: Китай | L105: отсутствует | M105: отсутствует | N105: шт | P105: =O105+O105*0.094 -> 0
B106: =VLOOKUP(A106,Лист1!$B$1:$Q$28,2,0) -> #N/A | C106: =VLOOKUP(A106,Лист1!$B$1:$Q$28,5,0) -> #N/A | E106: =VLOOKUP(A106,Лист1!$B$1:$Q$28,3,0) -> #N/A | F106: =E106*D106 -> #N/A | G106: =VLOOKUP(A106,Лист1!$B$1:$Q$28,4,0) -> #N/A | I106: CT | J106: SHANGHAI JINGPUMECHANICAL & ELECTRICAL TECHNOLOGY CO.,LTD. | K106: Китай | L106: отсутствует | M106: отсутствует | N106: шт | P106: =O106+O106*0.094 -> 0
B107: =VLOOKUP(A107,Лист1!$B$1:$Q$28,2,0) -> #N/A | C107: =VLOOKUP(A107,Лист1!$B$1:$Q$28,5,0) -> #N/A | E107: =VLOOKUP(A107,Лист1!$B$1:$Q$28,3,0) -> #N/A | F107: =E107*D107 -> #N/A | G107: =VLOOKUP(A107,Лист1!$B$1:$Q$28,4,0) -> #N/A | I107: CT | J107: SHANGHAI JINGPUMECHANICAL & ELECTRICAL TECHNOLOGY CO.,LTD. | K107: Китай | L107: отсутствует | M107: отсутствует | N107: шт | P107: =O107+O107*0.094 -> 0
B108: =VLOOKUP(A108,Лист1!$B$1:$Q$28,2,0) -> #N/A | C108: =VLOOKUP(A108,Лист1!$B$1:$Q$28,5,0) -> #N/A | E108: =VLOOKUP(A108,Лист1!$B$1:$Q$28,3,0) -> #N/A | F108: =E108*D108 -> #N/A | G108: =VLOOKUP(A108,Лист1!$B$1:$Q$28,4,0) -> #N/A | I108: CT | J108: SHANGHAI JINGPUMECHANICAL & ELECTRICAL TECHNOLOGY CO.,LTD. | K108: Китай | L108: отсутствует | M108: отсутствует | N108: шт | P108: =O108+O108*0.094 -> 0
B109: =VLOOKUP(A109,Лист1!$B$1:$Q$28,2,0) -> #N/A | C109: =VLOOKUP(A109,Лист1!$B$1:$Q$28,5,0) -> #N/A | E109: =VLOOKUP(A109,Лист1!$B$1:$Q$28,3,0) -> #N/A | F109: =E109*D109 -> #N/A | G109: =VLOOKUP(A109,Лист1!$B$1:$Q$28,4,0) -> #N/A | I109: CT | J109: SHANGHAI JINGPUMECHANICAL & ELECTRICAL TECHNOLOGY CO.,LTD. | K109: Китай | L109: отсутствует | M109: отсутствует | N109: шт | P109: =O109+O109*0.094 -> 0
B110: =VLOOKUP(A110,Лист1!$B$1:$Q$28,2,0) -> #N/A | C110: =VLOOKUP(A110,Лист1!$B$1:$Q$28,5,0) -> #N/A | E110: =VLOOKUP(A110,Лист1!$B$1:$Q$28,3,0) -> #N/A | F110: =E110*D110 -> #N/A | G110: =VLOOKUP(A110,Лист1!$B$1:$Q$28,4,0) -> #N/A | I110: CT | J110: SHANGHAI JINGPUMECHANICAL & ELECTRICAL TECHNOLOGY CO.,LTD. | K110: Китай | L110: отсутствует | M110: отсутствует | N110: шт | P110: =O110+O110*0.094 -> 0
... B118: =VLOOKUP(A118,Лист1!$B$1:$Q$28,2,0) -> #N/A | C118: =VLOOKUP(A118,Лист1!$B$1:$Q$28,5,0) -> #N/A | E118: =VLOOKUP(A118,Лист1!$B$1:$Q$28,3,0) -> #N/A | F118: =E118*D118 -> #N/A | G118: =VLOOKUP(A118,Лист1!$B$1:$Q$28,4,0) -> #N/A | I118: CT | J118: SHANGHAI JINGPUMECHANICAL & ELECTRICAL TECHNOLOGY CO.,LTD. | K118: Китай | L118: отсутствует | M118: отсутствует | N118: шт | P118: =O118+O118*0.094 -> 0
B119: =VLOOKUP(#REF!,Лист1!$B$1:$J$82,2,0) -> #REF! | C119: =VLOOKUP(A119,Лист1!$B$1:$Q$28,5,0) -> #N/A | E119: =VLOOKUP(A119,Лист1!$B$1:$Q$28,3,0) -> #N/A | F119: =E119*D119 -> #N/A | G119: =VLOOKUP(A119,Лист1!$B$1:$Q$28,4,0) -> #N/A | I119: CT | J119: SHANGHAI JINGPUMECHANICAL & ELECTRICAL TECHNOLOGY CO.,LTD. | K119: Китай | L119: отсутствует | M119: отсутствует | N119: шт | P119: =O119+O119*0.094 -> 0
B120: =VLOOKUP(#REF!,Лист1!$B$1:$J$82,2,0) -> #REF! | C120: =VLOOKUP(A120,Лист1!$B$1:$Q$28,5,0) -> #N/A | E120: =VLOOKUP(A120,Лист1!$B$1:$Q$28,3,0) -> #N/A | F120: =E120*D120 -> #N/A | G120: =VLOOKUP(A120,Лист1!$B$1:$Q$28,4,0) -> #N/A | I120: CT | J120: SHANGHAI JINGPUMECHANICAL & ELECTRICAL TECHNOLOGY CO.,LTD. | K120: Китай | L120: отсутствует | M120: отсутствует | N120: шт | P120: =O120+O120*0.094 -> 0
B121: =VLOOKUP(#REF!,Лист1!$B$1:$J$82,2,0) -> #REF! | C121: =VLOOKUP(A121,Лист1!$B$1:$Q$28,5,0) -> #N/A | E121: =VLOOKUP(A121,Лист1!$B$1:$Q$28,3,0) -> #N/A | F121: =E121*D121 -> #N/A | G121: =VLOOKUP(A121,Лист1!$B$1:$Q$28,4,0) -> #N/A | I121: CT | J121: SHANGHAI JINGPUMECHANICAL & ELECTRICAL TECHNOLOGY CO.,LTD. | K121: Китай | L121: отсутствует | M121: отсутствует | N121: шт | P121: =O121+O121*0.094 -> 0
B122: =VLOOKUP(#REF!,Лист1!$B$1:$J$82,2,0) -> #REF! | C122: =VLOOKUP(A122,Лист1!$B$1:$Q$28,5,0) -> #N/A | E122: =VLOOKUP(A122,Лист1!$B$1:$Q$28,3,0) -> #N/A | F122: =E122*D122 -> #N/A | G122: =VLOOKUP(A122,Лист1!$B$1:$Q$28,4,0) -> #N/A | I122: CT | J122: SHANGHAI JINGPUMECHANICAL & ELECTRICAL TECHNOLOGY CO.,LTD. | K122: Китай | L122: отсутствует | M122: отсутствует | N122: шт | P122: =O122+O122*0.094 -> 0
B123: =VLOOKUP(#REF!,Лист1!$B$1:$J$82,2,0) -> #REF! | C123: =VLOOKUP(A123,Лист1!$B$1:$Q$28,5,0) -> #N/A | E123: =VLOOKUP(A123,Лист1!$B$1:$Q$28,3,0) -> #N/A | F123: =E123*D123 -> #N/A | G123: =VLOOKUP(A123,Лист1!$B$1:$Q$28,4,0) -> #N/A | I123: CT | J123: SHANGHAI JINGPUMECHANICAL & ELECTRICAL TECHNOLOGY CO.,LTD. | K123: Китай | L123: отсутствует | M123: отсутствует | N123: шт | P123: =O123+O123*0.094 -> 0
B124: =VLOOKUP(#REF!,Лист1!$B$1:$J$82,2,0) -> #REF! | C124: =VLOOKUP(A124,Лист1!$B$1:$Q$28,5,0) -> #N/A | E124: =VLOOKUP(A124,Лист1!$B$1:$Q$28,3,0) -> #N/A | F124: =E124*D124 -> #N/A | G124: =VLOOKUP(A124,Лист1!$B$1:$Q$28,4,0) -> #N/A | I124: CT | J124: SHANGHAI JINGPUMECHANICAL & ELECTRICAL TECHNOLOGY CO.,LTD. | K124: Китай | L124: отсутствует | M124: отсутствует | N124: шт | P124: =O124+O124*0.094 -> 0
B125: =VLOOKUP(#REF!,Лист1!$B$1:$J$82,2,0) -> #REF! | C125: =VLOOKUP(A125,Лист1!$B$1:$Q$28,5,0) -> #N/A | E125: =VLOOKUP(A125,Лист1!$B$1:$Q$28,3,0) -> #N/A | G125: =VLOOKUP(A125,Лист1!$B$1:$Q$28,4,0) -> #N/A | I125: CT | J125: SHANGHAI JINGPUMECHANICAL & ELECTRICAL TECHNOLOGY CO.,LTD. | K125: Китай | L125: отсутствует | M125: отсутствует | N125: шт | P125: =O125+O125*0.094 -> 0
B126: =VLOOKUP(#REF!,Лист1!$B$1:$J$82,2,0) -> #REF! | C126: =VLOOKUP(A126,Лист1!$B$1:$Q$28,5,0) -> #N/A | E126: =VLOOKUP(A126,Лист1!$B$1:$Q$28,3,0) -> #N/A | G126: =VLOOKUP(A126,Лист1!$B$1:$Q$28,4,0) -> #N/A | I126: CT | J126: SHANGHAI JINGPUMECHANICAL & ELECTRICAL TECHNOLOGY CO.,LTD. | K126: Китай | L126: отсутствует | M126: отсутствует | N126: шт | P126: =O126+O126*0.094 -> 0
B127: =VLOOKUP(#REF!,Лист1!$B$1:$J$82,2,0) -> #REF! | C127: =VLOOKUP(A127,Лист1!$B$1:$Q$28,5,0) -> #N/A | E127: =VLOOKUP(A127,Лист1!$B$1:$Q$28,3,0) -> #N/A | G127: =VLOOKUP(A127,Лист1!$B$1:$Q$28,4,0) -> #N/A | I127: CT | J127: SHANGHAI JINGPUMECHANICAL & ELECTRICAL TECHNOLOGY CO.,LTD. | K127: Китай | L127: отсутствует | M127: отсутствует | N127: шт | P127: =O127+O127*0.094 -> 0
B128: =VLOOKUP(#REF!,Лист1!$B$1:$J$82,2,0) -> #REF! | C128: =VLOOKUP(A128,Лист1!$B$1:$Q$28,5,0) -> #N/A | E128: =VLOOKUP(A128,Лист1!$B$1:$Q$28,3,0) -> #N/A | G128: =VLOOKUP(A128,Лист1!$B$1:$Q$28,4,0) -> #N/A | I128: CT | J128: SHANGHAI JINGPUMECHANICAL & ELECTRICAL TECHNOLOGY CO.,LTD. | K128: Китай | L128: отсутствует | M128: отсутствует | N128: шт | P128: =O128+O128*0.094 -> 0
B129: =VLOOKUP(#REF!,Лист1!$B$1:$J$82,2,0) -> #REF! | C129: =VLOOKUP(A129,Лист1!$B$1:$Q$28,5,0) -> #N/A | E129: =VLOOKUP(A129,Лист1!$B$1:$Q$28,3,0) -> #N/A | G129: =VLOOKUP(A129,Лист1!$B$1:$Q$28,4,0) -> #N/A | I129: CT | J129: SHANGHAI JINGPUMECHANICAL & ELECTRICAL TECHNOLOGY CO.,LTD. | K129: Китай | L129: отсутствует | M129: отсутствует | N129: шт | P129: =O129+O129*0.094 -> 0
B130: =VLOOKUP(#REF!,Лист1!$B$1:$J$82,2,0) -> #REF! | C130: =VLOOKUP(A130,Лист1!$B$1:$Q$28,5,0) -> #N/A | E130: =VLOOKUP(A130,Лист1!$B$1:$Q$28,3,0) -> #N/A | G130: =VLOOKUP(A130,Лист1!$B$1:$Q$28,4,0) -> #N/A | I130: CT | J130: SHANGHAI JINGPUMECHANICAL & ELECTRICAL TECHNOLOGY CO.,LTD. | K130: Китай | L130: отсутствует | M130: отсутствует | N130: шт | P130: =O130+O130*0.094 -> 0
B131: =VLOOKUP(#REF!,Лист1!$B$1:$J$82,2,0) -> #REF! | C131: =VLOOKUP(A131,Лист1!$B$1:$Q$28,5,0) -> #N/A | E131: =VLOOKUP(A131,Лист1!$B$1:$Q$28,3,0) -> #N/A | G131: =VLOOKUP(A131,Лист1!$B$1:$Q$28,4,0) -> #N/A | I131: CT | J131: SHANGHAI JINGPUMECHANICAL & ELECTRICAL TECHNOLOGY CO.,LTD. | K131: Китай | L131: отсутствует | M131: отсутствует | N131: шт | P131: =O131+O131*0.094 -> 0
B132: =VLOOKUP(#REF!,Лист1!$B$1:$J$82,2,0) -> #REF! | C132: =VLOOKUP(A132,Лист1!$B$1:$Q$28,5,0) -> #N/A | E132: =VLOOKUP(A132,Лист1!$B$1:$Q$28,3,0) -> #N/A | G132: =VLOOKUP(A132,Лист1!$B$1:$Q$28,4,0) -> #N/A | I132: CT | J132: SHANGHAI JINGPUMECHANICAL & ELECTRICAL TECHNOLOGY CO.,LTD. | K132: Китай | L132: отсутствует | M132: отсутствует | N132: шт | P132: =O132+O132*0.094 -> 0
B133: =VLOOKUP(#REF!,Лист1!$B$1:$J$82,2,0) -> #REF! | C133: =VLOOKUP(A133,Лист1!$B$1:$Q$28,5,0) -> #N/A | E133: =VLOOKUP(A133,Лист1!$B$1:$Q$28,3,0) -> #N/A | G133: =VLOOKUP(A133,Лист1!$B$1:$Q$28,4,0) -> #N/A | I133: CT | J133: SHANGHAI JINGPUMECHANICAL & ELECTRICAL TECHNOLOGY CO.,LTD. | K133: Китай | L133: отсутствует | M133: отсутствует | N133: шт | P133: =O133+O133*0.094 -> 0
B134: =VLOOKUP(#REF!,Лист1!$B$1:$J$82,2,0) -> #REF! | C134: =VLOOKUP(A134,Лист1!$B$1:$Q$28,5,0) -> #N/A | E134: =VLOOKUP(A134,Лист1!$B$1:$Q$28,3,0) -> #N/A | G134: =VLOOKUP(A134,Лист1!$B$1:$Q$28,4,0) -> #N/A | I134: CT | J134: SHANGHAI JINGPUMECHANICAL & ELECTRICAL TECHNOLOGY CO.,LTD. | K134: Китай | L134: отсутствует | M134: отсутствует | N134: шт | P134: =O134+O134*0.094 -> 0
B135: =VLOOKUP(#REF!,Лист1!$B$1:$J$82,2,0) -> #REF! | C135: =VLOOKUP(A135,Лист1!$B$1:$Q$28,5,0) -> #N/A | E135: =VLOOKUP(A135,Лист1!$B$1:$Q$28,3,0) -> #N/A | G135: =VLOOKUP(A135,Лист1!$B$1:$Q$28,4,0) -> #N/A | I135: CT | J135: SHANGHAI JINGPUMECHANICAL & ELECTRICAL TECHNOLOGY CO.,LTD. | K135: Китай | L135: отсутствует | M135: отсутствует | N135: шт | P135: =O135+O135*0.094 -> 0
B136: =VLOOKUP(#REF!,Лист1!$B$1:$J$82,2,0) -> #REF! | C136: =VLOOKUP(A136,Лист1!$B$1:$Q$28,5,0) -> #N/A | E136: =VLOOKUP(A136,Лист1!$B$1:$Q$28,3,0) -> #N/A | G136: =VLOOKUP(A136,Лист1!$B$1:$Q$28,4,0) -> #N/A | I136: CT | J136: SHANGHAI JINGPUMECHANICAL & ELECTRICAL TECHNOLOGY CO.,LTD. | K136: Китай | L136: отсутствует | M136: отсутствует | N136: шт | P136: =O136+O136*0.094 -> 0
... B146: =VLOOKUP(#REF!,Лист1!$B$1:$J$82,2,0) -> #REF! | C146: =VLOOKUP(A146,Лист1!$B$1:$Q$28,5,0) -> #N/A | E146: =VLOOKUP(A146,Лист1!$B$1:$Q$28,3,0) -> #N/A | G146: =VLOOKUP(A146,Лист1!$B$1:$Q$28,4,0) -> #N/A | I146: CT | J146: SHANGHAI JINGPUMECHANICAL & ELECTRICAL TECHNOLOGY CO.,LTD. | K146: Китай | L146: отсутствует | M146: отсутствует | N146: шт | P146: =O146+O146*0.094 -> 0
B147: =VLOOKUP(#REF!,Лист1!$B$1:$J$82,2,0) -> #REF! | C147: =VLOOKUP(A147,Лист1!$B$1:$Q$28,5,0) -> #N/A | E147: =VLOOKUP(A147,Лист1!$B$1:$Q$28,3,0) -> #N/A | G147: =VLOOKUP(A147,Лист1!$B$1:$Q$28,4,0) -> #N/A | I147: CT | J147: SHANGHAI JINGPUMECHANICAL & ELECTRICAL TECHNOLOGY CO.,LTD. | K147: Китай | L147: отсутствует | M147: отсутствует | N147: шт | O147: =#REF!*D147 -> #REF! | P147: =O147+O147*0.094 -> #REF!
B148: =VLOOKUP(#REF!,Лист1!$B$1:$J$82,2,0) -> #REF! | C148: =VLOOKUP(A148,Лист1!$B$1:$Q$28,5,0) -> #N/A | E148: =VLOOKUP(A148,Лист1!$B$1:$Q$28,3,0) -> #N/A | G148: =VLOOKUP(A148,Лист1!$B$1:$Q$28,4,0) -> #N/A | I148: CT | J148: SHANGHAI JINGPUMECHANICAL & ELECTRICAL TECHNOLOGY CO.,LTD. | K148: Китай | L148: отсутствует | M148: отсутствует | N148: шт | O148: =#REF!*D148 -> #REF! | P148: =O148+O148*0.094 -> #REF!
B149: =VLOOKUP(#REF!,Лист1!$B$1:$J$82,2,0) -> #REF! | C149: =VLOOKUP(A149,Лист1!$B$1:$Q$28,5,0) -> #N/A | E149: =VLOOKUP(A149,Лист1!$B$1:$Q$28,3,0) -> #N/A | G149: =VLOOKUP(A149,Лист1!$B$1:$Q$28,4,0) -> #N/A | I149: CT | J149: SHANGHAI JINGPUMECHANICAL & ELECTRICAL TECHNOLOGY CO.,LTD. | K149: Китай | L149: отсутствует | M149: отсутствует | N149: шт | O149: =#REF!*D149 -> #REF! | P149: =O149+O149*0.094 -> #REF!
B150: =VLOOKUP(#REF!,Лист1!$B$1:$J$82,2,0) -> #REF! | C150: =VLOOKUP(A150,Лист1!$B$1:$Q$28,5,0) -> #N/A | E150: =VLOOKUP(A150,Лист1!$B$1:$Q$28,3,0) -> #N/A | G150: =VLOOKUP(A150,Лист1!$B$1:$Q$28,4,0) -> #N/A | I150: CT | J150: SHANGHAI JINGPUMECHANICAL & ELECTRICAL TECHNOLOGY CO.,LTD. | K150: Китай | L150: отсутствует | M150: отсутствует | N150: шт | O150: =#REF!*D150 -> #REF! | P150: =O150+O150*0.094 -> #REF!
B151: =VLOOKUP(#REF!,Лист1!$B$1:$J$82,2,0) -> #REF! | C151: =VLOOKUP(A151,Лист1!$B$1:$Q$28,5,0) -> #N/A | E151: =VLOOKUP(A151,Лист1!$B$1:$Q$28,3,0) -> #N/A | G151: =VLOOKUP(A151,Лист1!$B$1:$Q$28,4,0) -> #N/A | I151: CT | J151: SHANGHAI JINGPUMECHANICAL & ELECTRICAL TECHNOLOGY CO.,LTD. | K151: Китай | L151: отсутствует | M151: отсутствует | N151: шт | O151: =#REF!*D151 -> #REF! | P151: =O151+O151*0.094 -> #REF!
B152: =VLOOKUP(#REF!,Лист1!$B$1:$J$82,2,0) -> #REF! | C152: =VLOOKUP(A152,Лист1!$B$1:$Q$28,5,0) -> #N/A | E152: =VLOOKUP(A152,Лист1!$B$1:$Q$28,3,0) -> #N/A | G152: =VLOOKUP(A152,Лист1!$B$1:$Q$28,4,0) -> #N/A | I152: CT | J152: SHANGHAI JINGPUMECHANICAL & ELECTRICAL TECHNOLOGY CO.,LTD. | K152: Китай | L152: отсутствует | M152: отсутствует | N152: шт | O152: =#REF!*D152 -> #REF! | P152: =O152+O152*0.094 -> #REF!
...

Sheet Лист1
B1: Модель | C1: Код ТН ВЭД | D1: Стоимость за единицу | E1: Наименование | F1: Прочее | G1: Номер ДС | H1: дата ДС | I1: дата начала действия ДС | J1: дата окончания действия ДС | K1: Номер СС | L1: дата СС | M1: дата начала действия СС | N1: дата окончания действия СС | O1: Артикул | P1: Тов знак | Q1: Вес изделия за единицу
B2: L-42-5050 | E2: СВЕТОДИОДНАЯ ПЛАТА L-42-5050 С 42 СВЕТОДИОДАМИ. ПОСТОЯННЫЙ ТОК: 67 ВОЛЬТ - 1100 ШТ. ЦЕНА 5,85 ЕВРО/ШТ. ГАБАРИТНЫЕ РАЗМЕРЫ, ММ: 252Х120Х2 | O2: Отсутствует | P2: Отсутствует
B3: LO-28-5050 | C3: 8541401004 | D3: 3 | E3: СВЕТОДИОДНАЯ ПЛАТА LO-28-5050 С 28 СВЕТОДИОДАМИ. ПОСТОЯННЫЙ ТОК: 67 ВОЛЬТ - 3060 ШТ. ГАБАРИТНЫЕ РАЗМЕРЫ, ММ: 219Х54Х2 | F3: СВЕТОДИОДНАЯ ПЛАТА НА АЛЮМИНИЕВОЙ ОСНОВЕ СО СВЕТОДИОДАМИ, (ИСПОЛЬЗУЕТСЯ КАК КОМПЛЕКТУЮЩЕЕ ДЛЯ ИЗГОТОВЛЕНИЯ СВЕТОДИОДНОГО ОСВЕТИТЕЛЬНОГО ОБОРУДОВАНИЯ). ОБЛАСТЬ ПРИМЕНЕНИЯ ПРОМЫШЛЕННЫЕ ПОМЕЩЕНИЯ,УЛИЧНЫЕ ПЛОЩАДКИ. НЕ ЛОМ. НЕ ОТХОДЫ. НЕ ЯВЛЯЕТСЯ ГОТОВЫМ И САМОСТОЯТЕЛЬНЫМ ИЗДЕЛИЕМ. НЕ ЯВЛЯЕТСЯ ЛАМПОЙ. ТИП ПОЛУПРОВОДНИКА: P-N. ОБЩЕПРИНЯТОЕ НАИМЕНОВАНИЕ СВЕТОДИОДЫ. | O3: Отсутствует | P3: Отсутствует | Q3: 0.049
B4: LO-28-5050 RED | C4: 8541401004 | D4: 6.5 | E4: СВЕТОДИОДНАЯ ПЛАТА LO-28-5050 С 28 СВЕТОДИОДАМИ. ПОСТОЯННЫЙ ТОК: 67 ВОЛЬТ - 3060 ШТ. ГАБАРИТНЫЕ РАЗМЕРЫ, ММ: 219Х54Х2 | F4: СВЕТОДИОДНАЯ ПЛАТА НА АЛЮМИНИЕВОЙ ОСНОВЕ СО СВЕТОДИОДАМИ, (ИСПОЛЬЗУЕТСЯ КАК КОМПЛЕКТУЮЩЕЕ ДЛЯ ИЗГОТОВЛЕНИЯ СВЕТОДИОДНОГО ОСВЕТИТЕЛЬНОГО ОБОРУДОВАНИЯ). ОБЛАСТЬ ПРИМЕНЕНИЯ ПРОМЫШЛЕННЫЕ ПОМЕЩЕНИЯ,УЛИЧНЫЕ ПЛОЩАДКИ. НЕ ЛОМ. НЕ ОТХОДЫ. НЕ ЯВЛЯЕТСЯ ГОТОВЫМ И САМОСТОЯТЕЛЬНЫМ ИЗДЕЛИЕМ. НЕ ЯВЛЯЕТСЯ ЛАМПОЙ. ТИП ПОЛУПРОВОДНИКА: P-N. ОБЩЕПРИНЯТОЕ НАИМЕНОВАНИЕ СВЕТОДИОДЫ. | O4: Отсутствует | P4: Отсутствует | Q4: 0.049
B5: LO-28-5050 GREEN | C5: 8541401004 | D5: 6.5 | E5: СВЕТОДИОДНАЯ ПЛАТА LO-28-5050 С 28 СВЕТОДИОДАМИ. ПОСТОЯННЫЙ ТОК: 67 ВОЛЬТ - 3060 ШТ. ГАБАРИТНЫЕ РАЗМЕРЫ, ММ: 219Х54Х3 | F5: СВЕТОДИОДНАЯ ПЛАТА НА АЛЮМИНИЕВОЙ ОСНОВЕ СО СВЕТОДИОДАМИ, (ИСПОЛЬЗУЕТСЯ КАК КОМПЛЕКТУЮЩЕЕ ДЛЯ ИЗГОТОВЛЕНИЯ СВЕТОДИОДНОГО ОСВЕТИТЕЛЬНОГО ОБОРУДОВАНИЯ). ОБЛАСТЬ ПРИМЕНЕНИЯ ПРОМЫШЛЕННЫЕ ПОМЕЩЕНИЯ,УЛИЧНЫЕ ПЛОЩАДКИ. НЕ ЛОМ. НЕ ОТХОДЫ. НЕ ЯВЛЯЕТСЯ ГОТОВЫМ И САМОСТОЯТЕЛЬНЫМ ИЗДЕЛИЕМ. НЕ ЯВЛЯЕТСЯ ЛАМПОЙ. ТИП ПОЛУПРОВОДНИКА: P-N. ОБЩЕПРИНЯТОЕ НАИМЕНОВАНИЕ СВЕТОДИОДЫ. | O5: Отсутствует | P5: Отсутствует | Q5: 1.049
B6: LO-28-5050 BLUE | C6: 8541401004 | D6: 4.4 | E6: СВЕТОДИОДНАЯ ПЛАТА LO-28-5050 С 28 СВЕТОДИОДАМИ. ПОСТОЯННЫЙ ТОК: 67 ВОЛЬТ - 3060 ШТ. ГАБАРИТНЫЕ РАЗМЕРЫ, ММ: 219Х54Х4 | F6: СВЕТОДИОДНАЯ ПЛАТА НА АЛЮМИНИЕВОЙ ОСНОВЕ СО СВЕТОДИОДАМИ, (ИСПОЛЬЗУЕТСЯ КАК КОМПЛЕКТУЮЩЕЕ ДЛЯ ИЗГОТОВЛЕНИЯ СВЕТОДИОДНОГО ОСВЕТИТЕЛЬНОГО ОБОРУДОВАНИЯ). ОБЛАСТЬ ПРИМЕНЕНИЯ ПРОМЫШЛЕННЫЕ ПОМЕЩЕНИЯ,УЛИЧНЫЕ ПЛОЩАДКИ. НЕ ЛОМ. НЕ ОТХОДЫ. НЕ ЯВЛЯЕТСЯ ГОТОВЫМ И САМОСТОЯТЕЛЬНЫМ ИЗДЕЛИЕМ. НЕ ЯВЛЯЕТСЯ ЛАМПОЙ. ТИП ПОЛУПРОВОДНИКА: P-N. ОБЩЕПРИНЯТОЕ НАИМЕНОВАНИЕ СВЕТОДИОДЫ.
B7: LO-28-5050/2 | C7: 8541401004 | E7: СВЕТОДИОДНАЯ ПЛАТА LO-28-5050/2 С 28 СВЕТОДИОДАМИ. ПОСТОЯННЫЙ ТОК: 48 ВОЛЬТ - 31000 ШТ. ЦЕНА 4,58 ДОЛЛ.США/ШТ. ГАБАРИТНЫЕ РАЗМЕРЫ, ММ: 219Х54Х2 | F7: СВЕТОДИОДНАЯ ПЛАТА НА АЛЮМИНИЕВОЙ ОСНОВЕ СО СВЕТОДИОДАМИ, (ИСПОЛЬЗУЕТСЯ КАК КОМПЛЕКТУЮЩЕЕ ДЛЯ ИЗГОТОВЛЕНИЯ СВЕТОДИОДНОГО ОСВЕТИТЕЛЬНОГО ОБОРУДОВАНИЯ). ОБЛАСТЬ ПРИМЕНЕНИЯ ПРОМЫШЛЕННЫЕ ПОМЕЩЕНИЯ,УЛИЧНЫЕ ПЛОЩАДКИ. НЕ ЛОМ. НЕ ОТХОДЫ. НЕ ЯВЛЯЕТСЯ ГОТОВЫМ И САМОСТОЯТЕЛЬНЫМ ИЗДЕЛИЕМ. НЕ ЯВЛЯЕТСЯ ЛАМПОЙ. ТИП ПОЛУПРОВОДНИКА: P-N. ОБЩЕПРИНЯТОЕ НАИМЕНОВАНИЕ СВЕТОДИОДЫ. | O7: Отсутствует | P7: Отсутствует | Q7: 0.049
B9: L-26-2835-79 | O9: Отсутствует | P9: Отсутствует
B10: L-26-2835-80 | C10: 8541401004 | D10: 0.74 | E10: СВЕТОДИОДНАЯ ПЛАТА L-26-2835-80 С 26 СВЕТОДИОДАМИ. ПОСТОЯННЫЙ ТОК: 11 ВОЛЬТ - 600 ШТ. ЦЕНА 0,74 ЕВРО/ШТ. ГАБАРИТНЫЕ РАЗМЕРЫ, ММ: 470Х12Х1 В 1 КАРТОННОЙ КОРОБКЕ. | F10: СВЕТОДИОДНАЯ ПЛАТА НА АЛЮМИНИЕВОЙ ОСНОВЕ СО СВЕТОДИОДАМИ, (ИСПОЛЬЗУЕТСЯ КАК КОМПЛЕКТУЮЩЕЕ ДЛЯ ИЗГОТОВЛЕНИЯ СВЕТОДИОДНОГО ОСВЕТИТЕЛЬНОГО ОБОРУДОВАНИЯ). ОБЛАСТЬ ПРИМЕНЕНИЯ ПРОМЫШЛЕННЫЕ ПОМЕЩЕНИЯ,УЛИЧНЫЕ ПЛОЩАДКИ. НЕ ЛОМ. НЕ ОТХОДЫ. НЕ ЯВЛЯЕТСЯ ГОТОВЫМ И САМОСТОЯТЕЛЬНЫМ ИЗДЕЛИЕМ. НЕ ЯВЛЯЕТСЯ ЛАМПОЙ. ТИП ПОЛУПРОВОДНИКА: P-N. ОБЩЕПРИНЯТОЕ НАИМЕНОВАНИЕ СВЕТОДИОДЫ. | O10: Отсутствует | P10: Отсутствует | Q10: 0.0135416
B11: BOARD, 26PCS 2835 LED, 2S13P | C11: 8541410004 | D11: 1 | E11: СВЕТОДИОДНАЯ ПЛАТА BOARD, 26PCS 2835 LED, 2S13P С 26 СВЕТОДИОДАМИ. ПОСТОЯННЫЙ ТОК: 18 ВОЛЬТ. ТЕМПЕРАТУРА СВЕЧЕНИЯ: 4000K - 6640 ШТ. ЦЕНА 0,89 ДОЛЛ.США/ШТ. ГАБАРИТНЫЕ РАЗМЕРЫ, ММ: 470Х14Х1. В 6 КАРТОННЫХ КОРОБКАХ. | F11: СВЕТОДИОДНАЯ ПЛАТА НА АЛЮМИНИЕВОЙ ОСНОВЕ СО СВЕТОДИОДАМИ, (ИСПОЛЬЗУЕТСЯ КАК КОМПЛЕКТУЮЩЕЕ ДЛЯ ИЗГОТОВЛЕНИЯ СВЕТОДИОДНОГО ОСВЕТИТЕЛЬНОГО ОБОРУДОВАНИЯ). ОБЛАСТЬ ПРИМЕНЕНИЯ ПРОМЫШЛЕННЫЕ ПОМЕЩЕНИЯ,УЛИЧНЫЕ ПЛОЩАДКИ. НЕ ЛОМ. НЕ ОТХОДЫ. НЕ ЯВЛЯЕТСЯ ГОТОВЫМ И САМОСТОЯТЕЛЬНЫМ ИЗДЕЛИЕМ. НЕ ЯВЛЯЕТСЯ ЛАМПОЙ. ТИП ПОЛУПРОВОДНИКА: P-N. ОБЩЕПРИНЯТОЕ НАИМЕНОВАНИЕ СВЕТОДИОДЫ. | O11: Отсутствует | P11: Отсутствует | Q11: 0.018
B12: L-26-2835-90 | C12: 8541401004 | D12: 0.84 | E12: СВЕТОДИОДНАЯ ПЛАТА L-26-2835-90 С 26 СВЕТОДИОДАМИ. ПОСТОЯННЫЙ ТОК: 11 ВОЛЬТ - 600 ШТ. ЦЕНА 0,84 ЕВРО/ШТ. ГАБАРИТНЫЕ РАЗМЕРЫ, ММ: 470Х12Х1 | F12: СВЕТОДИОДНАЯ ПЛАТА НА АЛЮМИНИЕВОЙ ОСНОВЕ СО СВЕТОДИОДАМИ, (ИСПОЛЬЗУЕТСЯ КАК КОМПЛЕКТУЮЩЕЕ ДЛЯ ИЗГОТОВЛЕНИЯ СВЕТОДИОДНОГО ОСВЕТИТЕЛЬНОГО ОБОРУДОВАНИЯ). ОБЛАСТЬ ПРИМЕНЕНИЯ ПРОМЫШЛЕННЫЕ ПОМЕЩЕНИЯ,УЛИЧНЫЕ ПЛОЩАДКИ. НЕ ЛОМ. НЕ ОТХОДЫ. НЕ ЯВЛЯЕТСЯ ГОТОВЫМ И САМОСТОЯТЕЛЬНЫМ ИЗДЕЛИЕМ. НЕ ЯВЛЯЕТСЯ ЛАМПОЙ. ТИП ПОЛУПРОВОДНИКА: P-N. ОБЩЕПРИНЯТОЕ НАИМЕНОВАНИЕ СВЕТОДИОДЫ. | O12: Отсутствует | P12: Отсутствует | Q12: 0.05
B13: LO-28-15070 | C13: 9405920008 | D13: 2.1 | E13: РАССЕИВАТЕЛЬ СВЕТА ИЗ ПОЛИКАРБОНАТА LO-28-15070. ГАБАРИТНЫЕ РАЗМЕРЫ, ММ: 219Х54Х8 | F13: ПРОЧИЕ ЧАСТИ ОСВЕТИТЕЛЬНОГО ОБОРУДОВАНИЯ, ИЗ ПЛАСТМАССЫ: РАССЕИВАТЕЛЬ СВЕТА ИЗ ПОЛИКАРБОНАТА (ИСПОЛЬЗУЕТСЯ КАК КОМПЛЕКТУЮЩЕЕ ДЛЯ ИЗГОТОВЛЕНИЯ СВЕТОДИОДНОГО ОСВЕТИТЕЛЬНОГО ОБОРУДОВАНИЯ). НОВЫЕ. | O13: Отсутствует | P13: Отсутствует | Q13: 0.08
B14: LO-28-90 | C14: 9405920008 | E14: РАССЕИВАТЕЛЬ СВЕТА ИЗ ПОЛИКАРБОНАТА LO-28-90, 336 ШТ. ЦЕНА 0,54 ЕВРО/ШТ. ГАБАРИТНЫЕ РАЗМЕРЫ, ММ: 219Х54Х8 | F14: ПРОЧИЕ ЧАСТИ ОСВЕТИТЕЛЬНОГО ОБОРУДОВАНИЯ, ИЗ ПЛАСТМАССЫ: РАССЕИВАТЕЛЬ СВЕТА ИЗ ПОЛИКАРБОНАТА (ИСПОЛЬЗУЕТСЯ КАК КОМПЛЕКТУЮЩЕЕ ДЛЯ ИЗГОТОВЛЕНИЯ СВЕТОДИОДНОГО ОСВЕТИТЕЛЬНОГО ОБОРУДОВАНИЯ). НОВЫЕ. | O14: Отсутствует | P14: Отсутствует | Q14: 0.0446
B15: LO-26-2835-90-14 | C15: 8541401004 | D15: 0.91 | E15: СВЕТОДИОДНАЯ ПЛАТА L-26-2835-90-14 С 26 СВЕТОДИОДАМИ. ПОСТОЯННЫЙ ТОК: 11 ВОЛЬТ. ГАБАРИТНЫЕ РАЗМЕРЫ, ММ: 470Х14Х1 В 13 КАРТОННЫХ КОРОБКАХ. | F15: СВЕТОДИОДНАЯ ПЛАТА НА АЛЮМИНИЕВОЙ ОСНОВЕ СО СВЕТОДИОДАМИ, (ИСПОЛЬЗУЕТСЯ КАК КОМПЛЕКТУЮЩЕЕ ДЛЯ ИЗГОТОВЛЕНИЯ СВЕТОДИОДНОГО ОСВЕТИТЕЛЬНОГО ОБОРУДОВАНИЯ). ОБЛАСТЬ ПРИМЕНЕНИЯ ПРОМЫШЛЕННЫЕ ПОМЕЩЕНИЯ, УЛИЧНЫЕ ПЛОЩАДКИ. НЕ ЛОМ. НЕ ОТХОДЫ. НЕ ЯВЛЯЕТСЯ ГОТОВЫМ И САМОСТОЯТЕЛЬНЫМ ИЗДЕЛИЕМ. НЕ ЯВЛЯЕТСЯ ЛАМПОЙ. ТИП ПОЛУПРОВОДНИКА: P-N. ОБЩЕПРИНЯТОЕ НАИМЕНОВАНИЕ СВЕТОДИОДЫ.
B16: ПРОКЛАДКА wg 28 | C16: 3926909709 | D16: 0.19 | E16: ПРОКЛАДКА. ГАБАРИТНЫЕ РАЗМЕРЫ, ММ: 170Х120Х3. В 2 КАРТОННЫХ КОРОБКАХ. | F16: ИЗДЕЛИЯ ИЗ ПЛАСТМАСС (ПОЛУЧЕННОЕ ПУТЕМ ЛИТЬЯ): ПРОКЛАДКА УПЛОТНИТЕЛЬНАЯ ИЗ СИЛИКОНА (ИСПОЛЬЗУЕТСЯ КАК КОМПЛЕКТУЮЩЕЕ ДЛЯ ИЗГОТОВЛЕНИЯ | O16: Отсутствует | P16: Отсутствует | Q16: 0.00732
B17: ВТН 0,5 | C17: 8536901000 | D17: 0.17 | E17: МОДЕЛЬ ВТН 0,5 (500 ШТ. В 1 УПАКОВКЕ). 292 УПАКОВОК. ЦЕНА 13,75 ДОЛЛ.США/УПАКОВКА. ГАБАРИТНЫЕ РАЗМЕРЫ, ММ: 3,0Х26,0. ТОЛЩИНА, ММ: 0.5. В 4 КАРТОННЫХ КОРОБКАХ. | F17: СОЕДИНИТЕЛЬ СТЫКОВОЙ ТЕРМОУСАЖИВАЕМЫЙ ИЗОЛЯЦИОННЫЙ. МАТЕРИАЛ: КОРПУС ИЗ ТЕРМОУСАДОЧНОГО МАТЕРИАЛА С МЕДНЫМ КОНТАКТОМ. НАЗНАЧЕНИЕ И ОБЛАСТЬ ПРИМЕНЕНИЯ: СОЕДИНИТЕЛЬ, ОБЕСПЕЧИВАЕТ СНЯТИЕ НАПРЯЖЕНИЯ И ЗАЩИТУ ОТ ВИБРАЦИИ В ЗАЩИЩЕННЫХ УСЛОВИЯХ, ИЗОЛИРУЕТ И ЗАЩИЩАЕТ ЭЛЕКТРОННЫЕ СОЕДИНЕНИЯ. КОМПЛЕКТУЮЩИЕ ДЛЯ ПРОИЗВОДСТВА СВЕТОДИОДНОГО ОСВЕТИТЕЛЬНОГО ОБОРУДОВАНИЯ. НЕ ЛОМ ЭЛЕКТРООБОРУДОВАНИЯ. РАССЧИТАН НА НАПРЯЖЕНИЕ 12 В. | O17: Отсутствует | P17: Отсутствует | Q17: 4e-05
B18: ВТН 1,25 | C18: 8536901000 | D18: 0.21 | E18: МОДЕЛЬ ВТН 1,25 (500 ШТ. В 1 УПАКОВКЕ). 60 УПАКОВОК. ЦЕНА 16,50 ДОЛЛ.США/УПАКОВКА. ГАБАРИТНЫЕ РАЗМЕРЫ, ММ: 4,8Х36,5. ТОЛЩИНА, ММ: 0.8. В 2 КАРТОННЫХ КОРОБКАХ. | F18: СОЕДИНИТЕЛЬ СТЫКОВОЙ ТЕРМОУСАЖИВАЕМЫЙ ИЗОЛЯЦИОННЫЙ. МАТЕРИАЛ: КОРПУС ИЗ ТЕРМОУСАДОЧНОГО МАТЕРИАЛА С МЕДНЫМ КОНТАКТОМ. НАЗНАЧЕНИЕ И ОБЛАСТЬ ПРИМЕНЕНИЯ: СОЕДИНИТЕЛЬ, ОБЕСПЕЧИВАЕТ СНЯТИЕ НАПРЯЖЕНИЯ И ЗАЩИТУ ОТ ВИБРАЦИИ В ЗАЩИЩЕННЫХ УСЛОВИЯХ, ИЗОЛИРУЕТ И ЗАЩИЩАЕТ ЭЛЕКТРОННЫЕ СОЕДИНЕНИЯ. КОМПЛЕКТУЮЩИЕ ДЛЯ ПРОИЗВОДСТВА СВЕТОДИОДНОГО ОСВЕТИТЕЛЬНОГО ОБОРУДОВАНИЯ. НЕ ЛОМ ЭЛЕКТРООБОРУДОВАНИЯ. РАССЧИТАН НА НАПРЯЖЕНИЕ 12 В. | O18: Отсутствует | P18: Отсутствует | Q18: 0.02
B19: M1 | C19: 9405990008 | E19: КОРПУС «ШУБОКС»: С ОДНИМ МОДУЛЕМ. 26 ШТ. ЦЕНА 33,05 ДОЛЛ.США/ШТ. ГАБАРИТНЫЕ РАЗМЕРЫ, ММ: 481Х312Х84. В 26 КАРТОННЫХ КОРОБКАХ. | F19: 1-ЧАСТЬ СВЕТОДИОДНОГО ОСВЕТИТЕЛЬНОГО ОБОРУДОВАНИЯ: КОРПУС ИЗ АЛЮМИНИЯ. ОБЛАСТЬ ПРИМЕНЕНИЯ – ПРОМЫШЛЕННЫЕ ПОМЕЩЕНИЯ, УЛИЧНЫЕ ПЛОШАДКИ. НЕ ДЛЯ ИСПОЛЬЗОВАНИЯ В ТРАНСПОРТНЫХ СРЕДСТВАХ, НЕ ДЛЯ МЕДИЦИНСКОГО ИСПОЛЬЗОВАНИЯ. | O19: Отсутствует | P19: Отсутствует
B20: M2 | C20: 9405990008 | E20: КОРПУС «ШУБОКС»: С ДВУМЯ МОДУЛЯМИ. 12 ШТ. ЦЕНА 43,368 ДОЛЛ.США/ШТ. ГАБАРИТНЫЕ РАЗМЕРЫ, ММ: 651Х312Х84. В 12 КАРТОННЫХ КОРОБКАХ. | F20: 1-ЧАСТЬ СВЕТОДИОДНОГО ОСВЕТИТЕЛЬНОГО ОБОРУДОВАНИЯ: КОРПУС ИЗ АЛЮМИНИЯ. ОБЛАСТЬ ПРИМЕНЕНИЯ – ПРОМЫШЛЕННЫЕ ПОМЕЩЕНИЯ, УЛИЧНЫЕ ПЛОШАДКИ. НЕ ДЛЯ ИСПОЛЬЗОВАНИЯ В ТРАНСПОРТНЫХ СРЕДСТВАХ, НЕ ДЛЯ МЕДИЦИНСКОГО ИСПОЛЬЗОВАНИЯ. | O20: Отсутствует | P20: Отсутствует
B21: М3 | C21: 7318141000 | D21: 0.004 | E21: ВИНТЫ САМОНАРЕЗАЮЩИЕ ИЗ КОРРОЗИОННОСТОЙКОЙ СТАЛИ С ЦИНКОВЫМ ПОКРЫТИЕМ, СНАБЖЕННЫЕ РЕЗЬБОЙ, 100000 ШТ. ЦЕНА 0,004 ДОЛЛ.США/ШТ В 2 КАРТОННЫХ КОРОБКАХ. | F21: ВИНТ DIN 7500 С TORX РЕЗЬБОВЫДАВЛИВАЮЩИЙ. ГОЛОВКА С ШЕСТИГРАННЫМ ШЛИЦЕМ. ВИНТ ИЗГОТОВЛЕН ИЗ НЕРЖАВЕЮЩЕЙ СТАЛИ С ОЦИНКОВКОЙ. ПРЕДЕЛ ПРОЧНОСТИ НА РАСТЯЖЕНИЕ 590 МПА. ВИД ГОЛОВКИ-ЦИЛИНДРИЧЕСКАЯ С УГЛУБЛЕНИЕМ ПОД КЛЮЧ. ОБЛАСТЬ ПРИМЕНЕНИЯ – ИСПОЛЬЗУЕТСЯ КАК КОМПЛЕКТУЮЩЕЕ ДЛЯ ПРОИЗВОДСТВА СВЕТОДИОДНОГО ОСВЕТИТЕЛЬНОГО ОБОРУДОВАНИЯ. С ПЛОСКИМ КОНЦОМ. ТОЛЩИНА СТЕРЖНЯ 2.75 ММ. | O21: Отсутствует | P21: Отсутствует | Q21: 0.0008

Sheet Лист2
