Workbook

Sheet Sheet1
B1: КОД ТН ВЭД | C1: Модель | D1: Прочее | E1: количество | F1: цена за шт | G1: стоимость | H1: наименование | I1: код упаковки грузового места | J1: производитель | K1: старна происхождения | L1: Марка | M1: тов знак | N1: ед. измерения | O1: название нотификации | P1: код документа | Q1: номер нотификации | R1: дата нотификации | S1: дата начала действия нотификации | T1: дата конца действия нотификации | U1: вес чистый за единицу | V1: вес чистый за общиий по тех описанию | W1: общий вес нетто по упаковочному | X1: БРУТТО общий | Y1: Название документа | Z1: код документа | AA1: номер Декларации соответствия | AB1: дата Декларации соответствия | AC1: дата начала действия Декларации соответствия | AD1: дата конца действия Декларации соответствия | AE1: артикул | AF1: ДТ | AG1: Компания декларант | AH1: тех описание
B2: =VLOOKUP(C2,Лист1!$B$1:$N$33,2,0) -> 8517620003 | C2: SICOM3016-2S16T-SC40-L3-L3-S | D2: =VLOOKUP(C2,Лист1!$B$2:$T$45,14,0) -> ПРОМЫШЛЕННЫЕ КОММУТАТОРЫ ДЛЯ УПРАВЛЕНИЯ В СЕТЯХ ETHERNET, НЕ ЛОМ ЭЛЕКТРООБОРУДОВАНИЯ, НЕ ПРЕДНАЗНАЧЕНЫ ДЛЯ НЕГЛАСНОГО ПОЛУЧЕНИЯ ИНФОРМАЦИИ, КОМПЛЕКТУЮЩИЕ ДЛЯ СЕРВЕРОВ И СЕРВЕРНОГО ОБОРУДОВАНИЯ, ГРАЖДАНСКОГО ПРИМЕНЕНИЯ. ПОСТАВЛЯЮТСЯ С ПЛАСТИКОВЫМИ ЗАГЛУШКАМИ ДЛЯ ПОРТОВ, МЕТАЛЛИЧЕСКИМИ УГОЛКАМИ И ПЛАСТИНАМИ ДЛЯ КРЕПЛЕНИЯ | E2: 29 | F2: 60 | G2: =E2*F2 -> 1740 | H2: SICOM3016 - промышленные коммутаторы с пониженным потреблением питания, которые могут применяться в ветроэнергетике, распределительных сетях, подстанциях, энергетических SCADA-системах, системах водоочистки, на автомагистралях, в металлургии и других сферах.Напряжение питания 24DC (18-36VDC), Потребляемая мощность менее 9.7 Вт | I2: CT | J2: Kyland Technology Co., Ltd. | K2: 156 | L2: отсутствует | M2: KYLAND | N2: шт | O2: Нотификация | P2: 10052 | Q2: RU0000033119 | R2: 42972 | S2: 42972 | T2: 44369 | W2: =#REF!*E2 -> #REF! | X2: 47.4 | Z2: 01191 | AE2: отсутствует | AF2: 10005030/030520/0123310 | AG2: Симанитрон
B3: =VLOOKUP(C3,Лист1!$B$1:$N$33,2,0) -> 8517620003 | C3: SICOM3028GPT-L3G-MB-HV-HV-S | D3: =VLOOKUP(C3,Лист1!$B$2:$T$45,14,0) -> ПРОМЫШЛЕННЫЕ КОММУТАТОРЫ ДЛЯ УПРАВЛЕНИЯ В СЕТЯХ ETHERNET, НЕ ЛОМ ЭЛЕКТРООБОРУДОВАНИЯ, НЕ ПРЕДНАЗНАЧЕНЫ ДЛЯ НЕГЛАСНОГО ПОЛУЧЕНИЯ ИНФОРМАЦИИ, КОМПЛЕКТУЮЩИЕ ДЛЯ СЕРВЕРОВ И СЕРВЕРНОГО ОБОРУДОВАНИЯ, ГРАЖДАНСКОГО ПРИМЕНЕНИЯ. ПОСТАВЛЯЮТСЯ С клеммными колодками , уголками для крепления в стойку и консольным кабелем. | E3: 2 | F3: 1716.9 | G3: =E3*F3 -> 3433.8 | H3: SICOM3028GPT-L3G-MB-HV-HV - промышленные коммутаторы с широким спектром сфер применения и модульным дизайном для простоты масштабирования и расширения функционала устройства. SICOM3028GPT-L3G могут иметь до 28 гигабитных портов. При этом возможна практически любая комбинация медных и оптических портов. Напряжение питания: 220VAC/DC (85-264VAC/77-370VDC) | I3: CT | J3: Kyland Technology Co., Ltd. | K3: 156 | L3: отсутствует | M3: KYLAND | N3: шт | O3: Нотификация | P3: 10052 | Q3: RU0000033122 | R3: 42972 | S3: 42972 | T3: 44369 | W3: =#REF!*E3 -> #REF! | X3: =W3+W3*0.094 -> #REF! | Y3: Декларации соответствия | Z3: 01191 | AA3: ЕАЭС N RU Д-CN.КА01.В.23216/20 | AB3: 43908 | AC3: 43908 | AD3: 45733 | AE3: отсутствует | AF3: 10005030/030520/0123319 | AG3: Симанитрон
B4: =VLOOKUP(C4,Лист1!$B$1:$N$33,2,0) -> 8517620003 | C4: SM6.6-2GX2GE-1U-S | D4: =VLOOKUP(C4,Лист1!$B$2:$T$45,14,0) -> ПРОМЫШЛЕННЫЕ КОММУТАТОРЫ ДЛЯ УПРАВЛЕНИЯ В СЕТЯХ ETHERNET, НЕ ЛОМ ЭЛЕКТРООБОРУДОВАНИЯ, НЕ ПРЕДНАЗНАЧЕНЫ ДЛЯ НЕГЛАСНОГО ПОЛУЧЕНИЯ ИНФОРМАЦИИ, КОМПЛЕКТУЮЩИЕ ДЛЯ СЕРВЕРОВ И СЕРВЕРНОГО ОБОРУДОВАНИЯ, ГРАЖДАНСКОГО ПРИМЕНЕНИЯ. ПОСТАВЛЯЮТСЯ С клеммными колодками , уголками для крепления в стойку и консольным кабелем. | E4: 2 | F4: 198.4 | G4: =E4*F4 -> 396.8 | H4: Описание Интерфейсный Ethernet модуль – специально разработан для коммутаторов серии SICOM3028GPT и имеет в своем составе различные типы интерфейсов в зависимости от модели. Предназначен для подключения к коммутатору других устройств, например, других коммутаторов, посредством кабелей. Модуль SM6.6-2GX2GE-1U имеет в своем составе 2 порта 10/100/1000Base-T(X) RJ45 и 2 порта 1000Base-X SFP. Энергопотребление: 3W Корпус: Металл, без вентиляторов Класс защиты: IP40 Габариты (ШxВxГ): 1U: 50.8x41.1x109.2мм Вес: 0.3 кг | I4: CT | J4: Kyland Technology Co., Ltd. | K4: 156 | L4: отсутствует | M4: KYLAND | N4: шт | O4: Нотификация | P4: 10052 | Q4: RU0000032872 | R4: 42958 | S4: 42958 | T4: 44369 | W4: =#REF!*E4 -> #REF! | X4: =W4+W4*0.094 -> #REF! | Y4: Декларации соответствия | Z4: 01191 | AE4: отсутствует | AF4: 10005030/030520/0123319 | AG4: Симанитрон
B5: =VLOOKUP(C5,Лист1!$B$1:$N$33,2,0) -> 8517620003 | C5: SM6.6-4GX-0.5U-S | D5: =VLOOKUP(C5,Лист1!$B$2:$T$45,14,0) -> ПРОМЫШЛЕННЫЕ КОММУТАТОРЫ ДЛЯ УПРАВЛЕНИЯ В СЕТЯХ ETHERNET, НЕ ЛОМ ЭЛЕКТРООБОРУДОВАНИЯ, НЕ ПРЕДНАЗНАЧЕНЫ ДЛЯ НЕГЛАСНОГО ПОЛУЧЕНИЯ ИНФОРМАЦИИ, КОМПЛЕКТУЮЩИЕ ДЛЯ СЕРВЕРОВ И СЕРВЕРНОГО ОБОРУДОВАНИЯ, ГРАЖДАНСКОГО ПРИМЕНЕНИЯ. ПОСТАВЛЯЮТСЯ С клеммными колодками , уголками для крепления в стойку и консольным кабелем. | E5: 2 | F5: 198.4 | G5: =E5*F5 -> 396.8 | H5: Описание Интерфейсный Ethernet модуль – специально разработан для коммутаторов серии SICOM3028GPT и имеет в своем составе различные типы интерфейсов в зависимости от модели. Предназначен для подключения к коммутатору других устройств, например, других коммутаторов, посредством кабелей. Модуль SM6.6-4GX-0.5U имеет в своем составе 4x1000Base-X, 100Base-FX SFP порта. Характеристики Энергопотребление: 3W Корпус: Металл, без вентиляторов Класс защиты: IP40 Габариты (ШxВxГ): 0.5U: 122.6x20.25x106.6мм Вес: 0.3 кг | I5: CT | J5: Kyland Technology Co., Ltd. | K5: 156 | L5: отсутствует | M5: KYLAND | N5: шт | O5: Нотификация | P5: 10052 | Q5: RU0000032872 | R5: 42958 | S5: 42958 | T5: 44369 | W5: =#REF!*E5 -> #REF! | X5: =W5+W5*0.094 -> #REF! | Y5: Декларации соответствия | Z5: 01191 | AE5: отсутствует | AF5: 10005030/030520/0123319 | AG5: Симанитрон
B6: =VLOOKUP(C6,Лист1!$B$1:$N$33,2,0) -> 8517620003 | C6: SM6.6-4GE-0.5U-S | D6: =VLOOKUP(C6,Лист1!$B$2:$T$45,14,0) -> ПРОМЫШЛЕННЫЕ КОММУТАТОРЫ ДЛЯ УПРАВЛЕНИЯ В СЕТЯХ ETHERNET, НЕ ЛОМ ЭЛЕКТРООБОРУДОВАНИЯ, НЕ ПРЕДНАЗНАЧЕНЫ ДЛЯ НЕГЛАСНОГО ПОЛУЧЕНИЯ ИНФОРМАЦИИ, КОМПЛЕКТУЮЩИЕ ДЛЯ СЕРВЕРОВ И СЕРВЕРНОГО ОБОРУДОВАНИЯ, ГРАЖДАНСКОГО ПРИМЕНЕНИЯ. ПОСТАВЛЯЮТСЯ С клеммными колодками , уголками для крепления в стойку и консольным кабелем. | E6: 10 | F6: 198.4 | G6: =E6*F6 -> 1984 | H6: Описание Интерфейсный Ethernet модуль – специально разработан для коммутаторов серии SICOM3028GPT и имеет в своем составе различные типы интерфейсов в зависимости от модели. Предназначен для подключения к коммутатору других устройств, например, других коммутаторов, посредством кабелей. Модуль SM6.6-4GE-0.5U имеет в своем составе 4 порта 10/100/1000Base-T(X) RJ45 Характеристики Энергопотребление: 3W Корпус: Металл, без вентиляторов Класс защиты: IP40 Габариты (ШxВxГ): 0.5U: 122.6x20.25x106.6мм Вес: 0.3 к | I6: CT | J6: Kyland Technology Co., Ltd. | K6: 156 | L6: отсутствует | M6: KYLAND | N6: шт | O6: Нотификация | P6: 10052 | Q6: RU0000032872 | R6: 42958 | S6: 42958 | T6: 44369 | W6: =#REF!*E6 -> #REF! | X6: =W6+W6*0.094 -> #REF! | Y6: Декларации соответствия | Z6: 01191 | AE6: отсутствует | AF6: 10005030/030520/0123319 | AG6: Симанитрон
B7: =VLOOKUP(C7,Лист1!$B$1:$N$33,2,0) -> 8517620003 | C7: SICOM3024P-4GX24T-HV-HV-S | D7: =VLOOKUP(C7,Лист1!$B$2:$T$45,14,0) -> ПРОМЫШЛЕННЫЕ КОММУТАТОРЫ ДЛЯ УПРАВЛЕНИЯ В СЕТЯХ ETHERNET, НЕ ЛОМ ЭЛЕКТРООБОРУДОВАНИЯ, НЕ ПРЕДНАЗНАЧЕНЫ ДЛЯ НЕГЛАСНОГО ПОЛУЧЕНИЯ ИНФОРМАЦИИ, КОМПЛЕКТУЮЩИЕ ДЛЯ СЕРВЕРОВ И СЕРВЕРНОГО ОБОРУДОВАНИЯ, ГРАЖДАНСКОГО ПРИМЕНЕНИЯ. ПОСТАВЛЯЮТСЯ С клеммными колодками , уголками для крепления в стойку и консольным кабелем. | E7: 4 | F7: 894 | G7: =E7*F7 -> 3576 | H7: SICOM3024P - промышленные коммутаторы.Данный коммутатор предназначен для передачи Ethernet пакетов по сетям передачи данным по оптическим и медным средам передачи данных. Данным коммутатором поддерживаются протоколы шифрования SSL и HTTPS использующий асимметричную криптографию для аутентификации ключей обмена и симметричное шифрование для сохранения конфиденциальности. Данный коммутатор поддерживает протокол SSH для создания шифрованного тоннеля передачи данных. Данный коммутатор имеет систему защиты интерфейса настроек назначаемым паролем. Напряжение питания Резервированное: 220VAC/DCW (85-264 Вольт переменного тока/77-30018-36 Вольт постоянного тока) | I7: CT | J7: Kyland Technology Co., Ltd. | K7: 156 | L7: отсутствует | M7: KYLAND | N7: шт | O7: Нотификация | P7: 10052 | Q7: RU0000033121 | R7: 42972 | S7: 42972 | T7: 44370 | W7: =#REF!*E7 -> #REF! | X7: =W7+W7*0.094 -> #REF! | Y7: Декларации соответствия | Z7: 01191 | AA7: ЕАЭС N RU Д-CN.КА01.В.17403/19 | AB7: 43787 | AC7: 43787 | AD7: 45613 | AE7: отсутствует | AF7: 10005030/030620/0150971 | AG7: Симанитрон
A8: 43998 | B8: =VLOOKUP(C8,Лист1!$B$1:$N$33,2,0) -> #N/A | C8: SICOM3028GPT-L2F-MB-HV-HV-S | D8: =VLOOKUP(C8,Лист1!$B$2:$T$45,14,0) -> #N/A | E8: 1 | F8: 868 | G8: =F8*E8 -> 868 | H8: SICOM3028GPT-L2F-MB-HV-HV-S - промышленные коммутаторы с широким спектром сфер применния и модульным дизайном для простоты масштабирования и расширения функционала устройства. Напряжение питания Резервированное: 220VAC/VDC (77-300VDC/85-264VAC) | I8: CT | J8: Kyland Technology Co., Ltd. | K8: 156 | L8: отсутствует | M8: KYLAND | N8: шт | O8: Нотификация | P8: 10052 | Q8: RU0000033122 | R8: 42972 | S8: 42972 | T8: 44369 | W8: =#REF!*E8 -> #REF! | X8: 8.95 | Y8: Декларации соответствия | Z8: 01191 | AA8: ЕАЭС N RU Д-CN.КА01.В.23216/20 | AB8: 43908 | AC8: 43908 | AD8: 45733 | AE8: отсутствует | AF8: 10005030/260620/0173975 | AG8: Симанитрон
A9: 43998 | B9: =VLOOKUP(C9,Лист1!$B$1:$N$33,2,0) -> 8517620003 | C9: SM6.6-4GE-1U-S | D9: =VLOOKUP(C9,Лист1!$B$2:$T$45,14,0) -> ПРОМЫШЛЕННЫЕ КОММУТАТОРЫ ДЛЯ УПРАВЛЕНИЯ В СЕТЯХ ETHERNET, НЕ ЛОМ ЭЛЕКТРООБОРУДОВАНИЯ, НЕ ПРЕДНАЗНАЧЕНЫ ДЛЯ НЕГЛАСНОГО ПОЛУЧЕНИЯ ИНФОРМАЦИИ, КОМПЛЕКТУЮЩИЕ ДЛЯ СЕРВЕРОВ И СЕРВЕРНОГО ОБОРУДОВАНИЯ, ГРАЖДАНСКОГО ПРИМЕНЕНИЯ. ПОСТАВЛЯЮТСЯ С клеммными колодками , уголками для крепления в стойку и консольным кабелем. | E9: 1 | F9: 198 | G9: =F9*E9 -> 198 | H9: Описание Интерфейсный Ethernet модуль – специально разработан для коммутаторов серии SICOM3028GPT и имеет в своем составе различные типы интерфейсов в зависимости от модели. Предназначен для подключения к коммутатору других устройств, например, других коммутаторов, посредством кабелей. Модуль SM6.6-4GE-1U-S имеет в своем составе 4 порта 10/100/1000Base-T(X) RJ45. Характеристики Энергопотребление: 3W Корпус: Металл, без вентиляторов Класс защиты: IP40 Габариты (ШxВxГ): 1U: 50.8x41.1x109.2мм Вес: 0.3 кг | I9: CT | J9: Kyland Technology Co., Ltd. | K9: 156 | L9: отсутствует | M9: KYLAND | N9: шт | O9: Нотификация | P9: 10052 | Q9: RU0000032872 | R9: 42958 | S9: 42958 | T9: 44369 | W9: =#REF!*E9 -> #REF! | X9: 0.35 | Y9: Декларации соответствия | Z9: 01191 | AE9: отсутствует | AF9: 10005030/260620/0173975 | AG9: Симанитрон
A10: 43998 | B10: =VLOOKUP(C10,Лист1!$B$1:$N$33,2,0) -> 8517620003 | C10: SM6.6-4M-ST05-0.5U-S | D10: =VLOOKUP(C10,Лист1!$B$2:$T$45,14,0) -> ПРОМЫШЛЕННЫЕ КОММУТАТОРЫ ДЛЯ УПРАВЛЕНИЯ В СЕТЯХ ETHERNET, НЕ ЛОМ ЭЛЕКТРООБОРУДОВАНИЯ, НЕ ПРЕДНАЗНАЧЕНЫ ДЛЯ НЕГЛАСНОГО ПОЛУЧЕНИЯ ИНФОРМАЦИИ, КОМПЛЕКТУЮЩИЕ ДЛЯ СЕРВЕРОВ И СЕРВЕРНОГО ОБОРУДОВАНИЯ, ГРАЖДАНСКОГО ПРИМЕНЕНИЯ. ПОСТАВЛЯЮТСЯ С клеммными колодками , уголками для крепления в стойку и консольным кабелем. | E10: 2 | F10: 264 | G10: =F10*E10 -> 528 | H10: Описание Интерфейсный Ethernet модуль – специально разработан для коммутаторов серии SICOM3028GPT и имеет в своем составе различные типы интерфейсов в зависимости от модели. Предназначен для подключения к коммутатору других устройств, например, других коммутаторов, посредством кабелей. Модуль SM6.6-4M-ST05-0.5U-S имеет в своем составе 4x100Base-FX оптических порта, многомод., коннектор SТ, 5км. Характеристики Энергопотребление: 3W Корпус: Металл, без вентиляторов Класс защиты: IP40 Габариты (ШxВxГ): 0.5U: 122.6x20.25x106.6мм Вес: 0.3 кг | I10: CT | J10: Kyland Technology Co., Ltd. | K10: 156 | L10: отсутствует | M10: KYLAND | N10: шт | O10: Нотификация | P10: 10052 | Q10: RU0000032872 | R10: 42958 | S10: 42958 | T10: 44369 | W10: =#REF!*E10 -> #REF! | X10: 0.7 | Y10: Декларации соответствия | Z10: 01191 | AE10: отсутствует | AF10: 10005030/260620/0173975 | AG10: Симанитрон
A11: 43998 | B11: =VLOOKUP(C11,Лист1!$B$1:$N$33,2,0) -> 8517620003 | C11: SICOM3000-8T-HV-S | D11: =VLOOKUP(C11,Лист1!$B$2:$T$45,14,0) -> ПРОМЫШЛЕННЫЕ КОММУТАТОРЫ ДЛЯ УПРАВЛЕНИЯ В СЕТЯХ ETHERNET, НЕ ЛОМ ЭЛЕКТРООБОРУДОВАНИЯ, НЕ ПРЕДНАЗНАЧЕНЫ ДЛЯ НЕГЛАСНОГО ПОЛУЧЕНИЯ ИНФОРМАЦИИ, КОМПЛЕКТУЮЩИЕ ДЛЯ СЕРВЕРОВ И СЕРВЕРНОГО ОБОРУДОВАНИЯ, ГРАЖДАНСКОГО ПРИМЕНЕНИЯ. ПОСТАВЛЯЮТСЯ С клеммными колодками , уголками для крепления в стойку и консольным кабелем. | E11: 11 | F11: 229.5 | G11: =F11*E11 -> 2524.5 | H11: SICOM3000-8T-HV-S - промышленные коммутаторы с пониженным потреблением питания, которые могут применяться в ветроэнергетике, распределительных сетях, подстанциях, энергетических SCADA-системах, системах водоочистки, на автомагистралях, в металлургии и других сферах. Напряжение питания 220AC/DC(132-300VAC/176-400VDC) | I11: CT | J11: Kyland Technology Co., Ltd. | K11: 156 | L11: отсутствует | M11: KYLAND | N11: шт | O11: Нотификация | P11: 10052 | Q11: RU0000033118 | R11: 42972 | S11: 42972 | T11: 44369 | W11: =#REF!*E11 -> #REF! | X11: 18 | Y11: Декларации соответствия | AA11: ЕАЭС N RU Д-CN.КА01.В.17403/19 | AB11: 43787 | AC11: 43787 | AD11: 45613 | AE11: отсутствует | AF11: 10005030/260620/0173975 | AG11: Симанитрон
A12: 44063 | B12: =VLOOKUP(C12,Лист1!$B$1:$N$33,2,0) -> 8517620003 | C12: SICOM3307S-3G7P-L10-L10-S | D12: =VLOOKUP(C12,Лист1!$B$2:$T$45,14,0) -> ПРОМЫШЛЕННЫЕ КОММУТАТОРЫ ДЛЯ УПРАВЛЕНИЯ В СЕТЯХ ETHERNET, НЕ ЛОМ ЭЛЕКТРООБОРУДОВАНИЯ, НЕ ПРЕДНАЗНАЧЕНЫ ДЛЯ НЕГЛАСНОГО ПОЛУЧЕНИЯ ИНФОРМАЦИИ, КОМПЛЕКТУЮЩИЕ ДЛЯ СЕРВЕРОВ И СЕРВЕРНОГО ОБОРУДОВАНИЯ, ГРАЖДАНСКОГО ПРИМЕНЕНИЯ. ПОСТАВЛЯЮТСЯ С клеммными колодками , уголками для крепления в стойку и консольным кабелем. | E12: 1 | F12: 638 | G12: =F12*E12 -> 638 | H12: =VLOOKUP(C12,Лист1!$B$1:$N$33,4,0) -> SICOM3028GPT-L3G-MB-HV-HV-S - ПРОМЫШЛЕННЫЕ КОММУТАТОРЫ С ШИРОКИМ СПЕКТРОМ СФЕР ПРИМЕНЕНИЯ И МОДУЛЬНЫМ ДИЗАЙНОМ ДЛЯ ПРОСТОТЫ МАСШТАБИРОВАНИЯ И РАСШИРЕНИЯ ФУНКЦИОНАЛА УСТРОЙСТВА. SICOM3028GPT-L3G МОГУТ ИМЕТЬ ДО 28 ГИГАБИТНЫХ ПОРТОВ. ПРИ ЭТОМ ВОЗМОЖНА ПРАКТИЧЕСКИ ЛЮБАЯ КОМБИНАЦИЯ МЕДНЫХ И ОПТИЧЕСКИХ ПОРТОВ. ПИТАНИЕ: НАПРЯЖЕНИЕ ПИТАНИЯ: 220VAC/DC (85-264VAC/77-370VDC) МЕХАНИЧЕСКИЕ ХАРАКТЕРИСТИКИ: РАЗМЕРЫ 482.6 X 44 X 360 ММ КРЕПЛЕНИЕ 19" СТОЙКА КЛАСС ЗАЩИТЫ IP40 ВЕС 10 КГ РАБОЧАЯ ТЕМПЕРАТУРА ОТ -40 ДО +85С ТЕМПЕРАТУРА ХРАНЕНИЯ -40 ДО +85C ВЛАЖНОСТЬ ОТ 5 ДО 95% (БЕЗ КОНДЕНСАТА) MTBF 368000 ЧАСОВ ГАРАНТИЯ 5 ЛЕТ | I12: CT | J12: Kyland Technology Co., Ltd. | K12: 156 | L12: отсутствует | M12: KYLAND | N12: шт | O12: Нотификация | P12: 10052 | Q12: =VLOOKUP(C12,Лист1!$B$1:$N$33,5,0) -> RU0000033119 | R12: =VLOOKUP(C12,Лист1!$B$1:$N$33,6,0) -> 42972 | S12: =VLOOKUP(C12,Лист1!$B$1:$N$33,7,0) -> 42972 | T12: =VLOOKUP(C12,Лист1!$B$1:$N$33,8,0) -> 44369 | U12: =VLOOKUP(C12,Лист1!$B$1:$N$33,9,0) -> 1.25 | V12: =U12*E12 -> 1.25 | W12: 1.8 | X12: =W12+W12*0.078 -> 1.9404 | Y12: Декларации соответствия | AE12: отсутствует | AF12: 10005030/090920/0260337 | AG12: Симанитрон
A13: 44063 | B13: =VLOOKUP(C13,Лист1!$B$1:$N$33,2,0) -> 8517620003 | C13: KPS2204-2T4D-L3-L3-S | D13: =VLOOKUP(C13,Лист1!$B$2:$T$45,14,0) -> ПРОМЫШЛЕННЫЕ КОММУТАТОРЫ ДЛЯ УПРАВЛЕНИЯ В СЕТЯХ ETHERNET, НЕ ЛОМ ЭЛЕКТРООБОРУДОВАНИЯ, НЕ ПРЕДНАЗНАЧЕНЫ ДЛЯ НЕГЛАСНОГО ПОЛУЧЕНИЯ ИНФОРМАЦИИ, КОМПЛЕКТУЮЩИЕ ДЛЯ СЕРВЕРОВ И СЕРВЕРНОГО ОБОРУДОВАНИЯ, ГРАЖДАНСКОГО ПРИМЕНЕНИЯ. ПОСТАВЛЯЮТСЯ С клеммными колодками , уголками для крепления в стойку и консольным кабелем. | E13: 1 | F13: 291 | G13: =F13*E13 -> 291 | H13: =VLOOKUP(C13,Лист1!$B$1:$N$33,4,0) -> SICOM3028GPT-L3G-MB-HV-HV-S - ПРОМЫШЛЕННЫЕ КОММУТАТОРЫ С ШИРОКИМ СПЕКТРОМ СФЕР ПРИМЕНЕНИЯ И МОДУЛЬНЫМ ДИЗАЙНОМ ДЛЯ ПРОСТОТЫ МАСШТАБИРОВАНИЯ И РАСШИРЕНИЯ ФУНКЦИОНАЛА УСТРОЙСТВА. SICOM3028GPT-L3G МОГУТ ИМЕТЬ ДО 28 ГИГАБИТНЫХ ПОРТОВ. ПРИ ЭТОМ ВОЗМОЖНА ПРАКТИЧЕСКИ ЛЮБАЯ КОМБИНАЦИЯ МЕДНЫХ И ОПТИЧЕСКИХ ПОРТОВ. ПИТАНИЕ: НАПРЯЖЕНИЕ ПИТАНИЯ: 220VAC/DC (85-264VAC/77-370VDC) МЕХАНИЧЕСКИЕ ХАРАКТЕРИСТИКИ: РАЗМЕРЫ 482.6 X 44 X 360 ММ КРЕПЛЕНИЕ 19" СТОЙКА КЛАСС ЗАЩИТЫ IP40 ВЕС 10 КГ РАБОЧАЯ ТЕМПЕРАТУРА ОТ -40 ДО +85С ТЕМПЕРАТУРА ХРАНЕНИЯ -40 ДО +85C ВЛАЖНОСТЬ ОТ 5 ДО 95% (БЕЗ КОНДЕНСАТА) MTBF 368000 ЧАСОВ ГАРАНТИЯ 5 ЛЕТ | I13: CT | J13: Kyland Technology Co., Ltd. | K13: 156 | L13: отсутствует | M13: KYLAND | N13: шт | O13: Нотификация | P13: 10052 | Q13: =VLOOKUP(C13,Лист1!$B$1:$N$33,5,0) -> RU0000033119 | R13: =VLOOKUP(C13,Лист1!$B$1:$N$33,6,0) -> 42972 | S13: =VLOOKUP(C13,Лист1!$B$1:$N$33,7,0) -> 42972 | T13: =VLOOKUP(C13,Лист1!$B$1:$N$33,8,0) -> 44369 | U13: 0.69 | V13: =U13*E13 -> 0.69 | W13: 1 | X13: =W13+W13*0.078 -> 1.078 | Y13: Декларации соответствия | AE13: отсутствует | AF13: 10005030/090920/0260337 | AG13: Симанитрон
A14: 44063 | B14: =VLOOKUP(C14,Лист1!$B$1:$N$33,2,0) -> 8517620003 | C14: SICOM3028GPT-L3G-MB-HV-HV-S | D14: =VLOOKUP(C14,Лист1!$B$2:$T$45,14,0) -> ПРОМЫШЛЕННЫЕ КОММУТАТОРЫ ДЛЯ УПРАВЛЕНИЯ В СЕТЯХ ETHERNET, НЕ ЛОМ ЭЛЕКТРООБОРУДОВАНИЯ, НЕ ПРЕДНАЗНАЧЕНЫ ДЛЯ НЕГЛАСНОГО ПОЛУЧЕНИЯ ИНФОРМАЦИИ, КОМПЛЕКТУЮЩИЕ ДЛЯ СЕРВЕРОВ И СЕРВЕРНОГО ОБОРУДОВАНИЯ, ГРАЖДАНСКОГО ПРИМЕНЕНИЯ. ПОСТАВЛЯЮТСЯ С клеммными колодками , уголками для крепления в стойку и консольным кабелем. | E14: 2 | F14: 1368 | G14: =F14*E14 -> 2736 | H14: =VLOOKUP(C14,Лист1!$B$1:$N$33,4,0) -> SICOM3028GPT-L3G-MB-HV-HV-S - ПРОМЫШЛЕННЫЕ КОММУТАТОРЫ С ШИРОКИМ СПЕКТРОМ СФЕР ПРИМЕНЕНИЯ И МОДУЛЬНЫМ ДИЗАЙНОМ ДЛЯ ПРОСТОТЫ МАСШТАБИРОВАНИЯ И РАСШИРЕНИЯ ФУНКЦИОНАЛА УСТРОЙСТВА. SICOM3028GPT-L3G МОГУТ ИМЕТЬ ДО 28 ГИГАБИТНЫХ ПОРТОВ. ПРИ ЭТОМ ВОЗМОЖНА ПРАКТИЧЕСКИ ЛЮБАЯ КОМБИНАЦИЯ МЕДНЫХ И ОПТИЧЕСКИХ ПОРТОВ. ПИТАНИЕ: НАПРЯЖЕНИЕ ПИТАНИЯ: 220VAC/DC (85-264VAC/77-370VDC) МЕХАНИЧЕСКИЕ ХАРАКТЕРИСТИКИ: РАЗМЕРЫ 482.6 X 44 X 360 ММ КРЕПЛЕНИЕ 19" СТОЙКА КЛАСС ЗАЩИТЫ IP40 ВЕС 10 КГ РАБОЧАЯ ТЕМПЕРАТУРА ОТ -40 ДО +85С ТЕМПЕРАТУРА ХРАНЕНИЯ -40 ДО +85C ВЛАЖНОСТЬ ОТ 5 ДО 95% (БЕЗ КОНДЕНСАТА) MTBF 368000 ЧАСОВ ГАРАНТИЯ 5 ЛЕТ | I14: CT | J14: Kyland Technology Co., Ltd. | K14: 156 | L14: отсутствует | M14: KYLAND | N14: шт | O14: Нотификация | P14: 10052 | Q14: =VLOOKUP(C14,Лист1!$B$1:$N$33,5,0) -> RU0000053245 | R14: =VLOOKUP(C14,Лист1!$B$1:$N$33,6,0) -> 44383 | S14: =VLOOKUP(C14,Лист1!$B$1:$N$33,7,0) -> 44383 | T14: =VLOOKUP(C14,Лист1!$B$1:$N$33,8,0) -> 48213 | U14: =VLOOKUP(C14,Лист1!$B$1:$N$33,9,0) -> 10 | V14: =U14*E14 -> 20 | W14: 15 | X14: =W14+W14*0.078 -> 16.17 | Y14: Декларации соответствия | Z14: 01191 | AA14: =VLOOKUP(C14,Лист1!$B$1:$N$33,10,0) -> ЕАЭС N RU Д-CN.КА01.В.23216/20 | AB14: =VLOOKUP(C14,Лист1!$B$1:$N$33,11,0) -> 43908 | AC14: =VLOOKUP(C14,Лист1!$B$1:$N$33,12,0) -> 43908 | AD14: =VLOOKUP(C14,Лист1!$B$1:$N$33,13,0) -> 45733 | AE14: отсутствует | AF14: 10005030/090920/0260337 | AG14: Симанитрон
A15: 44063 | B15: =VLOOKUP(C15,Лист1!$B$1:$N$33,2,0) -> 8517620003 | C15: SM6.6-4GX-1U-S | D15: =VLOOKUP(C15,Лист1!$B$2:$T$45,14,0) -> ПРОМЫШЛЕННЫЕ КОММУТАТОРЫ ДЛЯ УПРАВЛЕНИЯ В СЕТЯХ ETHERNET, НЕ ЛОМ ЭЛЕКТРООБОРУДОВАНИЯ, НЕ ПРЕДНАЗНАЧЕНЫ ДЛЯ НЕГЛАСНОГО ПОЛУЧЕНИЯ ИНФОРМАЦИИ, КОМПЛЕКТУЮЩИЕ ДЛЯ СЕРВЕРОВ И СЕРВЕРНОГО ОБОРУДОВАНИЯ, ГРАЖДАНСКОГО ПРИМЕНЕНИЯ. ПОСТАВЛЯЮТСЯ С клеммными колодками , уголками для крепления в стойку и консольным кабелем. | E15: 2 | F15: 198 | G15: =F15*E15 -> 396 | H15: =VLOOKUP(C15,Лист1!$B$1:$N$33,4,0) -> SICOM3028GPT-L3G-MB-HV-HV-S - ПРОМЫШЛЕННЫЕ КОММУТАТОРЫ С ШИРОКИМ СПЕКТРОМ СФЕР ПРИМЕНЕНИЯ И МОДУЛЬНЫМ ДИЗАЙНОМ ДЛЯ ПРОСТОТЫ МАСШТАБИРОВАНИЯ И РАСШИРЕНИЯ ФУНКЦИОНАЛА УСТРОЙСТВА. SICOM3028GPT-L3G МОГУТ ИМЕТЬ ДО 28 ГИГАБИТНЫХ ПОРТОВ. ПРИ ЭТОМ ВОЗМОЖНА ПРАКТИЧЕСКИ ЛЮБАЯ КОМБИНАЦИЯ МЕДНЫХ И ОПТИЧЕСКИХ ПОРТОВ. ПИТАНИЕ: НАПРЯЖЕНИЕ ПИТАНИЯ: 220VAC/DC (85-264VAC/77-370VDC) МЕХАНИЧЕСКИЕ ХАРАКТЕРИСТИКИ: РАЗМЕРЫ 482.6 X 44 X 360 ММ КРЕПЛЕНИЕ 19" СТОЙКА КЛАСС ЗАЩИТЫ IP40 ВЕС 10 КГ РАБОЧАЯ ТЕМПЕРАТУРА ОТ -40 ДО +85С ТЕМПЕРАТУРА ХРАНЕНИЯ -40 ДО +85C ВЛАЖНОСТЬ ОТ 5 ДО 95% (БЕЗ КОНДЕНСАТА) MTBF 368000 ЧАСОВ ГАРАНТИЯ 5 ЛЕТ | I15: CT | J15: Kyland Technology Co., Ltd. | K15: 156 | L15: отсутствует | M15: KYLAND | N15: шт | O15: Нотификация | P15: 10052 | Q15: =VLOOKUP(C15,Лист1!$B$1:$N$33,5,0) -> RU0000053828 | R15: =VLOOKUP(C15,Лист1!$B$1:$N$33,6,0) -> 44431 | S15: =VLOOKUP(C15,Лист1!$B$1:$N$33,7,0) -> 44431 | T15: =VLOOKUP(C15,Лист1!$B$1:$N$33,8,0) -> 48213 | U15: 0.275 | V15: =U15*E15 -> 0.55 | W15: 0.6 | X15: =W15+W15*0.078 -> 0.6468 | Y15: Декларации соответствия | AE15: отсутствует | AF15: 10005030/090920/0260337 | AG15: Симанитрон
A16: 44063 | B16: =VLOOKUP(C16,Лист1!$B$1:$N$33,2,0) -> 8517620003 | C16: SM6.6-4GE-0.5U-S | D16: =VLOOKUP(C16,Лист1!$B$2:$T$45,14,0) -> ПРОМЫШЛЕННЫЕ КОММУТАТОРЫ ДЛЯ УПРАВЛЕНИЯ В СЕТЯХ ETHERNET, НЕ ЛОМ ЭЛЕКТРООБОРУДОВАНИЯ, НЕ ПРЕДНАЗНАЧЕНЫ ДЛЯ НЕГЛАСНОГО ПОЛУЧЕНИЯ ИНФОРМАЦИИ, КОМПЛЕКТУЮЩИЕ ДЛЯ СЕРВЕРОВ И СЕРВЕРНОГО ОБОРУДОВАНИЯ, ГРАЖДАНСКОГО ПРИМЕНЕНИЯ. ПОСТАВЛЯЮТСЯ С клеммными колодками , уголками для крепления в стойку и консольным кабелем. | E16: 8 | F16: 198 | G16: =F16*E16 -> 1584 | H16: =VLOOKUP(C16,Лист1!$B$1:$N$33,4,0) -> SICOM3028GPT-L3G-MB-HV-HV-S - ПРОМЫШЛЕННЫЕ КОММУТАТОРЫ С ШИРОКИМ СПЕКТРОМ СФЕР ПРИМЕНЕНИЯ И МОДУЛЬНЫМ ДИЗАЙНОМ ДЛЯ ПРОСТОТЫ МАСШТАБИРОВАНИЯ И РАСШИРЕНИЯ ФУНКЦИОНАЛА УСТРОЙСТВА. SICOM3028GPT-L3G МОГУТ ИМЕТЬ ДО 28 ГИГАБИТНЫХ ПОРТОВ. ПРИ ЭТОМ ВОЗМОЖНА ПРАКТИЧЕСКИ ЛЮБАЯ КОМБИНАЦИЯ МЕДНЫХ И ОПТИЧЕСКИХ ПОРТОВ. ПИТАНИЕ: НАПРЯЖЕНИЕ ПИТАНИЯ: 220VAC/DC (85-264VAC/77-370VDC) МЕХАНИЧЕСКИЕ ХАРАКТЕРИСТИКИ: РАЗМЕРЫ 482.6 X 44 X 360 ММ КРЕПЛЕНИЕ 19" СТОЙКА КЛАСС ЗАЩИТЫ IP40 ВЕС 10 КГ РАБОЧАЯ ТЕМПЕРАТУРА ОТ -40 ДО +85С ТЕМПЕРАТУРА ХРАНЕНИЯ -40 ДО +85C ВЛАЖНОСТЬ ОТ 5 ДО 95% (БЕЗ КОНДЕНСАТА) MTBF 368000 ЧАСОВ ГАРАНТИЯ 5 ЛЕТ | I16: CT | J16: Kyland Technology Co., Ltd. | K16: 156 | L16: отсутствует | M16: KYLAND | N16: шт | O16: Нотификация | P16: 10052 | Q16: =VLOOKUP(C16,Лист1!$B$1:$N$33,5,0) -> RU0000053828 | R16: =VLOOKUP(C16,Лист1!$B$1:$N$33,6,0) -> 44431 | S16: =VLOOKUP(C16,Лист1!$B$1:$N$33,7,0) -> 44431 | T16: =VLOOKUP(C16,Лист1!$B$1:$N$33,8,0) -> 48213 | U16: 0.275 | V16: =U16*E16 -> 2.2 | W16: 2.4 | X16: =W16+W16*0.078 -> 2.5872 | Y16: Декларации соответствия | AE16: отсутствует | AF16: 10005030/090920/0260337 | AG16: Симанитрон
A17: 44063 | B17: =VLOOKUP(C17,Лист1!$B$1:$N$33,2,0) -> 8517620003 | C17: SM6.6-4GX-0.5U-S | D17: =VLOOKUP(C17,Лист1!$B$2:$T$45,14,0) -> ПРОМЫШЛЕННЫЕ КОММУТАТОРЫ ДЛЯ УПРАВЛЕНИЯ В СЕТЯХ ETHERNET, НЕ ЛОМ ЭЛЕКТРООБОРУДОВАНИЯ, НЕ ПРЕДНАЗНАЧЕНЫ ДЛЯ НЕГЛАСНОГО ПОЛУЧЕНИЯ ИНФОРМАЦИИ, КОМПЛЕКТУЮЩИЕ ДЛЯ СЕРВЕРОВ И СЕРВЕРНОГО ОБОРУДОВАНИЯ, ГРАЖДАНСКОГО ПРИМЕНЕНИЯ. ПОСТАВЛЯЮТСЯ С клеммными колодками , уголками для крепления в стойку и консольным кабелем. | E17: 4 | F17: 198 | G17: =F17*E17 -> 792 | H17: =VLOOKUP(C17,Лист1!$B$1:$N$33,4,0) -> SICOM3028GPT-L3G-MB-HV-HV-S - ПРОМЫШЛЕННЫЕ КОММУТАТОРЫ С ШИРОКИМ СПЕКТРОМ СФЕР ПРИМЕНЕНИЯ И МОДУЛЬНЫМ ДИЗАЙНОМ ДЛЯ ПРОСТОТЫ МАСШТАБИРОВАНИЯ И РАСШИРЕНИЯ ФУНКЦИОНАЛА УСТРОЙСТВА. SICOM3028GPT-L3G МОГУТ ИМЕТЬ ДО 28 ГИГАБИТНЫХ ПОРТОВ. ПРИ ЭТОМ ВОЗМОЖНА ПРАКТИЧЕСКИ ЛЮБАЯ КОМБИНАЦИЯ МЕДНЫХ И ОПТИЧЕСКИХ ПОРТОВ. ПИТАНИЕ: НАПРЯЖЕНИЕ ПИТАНИЯ: 220VAC/DC (85-264VAC/77-370VDC) МЕХАНИЧЕСКИЕ ХАРАКТЕРИСТИКИ: РАЗМЕРЫ 482.6 X 44 X 360 ММ КРЕПЛЕНИЕ 19" СТОЙКА КЛАСС ЗАЩИТЫ IP40 ВЕС 10 КГ РАБОЧАЯ ТЕМПЕРАТУРА ОТ -40 ДО +85С ТЕМПЕРАТУРА ХРАНЕНИЯ -40 ДО +85C ВЛАЖНОСТЬ ОТ 5 ДО 95% (БЕЗ КОНДЕНСАТА) MTBF 368000 ЧАСОВ ГАРАНТИЯ 5 ЛЕТ | I17: CT | J17: Kyland Technology Co., Ltd. | K17: 156 | L17: отсутствует | M17: KYLAND | N17: шт | O17: Нотификация | P17: 10052 | Q17: =VLOOKUP(C17,Лист1!$B$1:$N$33,5,0) -> RU0000053828 | R17: =VLOOKUP(C17,Лист1!$B$1:$N$33,6,0) -> 44431 | S17: =VLOOKUP(C17,Лист1!$B$1:$N$33,7,0) -> 44431 | T17: =VLOOKUP(C17,Лист1!$B$1:$N$33,8,0) -> 48213 | U17: 0.275 | V17: =U17*E17 -> 1.1 | W17: 1.2 | X17: =W17+W17*0.078 -> 1.2936 | Y17: Декларации соответствия | AE17: отсутствует | AF17: 10005030/090920/0260337 | AG17: Симанитрон
A18: 44063 | B18: =VLOOKUP(C18,Лист1!$B$1:$N$33,2,0) -> 8517620003 | C18: KPS2204-2T4D-L3-L3-S | D18: =VLOOKUP(C18,Лист1!$B$2:$T$45,14,0) -> ПРОМЫШЛЕННЫЕ КОММУТАТОРЫ ДЛЯ УПРАВЛЕНИЯ В СЕТЯХ ETHERNET, НЕ ЛОМ ЭЛЕКТРООБОРУДОВАНИЯ, НЕ ПРЕДНАЗНАЧЕНЫ ДЛЯ НЕГЛАСНОГО ПОЛУЧЕНИЯ ИНФОРМАЦИИ, КОМПЛЕКТУЮЩИЕ ДЛЯ СЕРВЕРОВ И СЕРВЕРНОГО ОБОРУДОВАНИЯ, ГРАЖДАНСКОГО ПРИМЕНЕНИЯ. ПОСТАВЛЯЮТСЯ С клеммными колодками , уголками для крепления в стойку и консольным кабелем. | E18: 2 | F18: 291 | G18: =F18*E18 -> 582 | H18: =VLOOKUP(C18,Лист1!$B$1:$N$33,4,0) -> SICOM3028GPT-L3G-MB-HV-HV-S - ПРОМЫШЛЕННЫЕ КОММУТАТОРЫ С ШИРОКИМ СПЕКТРОМ СФЕР ПРИМЕНЕНИЯ И МОДУЛЬНЫМ ДИЗАЙНОМ ДЛЯ ПРОСТОТЫ МАСШТАБИРОВАНИЯ И РАСШИРЕНИЯ ФУНКЦИОНАЛА УСТРОЙСТВА. SICOM3028GPT-L3G МОГУТ ИМЕТЬ ДО 28 ГИГАБИТНЫХ ПОРТОВ. ПРИ ЭТОМ ВОЗМОЖНА ПРАКТИЧЕСКИ ЛЮБАЯ КОМБИНАЦИЯ МЕДНЫХ И ОПТИЧЕСКИХ ПОРТОВ. ПИТАНИЕ: НАПРЯЖЕНИЕ ПИТАНИЯ: 220VAC/DC (85-264VAC/77-370VDC) МЕХАНИЧЕСКИЕ ХАРАКТЕРИСТИКИ: РАЗМЕРЫ 482.6 X 44 X 360 ММ КРЕПЛЕНИЕ 19" СТОЙКА КЛАСС ЗАЩИТЫ IP40 ВЕС 10 КГ РАБОЧАЯ ТЕМПЕРАТУРА ОТ -40 ДО +85С ТЕМПЕРАТУРА ХРАНЕНИЯ -40 ДО +85C ВЛАЖНОСТЬ ОТ 5 ДО 95% (БЕЗ КОНДЕНСАТА) MTBF 368000 ЧАСОВ ГАРАНТИЯ 5 ЛЕТ | I18: CT | J18: Kyland Technology Co., Ltd. | K18: 156 | L18: отсутствует | M18: KYLAND | N18: шт | O18: Нотификация | P18: 10052 | Q18: =VLOOKUP(C18,Лист1!$B$1:$N$33,5,0) -> RU0000033119 | R18: =VLOOKUP(C18,Лист1!$B$1:$N$33,6,0) -> 42972 | S18: =VLOOKUP(C18,Лист1!$B$1:$N$33,7,0) -> 42972 | T18: =VLOOKUP(C18,Лист1!$B$1:$N$33,8,0) -> 44369 | U18: 0.69 | V18: =U18*E18 -> 1.38 | W18: 2 | X18: =W18+W18*0.078 -> 2.156 | Y18: Декларации соответствия | AE18: отсутствует | AF18: 10005030/090920/0260337 | AG18: Симанитрон
A19: 44063 | B19: =VLOOKUP(C19,Лист1!$B$1:$N$33,2,0) -> 8517620003 | C19: SICOM3024P-4GX24T-HV-HV-S | D19: =VLOOKUP(C19,Лист1!$B$2:$T$45,14,0) -> ПРОМЫШЛЕННЫЕ КОММУТАТОРЫ ДЛЯ УПРАВЛЕНИЯ В СЕТЯХ ETHERNET, НЕ ЛОМ ЭЛЕКТРООБОРУДОВАНИЯ, НЕ ПРЕДНАЗНАЧЕНЫ ДЛЯ НЕГЛАСНОГО ПОЛУЧЕНИЯ ИНФОРМАЦИИ, КОМПЛЕКТУЮЩИЕ ДЛЯ СЕРВЕРОВ И СЕРВЕРНОГО ОБОРУДОВАНИЯ, ГРАЖДАНСКОГО ПРИМЕНЕНИЯ. ПОСТАВЛЯЮТСЯ С клеммными колодками , уголками для крепления в стойку и консольным кабелем. | E19: 10 | F19: 894 | G19: =F19*E19 -> 8940 | H19: =VLOOKUP(C19,Лист1!$B$1:$N$33,4,0) -> Описание SICOM3024P-4GX24T-HV-HV-S - промышленные коммутаторы 2 уровня, монтируемые в 19" стойку. Устройства имеют 4 гигабитных порта и 24 порта 100 Мбит/с, которые могут быть как медными так и оптическими. Коммутаторы крепятся в 19-дюймовую стойку (занимают 1U). Устройства соответствуют IEC61850-3, IEEE1613, EN50155, EN50121-4, NEMA TS-2 для использования в энергетике и на транспорте. Диапазон рабочих температур коммутаторов SICOM3024P-2M26T-SC05-HV-HV-S от -40° до +85°. Характеристики Протоколы DT-Ring, DT-Ring+, MSTP IGMP Snooping, GMRP; VLAN, PVLAN; Telnet, HTTP, HTTPS, SNMPv1/v2/v3, RMON, LLDP, DHCP server; SNTP, RTC; DT-Psec, SSH, SSL, ACL; ARP, QoS Пропускная способность устройства 9.5 Mpps Питание Напряжение питания От 85 до264Вольт переменного тока или от 77 до 300Вольт постоянного тока Потребляемая мощность менее 30 Вт Механические характеристики Размеры 482.6×44×322.5 мм Крепление 19” стойка Класс защиты IP40 Рабочая температура от -40 до +85С Температура хранения -40 до +85C Влажность от 5 до 95% (без конденсата) MTBF 346889 часов Гарантия 5 лет | I19: CT | J19: Kyland Technology Co., Ltd. | K19: 156 | L19: отсутствует | M19: KYLAND | N19: шт | O19: Нотификация | P19: 10052 | Q19: =VLOOKUP(C19,Лист1!$B$1:$N$33,5,0) -> RU0000053826 | R19: =VLOOKUP(C19,Лист1!$B$1:$N$33,6,0) -> 44431 | S19: =VLOOKUP(C19,Лист1!$B$1:$N$33,7,0) -> 44431 | T19: =VLOOKUP(C19,Лист1!$B$1:$N$33,8,0) -> 48213 | U19: 5.22 | V19: =U19*E19 -> 52.2 | W19: 60 | X19: =W19+W19*0.078 -> 64.68 | Y19: Декларации соответствия | Z19: 01191 | AA19: =VLOOKUP(C19,Лист1!$B$1:$N$33,10,0) -> ЕАЭС N RU Д-CN.КА01.В.17403/19 | AB19: =VLOOKUP(C19,Лист1!$B$1:$N$33,11,0) -> 43787 | AC19: =VLOOKUP(C19,Лист1!$B$1:$N$33,12,0) -> 43787 | AD19: =VLOOKUP(C19,Лист1!$B$1:$N$33,13,0) -> 45613 | AE19: отсутствует | AF19: 10005030/090920/0260337 | AG19: Симанитрон
A20: 44063 | B20: =VLOOKUP(C20,Лист1!$B$1:$N$33,2,0) -> 8517620003 | C20: SICOM3009A-8T-L2-L2-S | D20: =VLOOKUP(C20,Лист1!$B$2:$T$45,14,0) -> ПРОМЫШЛЕННЫЕ КОММУТАТОРЫ ДЛЯ УПРАВЛЕНИЯ В СЕТЯХ ETHERNET, НЕ ЛОМ ЭЛЕКТРООБОРУДОВАНИЯ, НЕ ПРЕДНАЗНАЧЕНЫ ДЛЯ НЕГЛАСНОГО ПОЛУЧЕНИЯ ИНФОРМАЦИИ, КОМПЛЕКТУЮЩИЕ ДЛЯ СЕРВЕРОВ И СЕРВЕРНОГО ОБОРУДОВАНИЯ, ГРАЖДАНСКОГО ПРИМЕНЕНИЯ. ПОСТАВЛЯЮТСЯ С клеммными колодками , уголками для крепления в стойку и консольным кабелем. | E20: 1 | F20: 331 | G20: =F20*E20 -> 331 | H20: =VLOOKUP(C20,Лист1!$B$1:$N$33,4,0) -> SICOM3028GPT-L3G-MB-HV-HV-S - ПРОМЫШЛЕННЫЕ КОММУТАТОРЫ С ШИРОКИМ СПЕКТРОМ СФЕР ПРИМЕНЕНИЯ И МОДУЛЬНЫМ ДИЗАЙНОМ ДЛЯ ПРОСТОТЫ МАСШТАБИРОВАНИЯ И РАСШИРЕНИЯ ФУНКЦИОНАЛА УСТРОЙСТВА. SICOM3028GPT-L3G МОГУТ ИМЕТЬ ДО 28 ГИГАБИТНЫХ ПОРТОВ. ПРИ ЭТОМ ВОЗМОЖНА ПРАКТИЧЕСКИ ЛЮБАЯ КОМБИНАЦИЯ МЕДНЫХ И ОПТИЧЕСКИХ ПОРТОВ. ПИТАНИЕ: НАПРЯЖЕНИЕ ПИТАНИЯ: 220VAC/DC (85-264VAC/77-370VDC) МЕХАНИЧЕСКИЕ ХАРАКТЕРИСТИКИ: РАЗМЕРЫ 482.6 X 44 X 360 ММ КРЕПЛЕНИЕ 19" СТОЙКА КЛАСС ЗАЩИТЫ IP40 ВЕС 10 КГ РАБОЧАЯ ТЕМПЕРАТУРА ОТ -40 ДО +85С ТЕМПЕРАТУРА ХРАНЕНИЯ -40 ДО +85C ВЛАЖНОСТЬ ОТ 5 ДО 95% (БЕЗ КОНДЕНСАТА) MTBF 368000 ЧАСОВ ГАРАНТИЯ 5 ЛЕТ | I20: CT | J20: Kyland Technology Co., Ltd. | K20: 156 | L20: отсутствует | M20: KYLAND | N20: шт | O20: Нотификация | P20: 10052 | Q20: =VLOOKUP(C20,Лист1!$B$1:$N$33,5,0) -> RU0000033119 | R20: =VLOOKUP(C20,Лист1!$B$1:$N$33,6,0) -> 42972 | S20: =VLOOKUP(C20,Лист1!$B$1:$N$33,7,0) -> 42972 | T20: =VLOOKUP(C20,Лист1!$B$1:$N$33,8,0) -> 44369 | U20: =VLOOKUP(C20,Лист1!$B$1:$N$33,9,0) -> 0.76 | V20: =U20*E20 -> 0.76 | W20: 1.3 | X20: 1.45 | Y20: Декларации соответствия | AB20: =VLOOKUP(C20,Лист1!$B$1:$N$33,11,0) -> не требеутся | AC20: =VLOOKUP(C20,Лист1!$B$1:$N$33,12,0) -> не требеутся | AD20: =VLOOKUP(C20,Лист1!$B$1:$N$33,13,0) -> не требеутся | AE20: отсутствует | AF20: 10005030/090920/0260337 | AG20: Симанитрон
A21: 44075 | B21: =VLOOKUP(C21,Лист1!$B$1:$N$33,2,0) -> 8517620003 | C21: SICOM3216-16T-L2-L2-S | D21: =VLOOKUP(C21,Лист1!$B$2:$T$45,14,0) -> ПРОМЫШЛЕННЫЕ КОММУТАТОРЫ ДЛЯ УПРАВЛЕНИЯ В СЕТЯХ ETHERNET, НЕ ЛОМ ЭЛЕКТРООБОРУДОВАНИЯ, НЕ ПРЕДНАЗНАЧЕНЫ ДЛЯ НЕГЛАСНОГО ПОЛУЧЕНИЯ ИНФОРМАЦИИ, КОМПЛЕКТУЮЩИЕ ДЛЯ СЕРВЕРОВ И СЕРВЕРНОГО ОБОРУДОВАНИЯ, ГРАЖДАНСКОГО ПРИМЕНЕНИЯ. ПОСТАВЛЯЮТСЯ С клеммными колодками , уголками для крепления в стойку и консольным кабелем. | E21: 2 | F21: 499.5 | G21: =F21*E21 -> 999 | H21: =VLOOKUP(C21,Лист1!$B$1:$N$33,4,0) -> SICOM3028GPT-L3G-MB-HV-HV-S - ПРОМЫШЛЕННЫЕ КОММУТАТОРЫ С ШИРОКИМ СПЕКТРОМ СФЕР ПРИМЕНЕНИЯ И МОДУЛЬНЫМ ДИЗАЙНОМ ДЛЯ ПРОСТОТЫ МАСШТАБИРОВАНИЯ И РАСШИРЕНИЯ ФУНКЦИОНАЛА УСТРОЙСТВА. SICOM3028GPT-L3G МОГУТ ИМЕТЬ ДО 28 ГИГАБИТНЫХ ПОРТОВ. ПРИ ЭТОМ ВОЗМОЖНА ПРАКТИЧЕСКИ ЛЮБАЯ КОМБИНАЦИЯ МЕДНЫХ И ОПТИЧЕСКИХ ПОРТОВ. ПИТАНИЕ: НАПРЯЖЕНИЕ ПИТАНИЯ: 220VAC/DC (85-264VAC/77-370VDC) МЕХАНИЧЕСКИЕ ХАРАКТЕРИСТИКИ: РАЗМЕРЫ 482.6 X 44 X 360 ММ КРЕПЛЕНИЕ 19" СТОЙКА КЛАСС ЗАЩИТЫ IP40 ВЕС 10 КГ РАБОЧАЯ ТЕМПЕРАТУРА ОТ -40 ДО +85С ТЕМПЕРАТУРА ХРАНЕНИЯ -40 ДО +85C ВЛАЖНОСТЬ ОТ 5 ДО 95% (БЕЗ КОНДЕНСАТА) MTBF 368000 ЧАСОВ ГАРАНТИЯ 5 ЛЕТ | I21: CT | J21: Kyland Technology Co., Ltd. | K21: 156 | L21: отсутствует | M21: KYLAND | N21: шт | O21: Нотификация | P21: 10052 | Q21: =VLOOKUP(C21,Лист1!$B$1:$N$33,5,0) -> RU0000033119 | R21: =VLOOKUP(C21,Лист1!$B$1:$N$33,6,0) -> 42972 | S21: =VLOOKUP(C21,Лист1!$B$1:$N$33,7,0) -> 42972 | T21: =VLOOKUP(C21,Лист1!$B$1:$N$33,8,0) -> 44369 | U21: =VLOOKUP(C21,Лист1!$B$1:$N$33,9,0) -> 0.76 | W21: 4.9 | X21: 6 | Y21: Декларации соответствия | Z21: 01191 | AB21: =VLOOKUP(C21,Лист1!$B$1:$N$33,11,0) -> не требеутся | AC21: =VLOOKUP(C21,Лист1!$B$1:$N$33,12,0) -> не требеутся | AD21: =VLOOKUP(C21,Лист1!$B$1:$N$33,13,0) -> не требеутся | AE21: отсутствует | AF21: 10005030/170920/0270653 | AG21: Симанитрон
A22: 44082 | B22: =VLOOKUP(C22,Лист1!$B$1:$N$33,2,0) -> 8517620003 | C22: SICOM3009A-1S7T-SC40-L2-L2-S | D22: =VLOOKUP(C22,Лист1!$B$2:$T$45,14,0) -> ПРОМЫШЛЕННЫЕ КОММУТАТОРЫ ДЛЯ УПРАВЛЕНИЯ В СЕТЯХ ETHERNET, НЕ ЛОМ ЭЛЕКТРООБОРУДОВАНИЯ, НЕ ПРЕДНАЗНАЧЕНЫ ДЛЯ НЕГЛАСНОГО ПОЛУЧЕНИЯ ИНФОРМАЦИИ, КОМПЛЕКТУЮЩИЕ ДЛЯ СЕРВЕРОВ И СЕРВЕРНОГО ОБОРУДОВАНИЯ, ГРАЖДАНСКОГО ПРИМЕНЕНИЯ. ПОСТАВЛЯЮТСЯ С клеммными колодками , уголками для крепления в стойку и консольным кабелем. | E22: 10 | F22: 396 | G22: =F22*E22 -> 3960 | H22: =VLOOKUP(C22,Лист1!$B$1:$N$33,4,0) -> SICOM3028GPT-L3G-MB-HV-HV-S - ПРОМЫШЛЕННЫЕ КОММУТАТОРЫ С ШИРОКИМ СПЕКТРОМ СФЕР ПРИМЕНЕНИЯ И МОДУЛЬНЫМ ДИЗАЙНОМ ДЛЯ ПРОСТОТЫ МАСШТАБИРОВАНИЯ И РАСШИРЕНИЯ ФУНКЦИОНАЛА УСТРОЙСТВА. SICOM3028GPT-L3G МОГУТ ИМЕТЬ ДО 28 ГИГАБИТНЫХ ПОРТОВ. ПРИ ЭТОМ ВОЗМОЖНА ПРАКТИЧЕСКИ ЛЮБАЯ КОМБИНАЦИЯ МЕДНЫХ И ОПТИЧЕСКИХ ПОРТОВ. ПИТАНИЕ: НАПРЯЖЕНИЕ ПИТАНИЯ: 220VAC/DC (85-264VAC/77-370VDC) МЕХАНИЧЕСКИЕ ХАРАКТЕРИСТИКИ: РАЗМЕРЫ 482.6 X 44 X 360 ММ КРЕПЛЕНИЕ 19" СТОЙКА КЛАСС ЗАЩИТЫ IP40 ВЕС 10 КГ РАБОЧАЯ ТЕМПЕРАТУРА ОТ -40 ДО +85С ТЕМПЕРАТУРА ХРАНЕНИЯ -40 ДО +85C ВЛАЖНОСТЬ ОТ 5 ДО 95% (БЕЗ КОНДЕНСАТА) MTBF 368000 ЧАСОВ ГАРАНТИЯ 5 ЛЕТ | I22: CT | J22: Kyland Technology Co., Ltd. | K22: 156 | L22: отсутствует | M22: KYLAND | N22: шт | O22: Нотификация | P22: 10052 | Q22: =VLOOKUP(C22,Лист1!$B$1:$N$33,5,0) -> RU0000033118 | R22: =VLOOKUP(C22,Лист1!$B$1:$N$33,6,0) -> 42972 | S22: =VLOOKUP(C22,Лист1!$B$1:$N$33,7,0) -> 42972 | T22: =VLOOKUP(C22,Лист1!$B$1:$N$33,8,0) -> 44369 | U22: =VLOOKUP(C22,Лист1!$B$1:$N$33,9,0) -> 0.76 | V22: =U22*E22 -> 7.6 | W22: 13 | X22: =W22+W22*0.06 -> 13.78 | Y22: Декларации соответствия | Z22: 01191 | AB22: =VLOOKUP(C22,Лист1!$B$1:$N$33,11,0) -> не требеутся | AC22: =VLOOKUP(C22,Лист1!$B$1:$N$33,12,0) -> не требеутся | AD22: =VLOOKUP(C22,Лист1!$B$1:$N$33,13,0) -> не требеутся | AE22: отсутствует | AF22: 10005030/210920/0274803 | AG22: Симанитрон
A23: 44082 | B23: =VLOOKUP(C23,Лист1!$B$1:$N$33,2,0) -> 8517620003 | C23: SICOM3009A-8T-L2-L2-S | D23: =VLOOKUP(C23,Лист1!$B$2:$T$45,14,0) -> ПРОМЫШЛЕННЫЕ КОММУТАТОРЫ ДЛЯ УПРАВЛЕНИЯ В СЕТЯХ ETHERNET, НЕ ЛОМ ЭЛЕКТРООБОРУДОВАНИЯ, НЕ ПРЕДНАЗНАЧЕНЫ ДЛЯ НЕГЛАСНОГО ПОЛУЧЕНИЯ ИНФОРМАЦИИ, КОМПЛЕКТУЮЩИЕ ДЛЯ СЕРВЕРОВ И СЕРВЕРНОГО ОБОРУДОВАНИЯ, ГРАЖДАНСКОГО ПРИМЕНЕНИЯ. ПОСТАВЛЯЮТСЯ С клеммными колодками , уголками для крепления в стойку и консольным кабелем. | E23: 6 | F23: 331 | G23: =F23*E23 -> 1986 | H23: =VLOOKUP(C23,Лист1!$B$1:$N$33,4,0) -> SICOM3028GPT-L3G-MB-HV-HV-S - ПРОМЫШЛЕННЫЕ КОММУТАТОРЫ С ШИРОКИМ СПЕКТРОМ СФЕР ПРИМЕНЕНИЯ И МОДУЛЬНЫМ ДИЗАЙНОМ ДЛЯ ПРОСТОТЫ МАСШТАБИРОВАНИЯ И РАСШИРЕНИЯ ФУНКЦИОНАЛА УСТРОЙСТВА. SICOM3028GPT-L3G МОГУТ ИМЕТЬ ДО 28 ГИГАБИТНЫХ ПОРТОВ. ПРИ ЭТОМ ВОЗМОЖНА ПРАКТИЧЕСКИ ЛЮБАЯ КОМБИНАЦИЯ МЕДНЫХ И ОПТИЧЕСКИХ ПОРТОВ. ПИТАНИЕ: НАПРЯЖЕНИЕ ПИТАНИЯ: 220VAC/DC (85-264VAC/77-370VDC) МЕХАНИЧЕСКИЕ ХАРАКТЕРИСТИКИ: РАЗМЕРЫ 482.6 X 44 X 360 ММ КРЕПЛЕНИЕ 19" СТОЙКА КЛАСС ЗАЩИТЫ IP40 ВЕС 10 КГ РАБОЧАЯ ТЕМПЕРАТУРА ОТ -40 ДО +85С ТЕМПЕРАТУРА ХРАНЕНИЯ -40 ДО +85C ВЛАЖНОСТЬ ОТ 5 ДО 95% (БЕЗ КОНДЕНСАТА) MTBF 368000 ЧАСОВ ГАРАНТИЯ 5 ЛЕТ | I23: CT | J23: Kyland Technology Co., Ltd. | K23: 156 | L23: отсутствует | M23: KYLAND | N23: шт | O23: Нотификация | P23: 10052 | Q23: =VLOOKUP(C23,Лист1!$B$1:$N$33,5,0) -> RU0000033119 | R23: =VLOOKUP(C23,Лист1!$B$1:$N$33,6,0) -> 42972 | S23: =VLOOKUP(C23,Лист1!$B$1:$N$33,7,0) -> 42972 | T23: =VLOOKUP(C23,Лист1!$B$1:$N$33,8,0) -> 44369 | U23: =VLOOKUP(C23,Лист1!$B$1:$N$33,9,0) -> 0.76 | V23: =U23*E23 -> 4.56 | W23: 7.8 | X23: 8.22 | Y23: Декларации соответствия | Z23: 01191 | AB23: =VLOOKUP(C23,Лист1!$B$1:$N$33,11,0) -> не требеутся | AC23: =VLOOKUP(C23,Лист1!$B$1:$N$33,12,0) -> не требеутся | AD23: =VLOOKUP(C23,Лист1!$B$1:$N$33,13,0) -> не требеутся | AE23: отсутствует | AF23: 10005030/210920/0274803 | AG23: Симанитрон
A24: 44125 | B24: =VLOOKUP(C24,Лист1!$B$1:$N$33,2,0) -> 8517620003 | C24: SICOM3000-2S6T-SC40-L2-L2-S | D24: =VLOOKUP(C24,Лист1!$B$2:$T$45,14,0) -> ПРОМЫШЛЕННЫЕ КОММУТАТОРЫ ДЛЯ УПРАВЛЕНИЯ В СЕТЯХ ETHERNET, НЕ ЛОМ ЭЛЕКТРООБОРУДОВАНИЯ, НЕ ПРЕДНАЗНАЧЕНЫ ДЛЯ НЕГЛАСНОГО ПОЛУЧЕНИЯ ИНФОРМАЦИИ, КОМПЛЕКТУЮЩИЕ ДЛЯ СЕРВЕРОВ И СЕРВЕРНОГО ОБОРУДОВАНИЯ, ГРАЖДАНСКОГО ПРИМЕНЕНИЯ. ПОСТАВЛЯЮТСЯ С клеммными колодками , уголками для крепления в стойку и консольным кабелем. | E24: 68 | F24: 250.33 | G24: =F24*E24 -> 17022.44 | H24: =VLOOKUP(C24,Лист1!$B$1:$N$33,4,0) -> SICOM3028GPT-L3G-MB-HV-HV-S - ПРОМЫШЛЕННЫЕ КОММУТАТОРЫ С ШИРОКИМ СПЕКТРОМ СФЕР ПРИМЕНЕНИЯ И МОДУЛЬНЫМ ДИЗАЙНОМ ДЛЯ ПРОСТОТЫ МАСШТАБИРОВАНИЯ И РАСШИРЕНИЯ ФУНКЦИОНАЛА УСТРОЙСТВА. SICOM3028GPT-L3G МОГУТ ИМЕТЬ ДО 28 ГИГАБИТНЫХ ПОРТОВ. ПРИ ЭТОМ ВОЗМОЖНА ПРАКТИЧЕСКИ ЛЮБАЯ КОМБИНАЦИЯ МЕДНЫХ И ОПТИЧЕСКИХ ПОРТОВ. ПИТАНИЕ: НАПРЯЖЕНИЕ ПИТАНИЯ: 220VAC/DC (85-264VAC/77-370VDC) МЕХАНИЧЕСКИЕ ХАРАКТЕРИСТИКИ: РАЗМЕРЫ 482.6 X 44 X 360 ММ КРЕПЛЕНИЕ 19" СТОЙКА КЛАСС ЗАЩИТЫ IP40 ВЕС 10 КГ РАБОЧАЯ ТЕМПЕРАТУРА ОТ -40 ДО +85С ТЕМПЕРАТУРА ХРАНЕНИЯ -40 ДО +85C ВЛАЖНОСТЬ ОТ 5 ДО 95% (БЕЗ КОНДЕНСАТА) MTBF 368000 ЧАСОВ ГАРАНТИЯ 5 ЛЕТ | I24: CT | J24: Kyland Technology Co., Ltd. | K24: 156 | L24: отсутствует | M24: KYLAND | N24: шт | O24: Нотификация | P24: 10052 | Q24: =VLOOKUP(C24,Лист1!$B$1:$N$33,5,0) -> RU0000033118 | R24: =VLOOKUP(C24,Лист1!$B$1:$N$33,6,0) -> 42972 | S24: =VLOOKUP(C24,Лист1!$B$1:$N$33,7,0) -> 42972 | T24: =VLOOKUP(C24,Лист1!$B$1:$N$33,8,0) -> 44369 | U24: 1.5 | V24: =U24*E24 -> 102 | W24: 103 | X24: 107.27 | Y24: Декларация о соответствии | AE24: отсутствует | AF24: 10005030/031120/0330735 | AG24: Симанитрон
A25: 44125 | B25: =VLOOKUP(C25,Лист1!$B$1:$N$33,2,0) -> 8517620003 | C25: SYM3000A-8T-L2-L2 | D25: =VLOOKUP(C25,Лист1!$B$2:$T$45,14,0) -> ПРОМЫШЛЕННЫЕ КОММУТАТОРЫ ДЛЯ УПРАВЛЕНИЯ В СЕТЯХ ETHERNET, НЕ ЛОМ ЭЛЕКТРООБОРУДОВАНИЯ, НЕ ПРЕДНАЗНАЧЕНЫ ДЛЯ НЕГЛАСНОГО ПОЛУЧЕНИЯ ИНФОРМАЦИИ, КОМПЛЕКТУЮЩИЕ ДЛЯ СЕРВЕРОВ И СЕРВЕРНОГО ОБОРУДОВАНИЯ, ГРАЖДАНСКОГО ПРИМЕНЕНИЯ. ПОСТАВЛЯЮТСЯ С клеммными колодками , уголками для крепления в стойку и консольным кабелем. | E25: 16 | F25: 195.08 | G25: =F25*E25 -> 3121.28 | H25: =VLOOKUP(C25,Лист1!$B$1:$N$33,4,0) -> SICOM3028GPT-L3G-MB-HV-HV-S - ПРОМЫШЛЕННЫЕ КОММУТАТОРЫ С ШИРОКИМ СПЕКТРОМ СФЕР ПРИМЕНЕНИЯ И МОДУЛЬНЫМ ДИЗАЙНОМ ДЛЯ ПРОСТОТЫ МАСШТАБИРОВАНИЯ И РАСШИРЕНИЯ ФУНКЦИОНАЛА УСТРОЙСТВА. SICOM3028GPT-L3G МОГУТ ИМЕТЬ ДО 28 ГИГАБИТНЫХ ПОРТОВ. ПРИ ЭТОМ ВОЗМОЖНА ПРАКТИЧЕСКИ ЛЮБАЯ КОМБИНАЦИЯ МЕДНЫХ И ОПТИЧЕСКИХ ПОРТОВ. ПИТАНИЕ: НАПРЯЖЕНИЕ ПИТАНИЯ: 220VAC/DC (85-264VAC/77-370VDC) МЕХАНИЧЕСКИЕ ХАРАКТЕРИСТИКИ: РАЗМЕРЫ 482.6 X 44 X 360 ММ КРЕПЛЕНИЕ 19" СТОЙКА КЛАСС ЗАЩИТЫ IP40 ВЕС 10 КГ РАБОЧАЯ ТЕМПЕРАТУРА ОТ -40 ДО +85С ТЕМПЕРАТУРА ХРАНЕНИЯ -40 ДО +85C ВЛАЖНОСТЬ ОТ 5 ДО 95% (БЕЗ КОНДЕНСАТА) MTBF 368000 ЧАСОВ ГАРАНТИЯ 5 ЛЕТ | I25: CT | J25: Kyland Technology Co., Ltd. | K25: 156 | L25: отсутствует | M25: KYLAND | N25: шт | O25: Нотификация | P25: 10052 | Q25: =VLOOKUP(C25,Лист1!$B$1:$N$33,5,0) -> RU0000049917 | R25: =VLOOKUP(C25,Лист1!$B$1:$N$33,6,0) -> 44099 | S25: =VLOOKUP(C25,Лист1!$B$1:$N$33,7,0) -> 44099 | T25: =VLOOKUP(C25,Лист1!$B$1:$N$33,8,0) -> 47848 | U25: =VLOOKUP(C25,Лист1!$B$1:$N$33,9,0) -> 1.1 | V25: =U25*E25 -> 17.6 | W25: 24 | X25: =W25+W25*0.05 -> 25.2 | Y25: Декларация о соответствии | AE25: отсутствует | AF25: 10005030/031120/0330735 | AG25: Симанитрон
A26: 44125 | B26: =VLOOKUP(C26,Лист1!$B$1:$N$33,2,0) -> 8517620003 | C26: SYM3000A-2SFP8T-L2-L2 | D26: =VLOOKUP(C26,Лист1!$B$2:$T$45,14,0) -> ПРОМЫШЛЕННЫЕ КОММУТАТОРЫ ДЛЯ УПРАВЛЕНИЯ В СЕТЯХ ETHERNET, НЕ ЛОМ ЭЛЕКТРООБОРУДОВАНИЯ, НЕ ПРЕДНАЗНАЧЕНЫ ДЛЯ НЕГЛАСНОГО ПОЛУЧЕНИЯ ИНФОРМАЦИИ, КОМПЛЕКТУЮЩИЕ ДЛЯ СЕРВЕРОВ И СЕРВЕРНОГО ОБОРУДОВАНИЯ, ГРАЖДАНСКОГО ПРИМЕНЕНИЯ. ПОСТАВЛЯЮТСЯ С клеммными колодками , уголками для крепления в стойку и консольным кабелем. | E26: 3 | F26: 250.33 | G26: =F26*E26 -> 750.99 | H26: =VLOOKUP(C26,Лист1!$B$1:$N$33,4,0) -> SICOM3028GPT-L3G-MB-HV-HV-S - ПРОМЫШЛЕННЫЕ КОММУТАТОРЫ С ШИРОКИМ СПЕКТРОМ СФЕР ПРИМЕНЕНИЯ И МОДУЛЬНЫМ ДИЗАЙНОМ ДЛЯ ПРОСТОТЫ МАСШТАБИРОВАНИЯ И РАСШИРЕНИЯ ФУНКЦИОНАЛА УСТРОЙСТВА. SICOM3028GPT-L3G МОГУТ ИМЕТЬ ДО 28 ГИГАБИТНЫХ ПОРТОВ. ПРИ ЭТОМ ВОЗМОЖНА ПРАКТИЧЕСКИ ЛЮБАЯ КОМБИНАЦИЯ МЕДНЫХ И ОПТИЧЕСКИХ ПОРТОВ. ПИТАНИЕ: НАПРЯЖЕНИЕ ПИТАНИЯ: 220VAC/DC (85-264VAC/77-370VDC) МЕХАНИЧЕСКИЕ ХАРАКТЕРИСТИКИ: РАЗМЕРЫ 482.6 X 44 X 360 ММ КРЕПЛЕНИЕ 19" СТОЙКА КЛАСС ЗАЩИТЫ IP40 ВЕС 10 КГ РАБОЧАЯ ТЕМПЕРАТУРА ОТ -40 ДО +85С ТЕМПЕРАТУРА ХРАНЕНИЯ -40 ДО +85C ВЛАЖНОСТЬ ОТ 5 ДО 95% (БЕЗ КОНДЕНСАТА) MTBF 368000 ЧАСОВ ГАРАНТИЯ 5 ЛЕТ | I26: CT | J26: Kyland Technology Co., Ltd. | K26: 156 | L26: отсутствует | M26: KYLAND | N26: шт | O26: Нотификация | P26: 10052 | Q26: =VLOOKUP(C26,Лист1!$B$1:$N$33,5,0) -> RU0000049917 | R26: =VLOOKUP(C26,Лист1!$B$1:$N$33,6,0) -> 44099 | S26: =VLOOKUP(C26,Лист1!$B$1:$N$33,7,0) -> 44099 | T26: =VLOOKUP(C26,Лист1!$B$1:$N$33,8,0) -> 47848 | U26: =VLOOKUP(C26,Лист1!$B$1:$N$33,9,0) -> 1.5 | V26: =U26*E26 -> 4.5 | W26: 4.5 | X26: =W26+W26*0.05 -> 4.725 | Y26: Декларация о соответствии | AE26: отсутствует | AF26: 10005030/031120/0330735 | AG26: Симанитрон
A27: 44125 | B27: =VLOOKUP(C27,Лист1!$B$1:$N$33,2,0) -> 8517620003 | C27: SYM3000A-4SFP16T-L2-L2 | D27: =VLOOKUP(C27,Лист1!$B$2:$T$45,14,0) -> ПРОМЫШЛЕННЫЕ КОММУТАТОРЫ ДЛЯ УПРАВЛЕНИЯ В СЕТЯХ ETHERNET, НЕ ЛОМ ЭЛЕКТРООБОРУДОВАНИЯ, НЕ ПРЕДНАЗНАЧЕНЫ ДЛЯ НЕГЛАСНОГО ПОЛУЧЕНИЯ ИНФОРМАЦИИ, КОМПЛЕКТУЮЩИЕ ДЛЯ СЕРВЕРОВ И СЕРВЕРНОГО ОБОРУДОВАНИЯ, ГРАЖДАНСКОГО ПРИМЕНЕНИЯ. ПОСТАВЛЯЮТСЯ С клеммными колодками , уголками для крепления в стойку и консольным кабелем. | E27: 9 | F27: 424.58 | G27: =F27*E27 -> 3821.22 | H27: =VLOOKUP(C27,Лист1!$B$1:$N$33,4,0) -> SICOM3028GPT-L3G-MB-HV-HV-S - ПРОМЫШЛЕННЫЕ КОММУТАТОРЫ С ШИРОКИМ СПЕКТРОМ СФЕР ПРИМЕНЕНИЯ И МОДУЛЬНЫМ ДИЗАЙНОМ ДЛЯ ПРОСТОТЫ МАСШТАБИРОВАНИЯ И РАСШИРЕНИЯ ФУНКЦИОНАЛА УСТРОЙСТВА. SICOM3028GPT-L3G МОГУТ ИМЕТЬ ДО 28 ГИГАБИТНЫХ ПОРТОВ. ПРИ ЭТОМ ВОЗМОЖНА ПРАКТИЧЕСКИ ЛЮБАЯ КОМБИНАЦИЯ МЕДНЫХ И ОПТИЧЕСКИХ ПОРТОВ. ПИТАНИЕ: НАПРЯЖЕНИЕ ПИТАНИЯ: 220VAC/DC (85-264VAC/77-370VDC) МЕХАНИЧЕСКИЕ ХАРАКТЕРИСТИКИ: РАЗМЕРЫ 482.6 X 44 X 360 ММ КРЕПЛЕНИЕ 19" СТОЙКА КЛАСС ЗАЩИТЫ IP40 ВЕС 10 КГ РАБОЧАЯ ТЕМПЕРАТУРА ОТ -40 ДО +85С ТЕМПЕРАТУРА ХРАНЕНИЯ -40 ДО +85C ВЛАЖНОСТЬ ОТ 5 ДО 95% (БЕЗ КОНДЕНСАТА) MTBF 368000 ЧАСОВ ГАРАНТИЯ 5 ЛЕТ | I27: CT | J27: Kyland Technology Co., Ltd. | K27: 156 | L27: отсутствует | M27: KYLAND | N27: шт | O27: Нотификация | P27: 10052 | Q27: =VLOOKUP(C27,Лист1!$B$1:$N$33,5,0) -> RU0000049917 | R27: =VLOOKUP(C27,Лист1!$B$1:$N$33,6,0) -> 44099 | S27: =VLOOKUP(C27,Лист1!$B$1:$N$33,7,0) -> 44099 | T27: =VLOOKUP(C27,Лист1!$B$1:$N$33,8,0) -> 47848 | U27: =VLOOKUP(C27,Лист1!$B$1:$N$33,9,0) -> 1.9 | V27: =U27*E27 -> 17.1 | W27: 13.5 | X27: =W27+W27*0.05 -> 14.175 | Y27: Декларация о соответствии | AE27: отсутствует | AF27: 10005030/031120/0330735 | AG27: Симанитрон
A28: 44125 | B28: =VLOOKUP(C28,Лист1!$B$1:$N$33,2,0) -> 8517620003 | C28: SICOM3000-2M6T-SC05-HV-S | D28: =VLOOKUP(C28,Лист1!$B$2:$T$45,14,0) -> ПРОМЫШЛЕННЫЕ КОММУТАТОРЫ ДЛЯ УПРАВЛЕНИЯ В СЕТЯХ ETHERNET, НЕ ЛОМ ЭЛЕКТРООБОРУДОВАНИЯ, НЕ ПРЕДНАЗНАЧЕНЫ ДЛЯ НЕГЛАСНОГО ПОЛУЧЕНИЯ ИНФОРМАЦИИ, КОМПЛЕКТУЮЩИЕ ДЛЯ СЕРВЕРОВ И СЕРВЕРНОГО ОБОРУДОВАНИЯ, ГРАЖДАНСКОГО ПРИМЕНЕНИЯ. ПОСТАВЛЯЮТСЯ С клеммными колодками , уголками для крепления в стойку и консольным кабелем. | E28: 2 | F28: 386.75 | G28: =F28*E28 -> 773.5 | H28: =VLOOKUP(C28,Лист1!$B$1:$N$33,4,0) -> SICOM3028GPT-L3G-MB-HV-HV-S - ПРОМЫШЛЕННЫЕ КОММУТАТОРЫ С ШИРОКИМ СПЕКТРОМ СФЕР ПРИМЕНЕНИЯ И МОДУЛЬНЫМ ДИЗАЙНОМ ДЛЯ ПРОСТОТЫ МАСШТАБИРОВАНИЯ И РАСШИРЕНИЯ ФУНКЦИОНАЛА УСТРОЙСТВА. SICOM3028GPT-L3G МОГУТ ИМЕТЬ ДО 28 ГИГАБИТНЫХ ПОРТОВ. ПРИ ЭТОМ ВОЗМОЖНА ПРАКТИЧЕСКИ ЛЮБАЯ КОМБИНАЦИЯ МЕДНЫХ И ОПТИЧЕСКИХ ПОРТОВ. ПИТАНИЕ: НАПРЯЖЕНИЕ ПИТАНИЯ: 220VAC/DC (85-264VAC/77-370VDC) МЕХАНИЧЕСКИЕ ХАРАКТЕРИСТИКИ: РАЗМЕРЫ 482.6 X 44 X 360 ММ КРЕПЛЕНИЕ 19" СТОЙКА КЛАСС ЗАЩИТЫ IP40 ВЕС 10 КГ РАБОЧАЯ ТЕМПЕРАТУРА ОТ -40 ДО +85С ТЕМПЕРАТУРА ХРАНЕНИЯ -40 ДО +85C ВЛАЖНОСТЬ ОТ 5 ДО 95% (БЕЗ КОНДЕНСАТА) MTBF 368000 ЧАСОВ ГАРАНТИЯ 5 ЛЕТ | I28: CT | J28: Kyland Technology Co., Ltd. | K28: 156 | L28: отсутствует | M28: KYLAND | N28: шт | O28: Нотификация | P28: 10052 | Q28: =VLOOKUP(C28,Лист1!$B$1:$N$33,5,0) -> RU0000033118 | R28: =VLOOKUP(C28,Лист1!$B$1:$N$33,6,0) -> 42972 | S28: =VLOOKUP(C28,Лист1!$B$1:$N$33,7,0) -> 42972 | T28: =VLOOKUP(C28,Лист1!$B$1:$N$33,8,0) -> 44369 | U28: =VLOOKUP(C28,Лист1!$B$1:$N$33,9,0) -> 1 | V28: =U28*E28 -> 2 | W28: 3 | X28: =W28+W28*0.05 -> 3.15 | Y28: Декларация о соответствии | Z28: 01191 | AA28: =VLOOKUP(C28,Лист1!$B$1:$N$33,10,0) -> ЕАЭС N RU Д-CN.КА01.В.17403/19 | AB28: =VLOOKUP(C28,Лист1!$B$1:$N$33,11,0) -> 43787 | AC28: =VLOOKUP(C28,Лист1!$B$1:$N$33,12,0) -> 43787 | AD28: =VLOOKUP(C28,Лист1!$B$1:$N$33,13,0) -> 45613 | AE28: отсутствует | AF28: 10005030/031120/0330735 | AG28: Симанитрон
A29: 44125 | B29: =VLOOKUP(C29,Лист1!$B$1:$N$33,2,0) -> 8517620003 | C29: SYM3000A-8T-HV | D29: =VLOOKUP(C29,Лист1!$B$2:$T$45,14,0) -> ПРОМЫШЛЕННЫЕ КОММУТАТОРЫ ДЛЯ УПРАВЛЕНИЯ В СЕТЯХ ETHERNET, НЕ ЛОМ ЭЛЕКТРООБОРУДОВАНИЯ, НЕ ПРЕДНАЗНАЧЕНЫ ДЛЯ НЕГЛАСНОГО ПОЛУЧЕНИЯ ИНФОРМАЦИИ, КОМПЛЕКТУЮЩИЕ ДЛЯ СЕРВЕРОВ И СЕРВЕРНОГО ОБОРУДОВАНИЯ, ГРАЖДАНСКОГО ПРИМЕНЕНИЯ. ПОСТАВЛЯЮТСЯ С клеммными колодками , уголками для крепления в стойку и консольным кабелем. | E29: 10 | F29: 195.07 | G29: =F29*E29 -> 1950.7 | H29: =VLOOKUP(C29,Лист1!$B$1:$N$33,4,0) -> SICOM3028GPT-L3G-MB-HV-HV-S - ПРОМЫШЛЕННЫЕ КОММУТАТОРЫ С ШИРОКИМ СПЕКТРОМ СФЕР ПРИМЕНЕНИЯ И МОДУЛЬНЫМ ДИЗАЙНОМ ДЛЯ ПРОСТОТЫ МАСШТАБИРОВАНИЯ И РАСШИРЕНИЯ ФУНКЦИОНАЛА УСТРОЙСТВА. SICOM3028GPT-L3G МОГУТ ИМЕТЬ ДО 28 ГИГАБИТНЫХ ПОРТОВ. ПРИ ЭТОМ ВОЗМОЖНА ПРАКТИЧЕСКИ ЛЮБАЯ КОМБИНАЦИЯ МЕДНЫХ И ОПТИЧЕСКИХ ПОРТОВ. ПИТАНИЕ: НАПРЯЖЕНИЕ ПИТАНИЯ: 220VAC/DC (85-264VAC/77-370VDC) МЕХАНИЧЕСКИЕ ХАРАКТЕРИСТИКИ: РАЗМЕРЫ 482.6 X 44 X 360 ММ КРЕПЛЕНИЕ 19" СТОЙКА КЛАСС ЗАЩИТЫ IP40 ВЕС 10 КГ РАБОЧАЯ ТЕМПЕРАТУРА ОТ -40 ДО +85С ТЕМПЕРАТУРА ХРАНЕНИЯ -40 ДО +85C ВЛАЖНОСТЬ ОТ 5 ДО 95% (БЕЗ КОНДЕНСАТА) MTBF 368000 ЧАСОВ ГАРАНТИЯ 5 ЛЕТ | I29: CT | J29: Kyland Technology Co., Ltd. | K29: 156 | L29: отсутствует | M29: KYLAND | N29: шт | O29: Нотификация | P29: 10052 | Q29: =VLOOKUP(C29,Лист1!$B$1:$N$33,5,0) -> RU0000049917 | R29: =VLOOKUP(C29,Лист1!$B$1:$N$33,6,0) -> 44099 | S29: =VLOOKUP(C29,Лист1!$B$1:$N$33,7,0) -> 44099 | T29: =VLOOKUP(C29,Лист1!$B$1:$N$33,8,0) -> 47848 | U29: =VLOOKUP(C29,Лист1!$B$1:$N$33,9,0) -> 1.1 | V29: =U29*E29 -> 11 | W29: 15 | X29: =W29+W29*0.05 -> 15.75 | Y29: Декларация о соответствии | Z29: 01191 | AA29: =VLOOKUP(C29,Лист1!$B$1:$N$33,10,0) -> ЕАЭС N RU Д-CN.КА01.В.27192/20 | AB29: =VLOOKUP(C29,Лист1!$B$1:$N$33,11,0) -> 43984 | AC29: =VLOOKUP(C29,Лист1!$B$1:$N$33,12,0) -> 43984 | AD29: =VLOOKUP(C29,Лист1!$B$1:$N$33,13,0) -> 45809 | AE29: отсутствует | AF29: 10005030/031120/0330735 | AG29: Симанитрон
A30: 44125 | B30: =VLOOKUP(C30,Лист1!$B$1:$N$33,2,0) -> 8517620003 | C30: SICOM3009A-8T-L2-L2-S | D30: =VLOOKUP(C30,Лист1!$B$2:$T$45,14,0) -> ПРОМЫШЛЕННЫЕ КОММУТАТОРЫ ДЛЯ УПРАВЛЕНИЯ В СЕТЯХ ETHERNET, НЕ ЛОМ ЭЛЕКТРООБОРУДОВАНИЯ, НЕ ПРЕДНАЗНАЧЕНЫ ДЛЯ НЕГЛАСНОГО ПОЛУЧЕНИЯ ИНФОРМАЦИИ, КОМПЛЕКТУЮЩИЕ ДЛЯ СЕРВЕРОВ И СЕРВЕРНОГО ОБОРУДОВАНИЯ, ГРАЖДАНСКОГО ПРИМЕНЕНИЯ. ПОСТАВЛЯЮТСЯ С клеммными колодками , уголками для крепления в стойку и консольным кабелем. | E30: 2 | F30: 331 | G30: =F30*E30 -> 662 | H30: =VLOOKUP(C30,Лист1!$B$1:$N$33,4,0) -> SICOM3028GPT-L3G-MB-HV-HV-S - ПРОМЫШЛЕННЫЕ КОММУТАТОРЫ С ШИРОКИМ СПЕКТРОМ СФЕР ПРИМЕНЕНИЯ И МОДУЛЬНЫМ ДИЗАЙНОМ ДЛЯ ПРОСТОТЫ МАСШТАБИРОВАНИЯ И РАСШИРЕНИЯ ФУНКЦИОНАЛА УСТРОЙСТВА. SICOM3028GPT-L3G МОГУТ ИМЕТЬ ДО 28 ГИГАБИТНЫХ ПОРТОВ. ПРИ ЭТОМ ВОЗМОЖНА ПРАКТИЧЕСКИ ЛЮБАЯ КОМБИНАЦИЯ МЕДНЫХ И ОПТИЧЕСКИХ ПОРТОВ. ПИТАНИЕ: НАПРЯЖЕНИЕ ПИТАНИЯ: 220VAC/DC (85-264VAC/77-370VDC) МЕХАНИЧЕСКИЕ ХАРАКТЕРИСТИКИ: РАЗМЕРЫ 482.6 X 44 X 360 ММ КРЕПЛЕНИЕ 19" СТОЙКА КЛАСС ЗАЩИТЫ IP40 ВЕС 10 КГ РАБОЧАЯ ТЕМПЕРАТУРА ОТ -40 ДО +85С ТЕМПЕРАТУРА ХРАНЕНИЯ -40 ДО +85C ВЛАЖНОСТЬ ОТ 5 ДО 95% (БЕЗ КОНДЕНСАТА) MTBF 368000 ЧАСОВ ГАРАНТИЯ 5 ЛЕТ | I30: CT | J30: Kyland Technology Co., Ltd. | K30: 156 | L30: отсутствует | M30: KYLAND | N30: шт | O30: Нотификация | P30: 10052 | Q30: =VLOOKUP(C30,Лист1!$B$1:$N$33,5,0) -> RU0000033119 | R30: =VLOOKUP(C30,Лист1!$B$1:$N$33,6,0) -> 42972 | S30: =VLOOKUP(C30,Лист1!$B$1:$N$33,7,0) -> 42972 | T30: =VLOOKUP(C30,Лист1!$B$1:$N$33,8,0) -> 44369 | U30: =VLOOKUP(C30,Лист1!$B$1:$N$33,9,0) -> 0.76 | V30: =U30*E30 -> 1.52 | W30: 2.6 | X30: =W30+W30*0.05 -> 2.73 | Y30: Декларация о соответствии | AE30: отсутствует | AF30: 10005030/031120/0330735 | AG30: Симанитрон
A31: 21.10.2020 с батарейками | B31: =VLOOKUP(C31,Лист1!$B$1:$N$33,2,0) -> 8517620003 | C31: SICOM3024P-4GX16S8T-SC40-HV-HV-S | D31: =VLOOKUP(C31,Лист1!$B$2:$T$45,14,0) -> ПРОМЫШЛЕННЫЕ КОММУТАТОРЫ ДЛЯ УПРАВЛЕНИЯ В СЕТЯХ ETHERNET, НЕ ЛОМ ЭЛЕКТРООБОРУДОВАНИЯ, НЕ ПРЕДНАЗНАЧЕНЫ ДЛЯ НЕГЛАСНОГО ПОЛУЧЕНИЯ ИНФОРМАЦИИ, КОМПЛЕКТУЮЩИЕ ДЛЯ СЕРВЕРОВ И СЕРВЕРНОГО ОБОРУДОВАНИЯ, ГРАЖДАНСКОГО ПРИМЕНЕНИЯ. ПОСТАВЛЯЮТСЯ С клеммными колодками , уголками для крепления в стойку и консольным кабелем. | E31: 9 | F31: 1236.75 | G31: =F31*E31 -> 11130.75 | H31: =VLOOKUP(C31,Лист1!$B$1:$N$33,4,0) -> SICOM3028GPT-L3G-MB-HV-HV-S - ПРОМЫШЛЕННЫЕ КОММУТАТОРЫ С ШИРОКИМ СПЕКТРОМ СФЕР ПРИМЕНЕНИЯ И МОДУЛЬНЫМ ДИЗАЙНОМ ДЛЯ ПРОСТОТЫ МАСШТАБИРОВАНИЯ И РАСШИРЕНИЯ ФУНКЦИОНАЛА УСТРОЙСТВА. SICOM3028GPT-L3G МОГУТ ИМЕТЬ ДО 28 ГИГАБИТНЫХ ПОРТОВ. ПРИ ЭТОМ ВОЗМОЖНА ПРАКТИЧЕСКИ ЛЮБАЯ КОМБИНАЦИЯ МЕДНЫХ И ОПТИЧЕСКИХ ПОРТОВ. ПИТАНИЕ: НАПРЯЖЕНИЕ ПИТАНИЯ: 220VAC/DC (85-264VAC/77-370VDC) МЕХАНИЧЕСКИЕ ХАРАКТЕРИСТИКИ: РАЗМЕРЫ 482.6 X 44 X 360 ММ КРЕПЛЕНИЕ 19" СТОЙКА КЛАСС ЗАЩИТЫ IP40 ВЕС 10 КГ РАБОЧАЯ ТЕМПЕРАТУРА ОТ -40 ДО +85С ТЕМПЕРАТУРА ХРАНЕНИЯ -40 ДО +85C ВЛАЖНОСТЬ ОТ 5 ДО 95% (БЕЗ КОНДЕНСАТА) MTBF 368000 ЧАСОВ ГАРАНТИЯ 5 ЛЕТ | I31: CT | J31: Kyland Technology Co., Ltd. | K31: 156 | L31: отсутствует | M31: KYLAND | N31: шт | O31: Нотификация | P31: 10052 | Q31: =VLOOKUP(C31,Лист1!$B$1:$N$33,5,0) -> RU0000033121 | R31: =VLOOKUP(C31,Лист1!$B$1:$N$33,6,0) -> 42972 | S31: =VLOOKUP(C31,Лист1!$B$1:$N$33,7,0) -> 42972 | T31: =VLOOKUP(C31,Лист1!$B$1:$N$33,8,0) -> 44369 | U31: =VLOOKUP(C31,Лист1!$B$1:$N$33,9,0) -> 4 | V31: =U31*E31 -> 36 | W31: 54 | X31: 61.79 | Y31: Декларация о соответствии | Z31: 01191 | AA31: =VLOOKUP(C31,Лист1!$B$1:$N$33,10,0) -> ЕАЭС N RU Д-CN.КА01.В.17403/19 | AB31: =VLOOKUP(C31,Лист1!$B$1:$N$33,11,0) -> 43787 | AC31: =VLOOKUP(C31,Лист1!$B$1:$N$33,12,0) -> 43787 | AD31: =VLOOKUP(C31,Лист1!$B$1:$N$33,13,0) -> 45613 | AE31: отсутствует | AF31: 10005030/231120/0359603 | AG31: Симанитрон
A32: 21.10.2020 с батарейками | B32: =VLOOKUP(C32,Лист1!$B$1:$N$33,2,0) -> 8517620003 | C32: SICOM3028GPT-L3G-MB-HV-HV-S | D32: =VLOOKUP(C32,Лист1!$B$2:$T$45,14,0) -> ПРОМЫШЛЕННЫЕ КОММУТАТОРЫ ДЛЯ УПРАВЛЕНИЯ В СЕТЯХ ETHERNET, НЕ ЛОМ ЭЛЕКТРООБОРУДОВАНИЯ, НЕ ПРЕДНАЗНАЧЕНЫ ДЛЯ НЕГЛАСНОГО ПОЛУЧЕНИЯ ИНФОРМАЦИИ, КОМПЛЕКТУЮЩИЕ ДЛЯ СЕРВЕРОВ И СЕРВЕРНОГО ОБОРУДОВАНИЯ, ГРАЖДАНСКОГО ПРИМЕНЕНИЯ. ПОСТАВЛЯЮТСЯ С клеммными колодками , уголками для крепления в стойку и консольным кабелем. | E32: 9 | F32: 1162.8 | G32: =F32*E32 -> 10465.2 | H32: =VLOOKUP(C32,Лист1!$B$1:$N$33,4,0) -> SICOM3028GPT-L3G-MB-HV-HV-S - ПРОМЫШЛЕННЫЕ КОММУТАТОРЫ С ШИРОКИМ СПЕКТРОМ СФЕР ПРИМЕНЕНИЯ И МОДУЛЬНЫМ ДИЗАЙНОМ ДЛЯ ПРОСТОТЫ МАСШТАБИРОВАНИЯ И РАСШИРЕНИЯ ФУНКЦИОНАЛА УСТРОЙСТВА. SICOM3028GPT-L3G МОГУТ ИМЕТЬ ДО 28 ГИГАБИТНЫХ ПОРТОВ. ПРИ ЭТОМ ВОЗМОЖНА ПРАКТИЧЕСКИ ЛЮБАЯ КОМБИНАЦИЯ МЕДНЫХ И ОПТИЧЕСКИХ ПОРТОВ. ПИТАНИЕ: НАПРЯЖЕНИЕ ПИТАНИЯ: 220VAC/DC (85-264VAC/77-370VDC) МЕХАНИЧЕСКИЕ ХАРАКТЕРИСТИКИ: РАЗМЕРЫ 482.6 X 44 X 360 ММ КРЕПЛЕНИЕ 19" СТОЙКА КЛАСС ЗАЩИТЫ IP40 ВЕС 10 КГ РАБОЧАЯ ТЕМПЕРАТУРА ОТ -40 ДО +85С ТЕМПЕРАТУРА ХРАНЕНИЯ -40 ДО +85C ВЛАЖНОСТЬ ОТ 5 ДО 95% (БЕЗ КОНДЕНСАТА) MTBF 368000 ЧАСОВ ГАРАНТИЯ 5 ЛЕТ | I32: CT | J32: Kyland Technology Co., Ltd. | K32: 156 | L32: отсутствует | M32: KYLAND | N32: шт | O32: Нотификация | P32: 10052 | Q32: =VLOOKUP(C32,Лист1!$B$1:$N$33,5,0) -> RU0000053245 | R32: =VLOOKUP(C32,Лист1!$B$1:$N$33,6,0) -> 44383 | S32: =VLOOKUP(C32,Лист1!$B$1:$N$33,7,0) -> 44383 | T32: =VLOOKUP(C32,Лист1!$B$1:$N$33,8,0) -> 48213 | U32: =VLOOKUP(C32,Лист1!$B$1:$N$33,9,0) -> 10 | V32: =U32*E32 -> 90 | W32: 65.7 | X32: =W32+W32*0.14 -> 74.898 | Y32: Декларация о соответствии | Z32: 01191 | AA32: =VLOOKUP(C32,Лист1!$B$1:$N$33,10,0) -> ЕАЭС N RU Д-CN.КА01.В.23216/20 | AB32: =VLOOKUP(C32,Лист1!$B$1:$N$33,11,0) -> 43908 | AC32: =VLOOKUP(C32,Лист1!$B$1:$N$33,12,0) -> 43908 | AD32: =VLOOKUP(C32,Лист1!$B$1:$N$33,13,0) -> 45733 | AE32: отсутствует | AF32: 10005030/231120/0359603 | AG32: Симанитрон
A33: 21.10.2020 с батарейками | B33: =VLOOKUP(C33,Лист1!$B$1:$N$33,2,0) -> 8517620003 | C33: SM6.6-4GE-1U-S | D33: =VLOOKUP(C33,Лист1!$B$2:$T$45,14,0) -> ПРОМЫШЛЕННЫЕ КОММУТАТОРЫ ДЛЯ УПРАВЛЕНИЯ В СЕТЯХ ETHERNET, НЕ ЛОМ ЭЛЕКТРООБОРУДОВАНИЯ, НЕ ПРЕДНАЗНАЧЕНЫ ДЛЯ НЕГЛАСНОГО ПОЛУЧЕНИЯ ИНФОРМАЦИИ, КОМПЛЕКТУЮЩИЕ ДЛЯ СЕРВЕРОВ И СЕРВЕРНОГО ОБОРУДОВАНИЯ, ГРАЖДАНСКОГО ПРИМЕНЕНИЯ. ПОСТАВЛЯЮТСЯ С клеммными колодками , уголками для крепления в стойку и консольным кабелем. | E33: 9 | F33: 168.3 | G33: =F33*E33 -> 1514.7 | H33: =VLOOKUP(C33,Лист1!$B$1:$N$33,4,0) -> SICOM3028GPT-L3G-MB-HV-HV-S - ПРОМЫШЛЕННЫЕ КОММУТАТОРЫ С ШИРОКИМ СПЕКТРОМ СФЕР ПРИМЕНЕНИЯ И МОДУЛЬНЫМ ДИЗАЙНОМ ДЛЯ ПРОСТОТЫ МАСШТАБИРОВАНИЯ И РАСШИРЕНИЯ ФУНКЦИОНАЛА УСТРОЙСТВА. SICOM3028GPT-L3G МОГУТ ИМЕТЬ ДО 28 ГИГАБИТНЫХ ПОРТОВ. ПРИ ЭТОМ ВОЗМОЖНА ПРАКТИЧЕСКИ ЛЮБАЯ КОМБИНАЦИЯ МЕДНЫХ И ОПТИЧЕСКИХ ПОРТОВ. ПИТАНИЕ: НАПРЯЖЕНИЕ ПИТАНИЯ: 220VAC/DC (85-264VAC/77-370VDC) МЕХАНИЧЕСКИЕ ХАРАКТЕРИСТИКИ: РАЗМЕРЫ 482.6 X 44 X 360 ММ КРЕПЛЕНИЕ 19" СТОЙКА КЛАСС ЗАЩИТЫ IP40 ВЕС 10 КГ РАБОЧАЯ ТЕМПЕРАТУРА ОТ -40 ДО +85С ТЕМПЕРАТУРА ХРАНЕНИЯ -40 ДО +85C ВЛАЖНОСТЬ ОТ 5 ДО 95% (БЕЗ КОНДЕНСАТА) MTBF 368000 ЧАСОВ ГАРАНТИЯ 5 ЛЕТ | I33: CT | J33: Kyland Technology Co., Ltd. | K33: 156 | L33: отсутствует | M33: KYLAND | N33: шт | O33: Нотификация | P33: 10052 | Q33: =VLOOKUP(C33,Лист1!$B$1:$N$33,5,0) -> RU0000053828 | R33: =VLOOKUP(C33,Лист1!$B$1:$N$33,6,0) -> 44431 | S33: =VLOOKUP(C33,Лист1!$B$1:$N$33,7,0) -> 44431 | T33: =VLOOKUP(C33,Лист1!$B$1:$N$33,8,0) -> 48213 | U33: =VLOOKUP(C33,Лист1!$B$1:$N$33,9,0) -> 0.3 | V33: =U33*E33 -> 2.7 | W33: 2.7 | X33: =W33+W33*0.14 -> 3.078 | Y33: Декларация о соответствии | Z33: 01191 | AE33: отсутствует | AF33: 10005030/231120/0359603 | AG33: Симанитрон
A34: 21.10.2020 с батарейками | B34: =VLOOKUP(C34,Лист1!$B$1:$N$33,2,0) -> 8517620003 | C34: SM6.6-4T-0.5U-S | D34: =VLOOKUP(C34,Лист1!$B$2:$T$45,14,0) -> ПРОМЫШЛЕННЫЕ КОММУТАТОРЫ ДЛЯ УПРАВЛЕНИЯ В СЕТЯХ ETHERNET, НЕ ЛОМ ЭЛЕКТРООБОРУДОВАНИЯ, НЕ ПРЕДНАЗНАЧЕНЫ ДЛЯ НЕГЛАСНОГО ПОЛУЧЕНИЯ ИНФОРМАЦИИ, КОМПЛЕКТУЮЩИЕ ДЛЯ СЕРВЕРОВ И СЕРВЕРНОГО ОБОРУДОВАНИЯ, ГРАЖДАНСКОГО ПРИМЕНЕНИЯ. ПОСТАВЛЯЮТСЯ С клеммными колодками , уголками для крепления в стойку и консольным кабелем. | E34: 9 | F34: 50.15 | G34: =F34*E34 -> 451.35 | H34: =VLOOKUP(C34,Лист1!$B$1:$N$33,4,0) -> SICOM3028GPT-L3G-MB-HV-HV-S - ПРОМЫШЛЕННЫЕ КОММУТАТОРЫ С ШИРОКИМ СПЕКТРОМ СФЕР ПРИМЕНЕНИЯ И МОДУЛЬНЫМ ДИЗАЙНОМ ДЛЯ ПРОСТОТЫ МАСШТАБИРОВАНИЯ И РАСШИРЕНИЯ ФУНКЦИОНАЛА УСТРОЙСТВА. SICOM3028GPT-L3G МОГУТ ИМЕТЬ ДО 28 ГИГАБИТНЫХ ПОРТОВ. ПРИ ЭТОМ ВОЗМОЖНА ПРАКТИЧЕСКИ ЛЮБАЯ КОМБИНАЦИЯ МЕДНЫХ И ОПТИЧЕСКИХ ПОРТОВ. ПИТАНИЕ: НАПРЯЖЕНИЕ ПИТАНИЯ: 220VAC/DC (85-264VAC/77-370VDC) МЕХАНИЧЕСКИЕ ХАРАКТЕРИСТИКИ: РАЗМЕРЫ 482.6 X 44 X 360 ММ КРЕПЛЕНИЕ 19" СТОЙКА КЛАСС ЗАЩИТЫ IP40 ВЕС 10 КГ РАБОЧАЯ ТЕМПЕРАТУРА ОТ -40 ДО +85С ТЕМПЕРАТУРА ХРАНЕНИЯ -40 ДО +85C ВЛАЖНОСТЬ ОТ 5 ДО 95% (БЕЗ КОНДЕНСАТА) MTBF 368000 ЧАСОВ ГАРАНТИЯ 5 ЛЕТ | I34: CT | J34: Kyland Technology Co., Ltd. | K34: 156 | L34: отсутствует | M34: KYLAND | N34: шт | O34: Нотификация | P34: 10052 | Q34: =VLOOKUP(C34,Лист1!$B$1:$N$33,5,0) -> RU0000053828 | R34: =VLOOKUP(C34,Лист1!$B$1:$N$33,6,0) -> 44431 | S34: =VLOOKUP(C34,Лист1!$B$1:$N$33,7,0) -> 44431 | T34: =VLOOKUP(C34,Лист1!$B$1:$N$33,8,0) -> 48213 | U34: =VLOOKUP(C34,Лист1!$B$1:$N$33,9,0) -> 0.3 | V34: =U34*E34 -> 2.7 | W34: 2.7 | X34: =W34+W34*0.14 -> 3.078 | Y34: Декларация о соответствии | Z34: 01191 | AE34: отсутствует | AF34: 10005030/231120/0359603 | AG34: Симанитрон
A35: 21.10.2020 с батарейками | B35: =VLOOKUP(C35,Лист1!$B$1:$N$33,2,0) -> 8517620003 | C35: SM6.6-4M-ST05-0.5U-S | D35: =VLOOKUP(C35,Лист1!$B$2:$T$45,14,0) -> ПРОМЫШЛЕННЫЕ КОММУТАТОРЫ ДЛЯ УПРАВЛЕНИЯ В СЕТЯХ ETHERNET, НЕ ЛОМ ЭЛЕКТРООБОРУДОВАНИЯ, НЕ ПРЕДНАЗНАЧЕНЫ ДЛЯ НЕГЛАСНОГО ПОЛУЧЕНИЯ ИНФОРМАЦИИ, КОМПЛЕКТУЮЩИЕ ДЛЯ СЕРВЕРОВ И СЕРВЕРНОГО ОБОРУДОВАНИЯ, ГРАЖДАНСКОГО ПРИМЕНЕНИЯ. ПОСТАВЛЯЮТСЯ С клеммными колодками , уголками для крепления в стойку и консольным кабелем. | E35: 18 | F35: 224.4 | G35: =F35*E35 -> 4039.2 | H35: =VLOOKUP(C35,Лист1!$B$1:$N$33,4,0) -> SICOM3028GPT-L3G-MB-HV-HV-S - ПРОМЫШЛЕННЫЕ КОММУТАТОРЫ С ШИРОКИМ СПЕКТРОМ СФЕР ПРИМЕНЕНИЯ И МОДУЛЬНЫМ ДИЗАЙНОМ ДЛЯ ПРОСТОТЫ МАСШТАБИРОВАНИЯ И РАСШИРЕНИЯ ФУНКЦИОНАЛА УСТРОЙСТВА. SICOM3028GPT-L3G МОГУТ ИМЕТЬ ДО 28 ГИГАБИТНЫХ ПОРТОВ. ПРИ ЭТОМ ВОЗМОЖНА ПРАКТИЧЕСКИ ЛЮБАЯ КОМБИНАЦИЯ МЕДНЫХ И ОПТИЧЕСКИХ ПОРТОВ. ПИТАНИЕ: НАПРЯЖЕНИЕ ПИТАНИЯ: 220VAC/DC (85-264VAC/77-370VDC) МЕХАНИЧЕСКИЕ ХАРАКТЕРИСТИКИ: РАЗМЕРЫ 482.6 X 44 X 360 ММ КРЕПЛЕНИЕ 19" СТОЙКА КЛАСС ЗАЩИТЫ IP40 ВЕС 10 КГ РАБОЧАЯ ТЕМПЕРАТУРА ОТ -40 ДО +85С ТЕМПЕРАТУРА ХРАНЕНИЯ -40 ДО +85C ВЛАЖНОСТЬ ОТ 5 ДО 95% (БЕЗ КОНДЕНСАТА) MTBF 368000 ЧАСОВ ГАРАНТИЯ 5 ЛЕТ | I35: CT | J35: Kyland Technology Co., Ltd. | K35: 156 | L35: отсутствует | M35: KYLAND | N35: шт | O35: Нотификация | P35: 10052 | Q35: =VLOOKUP(C35,Лист1!$B$1:$N$33,5,0) -> RU0000053828 | R35: =VLOOKUP(C35,Лист1!$B$1:$N$33,6,0) -> 44431 | S35: =VLOOKUP(C35,Лист1!$B$1:$N$33,7,0) -> 44431 | T35: =VLOOKUP(C35,Лист1!$B$1:$N$33,8,0) -> 48213 | U35: =VLOOKUP(C35,Лист1!$B$1:$N$33,9,0) -> 0.3 | V35: =U35*E35 -> 5.4 | W35: 5.4 | X35: =W35+W35*0.14 -> 6.156 | Y35: Декларация о соответствии | Z35: 01191 | AE35: отсутствует | AF35: 10005030/231120/0359603 | AG35: Симанитрон
A36: 44158 | B36: =VLOOKUP(C36,Лист1!$B$1:$N$33,2,0) -> 8517620003 | C36: SYM6000A-8GE-L2-L2 | D36: =VLOOKUP(C36,Лист1!$B$2:$T$45,14,0) -> ПРОМЫШЛЕННЫЕ КОММУТАТОРЫ ДЛЯ УПРАВЛЕНИЯ В СЕТЯХ ETHERNET, НЕ ЛОМ ЭЛЕКТРООБОРУДОВАНИЯ, НЕ ПРЕДНАЗНАЧЕНЫ ДЛЯ НЕГЛАСНОГО ПОЛУЧЕНИЯ ИНФОРМАЦИИ, КОМПЛЕКТУЮЩИЕ ДЛЯ СЕРВЕРОВ И СЕРВЕРНОГО ОБОРУДОВАНИЯ, ГРАЖДАНСКОГО ПРИМЕНЕНИЯ. ПОСТАВЛЯЮТСЯ С клеммными колодками , уголками для крепления в стойку и консольным кабелем. | E36: 6 | F36: 569.07 | G36: =F36*E36 -> 3414.42 | H36: =VLOOKUP(C36,Лист1!$B$1:$N$33,4,0) -> SICOM3028GPT-L3G-MB-HV-HV-S - ПРОМЫШЛЕННЫЕ КОММУТАТОРЫ С ШИРОКИМ СПЕКТРОМ СФЕР ПРИМЕНЕНИЯ И МОДУЛЬНЫМ ДИЗАЙНОМ ДЛЯ ПРОСТОТЫ МАСШТАБИРОВАНИЯ И РАСШИРЕНИЯ ФУНКЦИОНАЛА УСТРОЙСТВА. SICOM3028GPT-L3G МОГУТ ИМЕТЬ ДО 28 ГИГАБИТНЫХ ПОРТОВ. ПРИ ЭТОМ ВОЗМОЖНА ПРАКТИЧЕСКИ ЛЮБАЯ КОМБИНАЦИЯ МЕДНЫХ И ОПТИЧЕСКИХ ПОРТОВ. ПИТАНИЕ: НАПРЯЖЕНИЕ ПИТАНИЯ: 220VAC/DC (85-264VAC/77-370VDC) МЕХАНИЧЕСКИЕ ХАРАКТЕРИСТИКИ: РАЗМЕРЫ 482.6 X 44 X 360 ММ КРЕПЛЕНИЕ 19" СТОЙКА КЛАСС ЗАЩИТЫ IP40 ВЕС 10 КГ РАБОЧАЯ ТЕМПЕРАТУРА ОТ -40 ДО +85С ТЕМПЕРАТУРА ХРАНЕНИЯ -40 ДО +85C ВЛАЖНОСТЬ ОТ 5 ДО 95% (БЕЗ КОНДЕНСАТА) MTBF 368000 ЧАСОВ ГАРАНТИЯ 5 ЛЕТ | I36: CT | J36: Kyland Technology Co., Ltd. | K36: 156 | L36: отсутствует | M36: KYLAND | N36: шт | O36: Нотификация | P36: 10052 | Q36: =VLOOKUP(C36,Лист1!$B$1:$N$33,5,0) -> RU0000049918 | R36: =VLOOKUP(C36,Лист1!$B$1:$N$33,6,0) -> 44099 | S36: =VLOOKUP(C36,Лист1!$B$1:$N$33,7,0) -> 44099 | T36: =VLOOKUP(C36,Лист1!$B$1:$N$33,8,0) -> 47848 | U36: =VLOOKUP(C36,Лист1!$B$1:$N$33,9,0) -> 1.5 | V36: =U36*E36 -> 9 | W36: 9.6 | X36: 11.04 | Y36: Декларация о соответствии | Z36: 01191 | AE36: отсутствует | AF36: 10005030/041220/0376976 | AG36: Симанитрон
A37: 44158 | B37: =VLOOKUP(C37,Лист1!$B$1:$N$33,2,0) -> 8517620003 | C37: SICOM3009A-8T-HV-S | D37: =VLOOKUP(C37,Лист1!$B$2:$T$45,14,0) -> ПРОМЫШЛЕННЫЕ КОММУТАТОРЫ ДЛЯ УПРАВЛЕНИЯ В СЕТЯХ ETHERNET, НЕ ЛОМ ЭЛЕКТРООБОРУДОВАНИЯ, НЕ ПРЕДНАЗНАЧЕНЫ ДЛЯ НЕГЛАСНОГО ПОЛУЧЕНИЯ ИНФОРМАЦИИ, КОМПЛЕКТУЮЩИЕ ДЛЯ СЕРВЕРОВ И СЕРВЕРНОГО ОБОРУДОВАНИЯ, ГРАЖДАНСКОГО ПРИМЕНЕНИЯ. ПОСТАВЛЯЮТСЯ С клеммными колодками , уголками для крепления в стойку и консольным кабелем. | E37: 2 | F37: 331 | G37: =F37*E37 -> 662 | H37: =VLOOKUP(C37,Лист1!$B$1:$N$33,4,0) -> SICOM3028GPT-L3G-MB-HV-HV-S - ПРОМЫШЛЕННЫЕ КОММУТАТОРЫ С ШИРОКИМ СПЕКТРОМ СФЕР ПРИМЕНЕНИЯ И МОДУЛЬНЫМ ДИЗАЙНОМ ДЛЯ ПРОСТОТЫ МАСШТАБИРОВАНИЯ И РАСШИРЕНИЯ ФУНКЦИОНАЛА УСТРОЙСТВА. SICOM3028GPT-L3G МОГУТ ИМЕТЬ ДО 28 ГИГАБИТНЫХ ПОРТОВ. ПРИ ЭТОМ ВОЗМОЖНА ПРАКТИЧЕСКИ ЛЮБАЯ КОМБИНАЦИЯ МЕДНЫХ И ОПТИЧЕСКИХ ПОРТОВ. ПИТАНИЕ: НАПРЯЖЕНИЕ ПИТАНИЯ: 220VAC/DC (85-264VAC/77-370VDC) МЕХАНИЧЕСКИЕ ХАРАКТЕРИСТИКИ: РАЗМЕРЫ 482.6 X 44 X 360 ММ КРЕПЛЕНИЕ 19" СТОЙКА КЛАСС ЗАЩИТЫ IP40 ВЕС 10 КГ РАБОЧАЯ ТЕМПЕРАТУРА ОТ -40 ДО +85С ТЕМПЕРАТУРА ХРАНЕНИЯ -40 ДО +85C ВЛАЖНОСТЬ ОТ 5 ДО 95% (БЕЗ КОНДЕНСАТА) MTBF 368000 ЧАСОВ ГАРАНТИЯ 5 ЛЕТ | I37: CT | J37: Kyland Technology Co., Ltd. | K37: 156 | L37: отсутствует | M37: KYLAND | N37: шт | O37: Нотификация | P37: 10052 | Q37: =VLOOKUP(C37,Лист1!$B$1:$N$33,5,0) -> RU0000033118 | R37: =VLOOKUP(C37,Лист1!$B$1:$N$33,6,0) -> 42972 | S37: =VLOOKUP(C37,Лист1!$B$1:$N$33,7,0) -> 42972 | T37: =VLOOKUP(C37,Лист1!$B$1:$N$33,8,0) -> 44369 | U37: =VLOOKUP(C37,Лист1!$B$1:$N$33,9,0) -> 0.76 | V37: =U37*E37 -> 1.52 | W37: 2.6 | X37: 2.9926 | Y37: Декларация о соответствии | Z37: 01191 | AA37: =VLOOKUP(C37,Лист1!$B$1:$N$33,10,0) -> ЕАЭС N RU Д-CN.НВ54.В.04091/20 | AB37: =VLOOKUP(C37,Лист1!$B$1:$N$33,11,0) -> 44166 | AC37: =VLOOKUP(C37,Лист1!$B$1:$N$33,12,0) -> 44167 | AD37: =VLOOKUP(C37,Лист1!$B$1:$N$33,13,0) -> 45992 | AE37: отсутствует | AF37: 10005030/041220/0376976 | AG37: Симанитрон
A38: 44158 | B38: =VLOOKUP(C38,Лист1!$B$1:$N$33,2,0) -> 8517620003 | C38: SYM3000A-16T-L2-L2 | D38: =VLOOKUP(C38,Лист1!$B$2:$T$45,14,0) -> ПРОМЫШЛЕННЫЕ КОММУТАТОРЫ ДЛЯ УПРАВЛЕНИЯ В СЕТЯХ ETHERNET, НЕ ЛОМ ЭЛЕКТРООБОРУДОВАНИЯ, НЕ ПРЕДНАЗНАЧЕНЫ ДЛЯ НЕГЛАСНОГО ПОЛУЧЕНИЯ ИНФОРМАЦИИ, КОМПЛЕКТУЮЩИЕ ДЛЯ СЕРВЕРОВ И СЕРВЕРНОГО ОБОРУДОВАНИЯ, ГРАЖДАНСКОГО ПРИМЕНЕНИЯ. ПОСТАВЛЯЮТСЯ С клеммными колодками , уголками для крепления в стойку и консольным кабелем. | E38: 1 | F38: 424.5 | G38: =F38*E38 -> 424.5 | H38: =VLOOKUP(C38,Лист1!$B$1:$N$33,4,0) -> SICOM3028GPT-L3G-MB-HV-HV-S - ПРОМЫШЛЕННЫЕ КОММУТАТОРЫ С ШИРОКИМ СПЕКТРОМ СФЕР ПРИМЕНЕНИЯ И МОДУЛЬНЫМ ДИЗАЙНОМ ДЛЯ ПРОСТОТЫ МАСШТАБИРОВАНИЯ И РАСШИРЕНИЯ ФУНКЦИОНАЛА УСТРОЙСТВА. SICOM3028GPT-L3G МОГУТ ИМЕТЬ ДО 28 ГИГАБИТНЫХ ПОРТОВ. ПРИ ЭТОМ ВОЗМОЖНА ПРАКТИЧЕСКИ ЛЮБАЯ КОМБИНАЦИЯ МЕДНЫХ И ОПТИЧЕСКИХ ПОРТОВ. ПИТАНИЕ: НАПРЯЖЕНИЕ ПИТАНИЯ: 220VAC/DC (85-264VAC/77-370VDC) МЕХАНИЧЕСКИЕ ХАРАКТЕРИСТИКИ: РАЗМЕРЫ 482.6 X 44 X 360 ММ КРЕПЛЕНИЕ 19" СТОЙКА КЛАСС ЗАЩИТЫ IP40 ВЕС 10 КГ РАБОЧАЯ ТЕМПЕРАТУРА ОТ -40 ДО +85С ТЕМПЕРАТУРА ХРАНЕНИЯ -40 ДО +85C ВЛАЖНОСТЬ ОТ 5 ДО 95% (БЕЗ КОНДЕНСАТА) MTBF 368000 ЧАСОВ ГАРАНТИЯ 5 ЛЕТ | I38: CT | J38: Kyland Technology Co., Ltd. | K38: 156 | L38: отсутствует | M38: KYLAND | N38: шт | O38: Нотификация | P38: 10052 | Q38: =VLOOKUP(C38,Лист1!$B$1:$N$33,5,0) -> RU0000049917 | R38: =VLOOKUP(C38,Лист1!$B$1:$N$33,6,0) -> 44099 | S38: =VLOOKUP(C38,Лист1!$B$1:$N$33,7,0) -> 44099 | T38: =VLOOKUP(C38,Лист1!$B$1:$N$33,8,0) -> 47848 | U38: =VLOOKUP(C38,Лист1!$B$1:$N$33,9,0) -> 1.1 | V38: =U38*E38 -> 1.1 | W38: 1.5 | X38: 1.7265 | Y38: Декларация о соответствии | Z38: 01191 | AE38: отсутствует | AF38: 10005030/041220/0376976 | AG38: Симанитрон
A39: 44158 | B39: =VLOOKUP(C39,Лист1!$B$1:$N$33,2,0) -> 8517620003 | C39: SYM3000A-8T-L2-L2 | D39: =VLOOKUP(C39,Лист1!$B$2:$T$45,14,0) -> ПРОМЫШЛЕННЫЕ КОММУТАТОРЫ ДЛЯ УПРАВЛЕНИЯ В СЕТЯХ ETHERNET, НЕ ЛОМ ЭЛЕКТРООБОРУДОВАНИЯ, НЕ ПРЕДНАЗНАЧЕНЫ ДЛЯ НЕГЛАСНОГО ПОЛУЧЕНИЯ ИНФОРМАЦИИ, КОМПЛЕКТУЮЩИЕ ДЛЯ СЕРВЕРОВ И СЕРВЕРНОГО ОБОРУДОВАНИЯ, ГРАЖДАНСКОГО ПРИМЕНЕНИЯ. ПОСТАВЛЯЮТСЯ С клеммными колодками , уголками для крепления в стойку и консольным кабелем. | E39: 2 | F39: 229.5 | G39: =F39*E39 -> 459 | H39: =VLOOKUP(C39,Лист1!$B$1:$N$33,4,0) -> SICOM3028GPT-L3G-MB-HV-HV-S - ПРОМЫШЛЕННЫЕ КОММУТАТОРЫ С ШИРОКИМ СПЕКТРОМ СФЕР ПРИМЕНЕНИЯ И МОДУЛЬНЫМ ДИЗАЙНОМ ДЛЯ ПРОСТОТЫ МАСШТАБИРОВАНИЯ И РАСШИРЕНИЯ ФУНКЦИОНАЛА УСТРОЙСТВА. SICOM3028GPT-L3G МОГУТ ИМЕТЬ ДО 28 ГИГАБИТНЫХ ПОРТОВ. ПРИ ЭТОМ ВОЗМОЖНА ПРАКТИЧЕСКИ ЛЮБАЯ КОМБИНАЦИЯ МЕДНЫХ И ОПТИЧЕСКИХ ПОРТОВ. ПИТАНИЕ: НАПРЯЖЕНИЕ ПИТАНИЯ: 220VAC/DC (85-264VAC/77-370VDC) МЕХАНИЧЕСКИЕ ХАРАКТЕРИСТИКИ: РАЗМЕРЫ 482.6 X 44 X 360 ММ КРЕПЛЕНИЕ 19" СТОЙКА КЛАСС ЗАЩИТЫ IP40 ВЕС 10 КГ РАБОЧАЯ ТЕМПЕРАТУРА ОТ -40 ДО +85С ТЕМПЕРАТУРА ХРАНЕНИЯ -40 ДО +85C ВЛАЖНОСТЬ ОТ 5 ДО 95% (БЕЗ КОНДЕНСАТА) MTBF 368000 ЧАСОВ ГАРАНТИЯ 5 ЛЕТ | I39: CT | J39: Kyland Technology Co., Ltd. | K39: 156 | L39: отсутствует | M39: KYLAND | N39: шт | O39: Нотификация | P39: 10052 | Q39: =VLOOKUP(C39,Лист1!$B$1:$N$33,5,0) -> RU0000049917 | R39: =VLOOKUP(C39,Лист1!$B$1:$N$33,6,0) -> 44099 | S39: =VLOOKUP(C39,Лист1!$B$1:$N$33,7,0) -> 44099 | T39: =VLOOKUP(C39,Лист1!$B$1:$N$33,8,0) -> 47848 | U39: =VLOOKUP(C39,Лист1!$B$1:$N$33,9,0) -> 1.1 | V39: =U39*E39 -> 2.2 | W39: 3 | X39: 3.453 | Y39: Декларация о соответствии | Z39: 01191 | AE39: отсутствует | AF39: 10005030/041220/0376976 | AG39: Симанитрон
A40: 44158 | B40: =VLOOKUP(C40,Лист1!$B$1:$N$33,2,0) -> 8517620003 | C40: KOM300A-1M2T-SC05-L2-L2-S | D40: =VLOOKUP(C40,Лист1!$B$2:$T$45,14,0) -> ПРОМЫШЛЕННЫЕ КОММУТАТОРЫ ДЛЯ УПРАВЛЕНИЯ В СЕТЯХ ETHERNET, НЕ ЛОМ ЭЛЕКТРООБОРУДОВАНИЯ, НЕ ПРЕДНАЗНАЧЕНЫ ДЛЯ НЕГЛАСНОГО ПОЛУЧЕНИЯ ИНФОРМАЦИИ, КОМПЛЕКТУЮЩИЕ ДЛЯ СЕРВЕРОВ И СЕРВЕРНОГО ОБОРУДОВАНИЯ, ГРАЖДАНСКОГО ПРИМЕНЕНИЯ. ПОСТАВЛЯЮТСЯ С клеммными колодками , уголками для крепления в стойку и консольным кабелем. | E40: 16 | F40: 90 | G40: =F40*E40 -> 1440 | H40: =VLOOKUP(C40,Лист1!$B$1:$N$33,4,0) -> SICOM3028GPT-L3G-MB-HV-HV-S - ПРОМЫШЛЕННЫЕ КОММУТАТОРЫ С ШИРОКИМ СПЕКТРОМ СФЕР ПРИМЕНЕНИЯ И МОДУЛЬНЫМ ДИЗАЙНОМ ДЛЯ ПРОСТОТЫ МАСШТАБИРОВАНИЯ И РАСШИРЕНИЯ ФУНКЦИОНАЛА УСТРОЙСТВА. SICOM3028GPT-L3G МОГУТ ИМЕТЬ ДО 28 ГИГАБИТНЫХ ПОРТОВ. ПРИ ЭТОМ ВОЗМОЖНА ПРАКТИЧЕСКИ ЛЮБАЯ КОМБИНАЦИЯ МЕДНЫХ И ОПТИЧЕСКИХ ПОРТОВ. ПИТАНИЕ: НАПРЯЖЕНИЕ ПИТАНИЯ: 220VAC/DC (85-264VAC/77-370VDC) МЕХАНИЧЕСКИЕ ХАРАКТЕРИСТИКИ: РАЗМЕРЫ 482.6 X 44 X 360 ММ КРЕПЛЕНИЕ 19" СТОЙКА КЛАСС ЗАЩИТЫ IP40 ВЕС 10 КГ РАБОЧАЯ ТЕМПЕРАТУРА ОТ -40 ДО +85С ТЕМПЕРАТУРА ХРАНЕНИЯ -40 ДО +85C ВЛАЖНОСТЬ ОТ 5 ДО 95% (БЕЗ КОНДЕНСАТА) MTBF 368000 ЧАСОВ ГАРАНТИЯ 5 ЛЕТ | I40: CT | J40: Kyland Technology Co., Ltd. | K40: 156 | L40: отсутствует | M40: KYLAND | N40: шт | O40: Нотификация | P40: 10052 | Q40: =VLOOKUP(C40,Лист1!$B$1:$N$33,5,0) -> RU0000032871 | R40: =VLOOKUP(C40,Лист1!$B$1:$N$33,6,0) -> 42958 | S40: =VLOOKUP(C40,Лист1!$B$1:$N$33,7,0) -> 42958 | T40: =VLOOKUP(C40,Лист1!$B$1:$N$33,8,0) -> 44369 | U40: =VLOOKUP(C40,Лист1!$B$1:$N$33,9,0) -> 0.3 | V40: =U40*E40 -> 4.8 | W40: 12.8 | X40: 14.79 | Y40: Декларация о соответствии | Z40: 01191 | AE40: отсутствует | AF40: 10005030/041220/0376976 | AG40: Симанитрон
A41: 44216 | B41: =VLOOKUP(C41,Лист1!$B$1:$N$33,2,0) -> 8517620002 | C41: SICOM3028GPT-L2GT-MB-HV-HV-S | D41: =VLOOKUP(C41,Лист1!$B$2:$T$45,14,0) -> ПРОМЫШЛЕННЫЕ КОММУТАТОРЫ ДЛЯ УПРАВЛЕНИЯ В СЕТЯХ ETHERNET, НЕ ЛОМ ЭЛЕКТРООБОРУДОВАНИЯ, НЕ ПРЕДНАЗНАЧЕНЫ ДЛЯ НЕГЛАСНОГО ПОЛУЧЕНИЯ ИНФОРМАЦИИ, КОМПЛЕКТУЮЩИЕ ДЛЯ СЕРВЕРОВ И СЕРВЕРНОГО ОБОРУДОВАНИЯ, ГРАЖДАНСКОГО ПРИМЕНЕНИЯ. ПОСТАВЛЯЮТСЯ С клеммными колодками , уголками для крепления в стойку и консольным кабелем. | E41: 1 | F41: 1247.46 | G41: =F41*E41 -> 1247.46 | H41: =VLOOKUP(C41,Лист1!$B$1:$N$33,4,0) -> SICOM3028GPT-L2GT-MB-HV-HV-S - промышленные коммутаторы с широким спектром сфер применния и модульным дизайном для простоты масштабирования и расширения функционала устройства. Модели SICOM3028GPT-L2GT могут иметь до 28 гигабитных портов, а модели SICOM3028GPT-L2GT-MB-HV-HV-S до 24 портов 100 Мбит/с и до 4 гигабитных портов.. Устройства оборудованы PTP-картой для поддержки синхронизации времени (IEEE1588v2) на всех 28 портах устройства. Коммутаторы крепятся в 19-дюймовую стойку (занимают 1U), крепятся передней или задней панелью. Устройства соответствуют IEC61850-3 и IEEE1613 для электроподстанций, имеют консольный Mini USB порт, соответствуют IEC62439-6, поддерживаюют VCT (Virtual Cable Test). Диапазон рабочих температур коммутаторов SICOM3028GPT-L2GT от -40° до +85°. Протоколы DT-Ring, DT-Ring+, MSTP, DRP; IGMP Snooping, GMRP; VLAN, GVRP, PVLAN; Telnet, HTTP, HTTPS, SNMPv1/v2/v3, RMON, LLDP, Bootp, DHCP server/relay/client, DHCP Option 82; SNTP, PTP, RTC; SSH, SSL, TACACS+, RADIUS, ACL; Syslog; ARP, Modbus TCP, QoS, LACP PRP, HSR Длина волны 1310нм (одномод), 1550нм (одномод), 1310 (многомод) Расстояние передачи 10~80км (одномод) , до 5 км (100M многомод) , до 2 км (1000M многомод) Тип коннектора Питание Напряжение питания Резервированное: 220Вольт переменного напряжения/Вольт постоянного напряжения (77-300VDC/85-264VAC) Потребляемая мощность До 42 Вт Механические характеристики Размеры 482.6мм x 44мм x 360мм Крепление 19” стойка Класс защиты IP40 Рабочая температура от -40 до +85С Температура хранения -40 до +85C Влажность от 5 до 95% (без конденсата) MTBF 359000 часов Гарантия 5 лет | I41: CT | J41: Kyland Technology Co., Ltd. | K41: 156 | L41: отсутствует | M41: KYLAND | N41: шт | O41: Нотификация | P41: 10052 | Q41: =VLOOKUP(C41,Лист1!$B$1:$N$33,5,0) -> RU0000053245 | R41: =VLOOKUP(C41,Лист1!$B$1:$N$33,6,0) -> 44383 | S41: =VLOOKUP(C41,Лист1!$B$1:$N$33,7,0) -> 44383 | T41: =VLOOKUP(C41,Лист1!$B$1:$N$33,8,0) -> 48213 | U41: =VLOOKUP(C41,Лист1!$B$1:$N$33,9,0) -> 10 | V41: =U41*E41 -> 10 | W41: 8 | X41: 8.89 | Y41: Декларация о соответствии | Z41: 01191 | AA41: =VLOOKUP(C41,Лист1!$B$1:$N$33,10,0) -> ЕАЭС N RU Д-CN.КА01.В.23216/20 | AB41: =VLOOKUP(C41,Лист1!$B$1:$N$33,11,0) -> 43908 | AC41: =VLOOKUP(C41,Лист1!$B$1:$N$33,12,0) -> 43908 | AD41: =VLOOKUP(C41,Лист1!$B$1:$N$33,13,0) -> 45733 | AE41: отсутствует | AF41: 10005030/010221/0030982 | AG41: Симанитрон
A42: 44216 | B42: =VLOOKUP(C42,Лист1!$B$1:$N$33,2,0) -> 8517620003 | C42: SM6.6-4GX-1U-S | D42: =VLOOKUP(C42,Лист1!$B$2:$T$45,14,0) -> ПРОМЫШЛЕННЫЕ КОММУТАТОРЫ ДЛЯ УПРАВЛЕНИЯ В СЕТЯХ ETHERNET, НЕ ЛОМ ЭЛЕКТРООБОРУДОВАНИЯ, НЕ ПРЕДНАЗНАЧЕНЫ ДЛЯ НЕГЛАСНОГО ПОЛУЧЕНИЯ ИНФОРМАЦИИ, КОМПЛЕКТУЮЩИЕ ДЛЯ СЕРВЕРОВ И СЕРВЕРНОГО ОБОРУДОВАНИЯ, ГРАЖДАНСКОГО ПРИМЕНЕНИЯ. ПОСТАВЛЯЮТСЯ С клеммными колодками , уголками для крепления в стойку и консольным кабелем. | E42: 1 | F42: 168.64 | G42: =F42*E42 -> 168.64 | H42: =VLOOKUP(C42,Лист1!$B$1:$N$33,4,0) -> SICOM3028GPT-L3G-MB-HV-HV-S - ПРОМЫШЛЕННЫЕ КОММУТАТОРЫ С ШИРОКИМ СПЕКТРОМ СФЕР ПРИМЕНЕНИЯ И МОДУЛЬНЫМ ДИЗАЙНОМ ДЛЯ ПРОСТОТЫ МАСШТАБИРОВАНИЯ И РАСШИРЕНИЯ ФУНКЦИОНАЛА УСТРОЙСТВА. SICOM3028GPT-L3G МОГУТ ИМЕТЬ ДО 28 ГИГАБИТНЫХ ПОРТОВ. ПРИ ЭТОМ ВОЗМОЖНА ПРАКТИЧЕСКИ ЛЮБАЯ КОМБИНАЦИЯ МЕДНЫХ И ОПТИЧЕСКИХ ПОРТОВ. ПИТАНИЕ: НАПРЯЖЕНИЕ ПИТАНИЯ: 220VAC/DC (85-264VAC/77-370VDC) МЕХАНИЧЕСКИЕ ХАРАКТЕРИСТИКИ: РАЗМЕРЫ 482.6 X 44 X 360 ММ КРЕПЛЕНИЕ 19" СТОЙКА КЛАСС ЗАЩИТЫ IP40 ВЕС 10 КГ РАБОЧАЯ ТЕМПЕРАТУРА ОТ -40 ДО +85С ТЕМПЕРАТУРА ХРАНЕНИЯ -40 ДО +85C ВЛАЖНОСТЬ ОТ 5 ДО 95% (БЕЗ КОНДЕНСАТА) MTBF 368000 ЧАСОВ ГАРАНТИЯ 5 ЛЕТ | I42: CT | J42: Kyland Technology Co., Ltd. | K42: 156 | L42: отсутствует | M42: KYLAND | N42: шт | O42: Нотификация | P42: 10052 | Q42: =VLOOKUP(C42,Лист1!$B$1:$N$33,5,0) -> RU0000053828 | R42: =VLOOKUP(C42,Лист1!$B$1:$N$33,6,0) -> 44431 | S42: =VLOOKUP(C42,Лист1!$B$1:$N$33,7,0) -> 44431 | T42: =VLOOKUP(C42,Лист1!$B$1:$N$33,8,0) -> 48213 | U42: =VLOOKUP(C42,Лист1!$B$1:$N$33,9,0) -> 0.3 | V42: =U42*E42 -> 0.3 | W42: 0.4 | X42: =W42+W42*0.11 -> 0.444 | Y42: Декларация о соответствии | Z42: 01191 | AE42: отсутствует | AF42: 10005030/010221/0030982 | AG42: Симанитрон
A43: 44216 | B43: =VLOOKUP(C43,Лист1!$B$1:$N$33,2,0) -> 8517620003 | C43: SM6.6-4GX-0.5U-S | D43: =VLOOKUP(C43,Лист1!$B$2:$T$45,14,0) -> ПРОМЫШЛЕННЫЕ КОММУТАТОРЫ ДЛЯ УПРАВЛЕНИЯ В СЕТЯХ ETHERNET, НЕ ЛОМ ЭЛЕКТРООБОРУДОВАНИЯ, НЕ ПРЕДНАЗНАЧЕНЫ ДЛЯ НЕГЛАСНОГО ПОЛУЧЕНИЯ ИНФОРМАЦИИ, КОМПЛЕКТУЮЩИЕ ДЛЯ СЕРВЕРОВ И СЕРВЕРНОГО ОБОРУДОВАНИЯ, ГРАЖДАНСКОГО ПРИМЕНЕНИЯ. ПОСТАВЛЯЮТСЯ С клеммными колодками , уголками для крепления в стойку и консольным кабелем. | E43: 1 | F43: 168.64 | G43: =F43*E43 -> 168.64 | H43: =VLOOKUP(C43,Лист1!$B$1:$N$33,4,0) -> SICOM3028GPT-L3G-MB-HV-HV-S - ПРОМЫШЛЕННЫЕ КОММУТАТОРЫ С ШИРОКИМ СПЕКТРОМ СФЕР ПРИМЕНЕНИЯ И МОДУЛЬНЫМ ДИЗАЙНОМ ДЛЯ ПРОСТОТЫ МАСШТАБИРОВАНИЯ И РАСШИРЕНИЯ ФУНКЦИОНАЛА УСТРОЙСТВА. SICOM3028GPT-L3G МОГУТ ИМЕТЬ ДО 28 ГИГАБИТНЫХ ПОРТОВ. ПРИ ЭТОМ ВОЗМОЖНА ПРАКТИЧЕСКИ ЛЮБАЯ КОМБИНАЦИЯ МЕДНЫХ И ОПТИЧЕСКИХ ПОРТОВ. ПИТАНИЕ: НАПРЯЖЕНИЕ ПИТАНИЯ: 220VAC/DC (85-264VAC/77-370VDC) МЕХАНИЧЕСКИЕ ХАРАКТЕРИСТИКИ: РАЗМЕРЫ 482.6 X 44 X 360 ММ КРЕПЛЕНИЕ 19" СТОЙКА КЛАСС ЗАЩИТЫ IP40 ВЕС 10 КГ РАБОЧАЯ ТЕМПЕРАТУРА ОТ -40 ДО +85С ТЕМПЕРАТУРА ХРАНЕНИЯ -40 ДО +85C ВЛАЖНОСТЬ ОТ 5 ДО 95% (БЕЗ КОНДЕНСАТА) MTBF 368000 ЧАСОВ ГАРАНТИЯ 5 ЛЕТ | I43: CT | J43: Kyland Technology Co., Ltd. | K43: 156 | L43: отсутствует | M43: KYLAND | N43: шт | O43: Нотификация | P43: 10052 | Q43: =VLOOKUP(C43,Лист1!$B$1:$N$33,5,0) -> RU0000053828 | R43: =VLOOKUP(C43,Лист1!$B$1:$N$33,6,0) -> 44431 | S43: =VLOOKUP(C43,Лист1!$B$1:$N$33,7,0) -> 44431 | T43: =VLOOKUP(C43,Лист1!$B$1:$N$33,8,0) -> 48213 | U43: =VLOOKUP(C43,Лист1!$B$1:$N$33,9,0) -> 0.3 | V43: =U43*E43 -> 0.3 | W43: 0.4 | X43: =W43+W43*0.11 -> 0.444 | Y43: Декларация о соответствии | Z43: 01191 | AE43: отсутствует | AF43: 10005030/010221/0030982 | AG43: Симанитрон
A44: 44216 | B44: =VLOOKUP(C44,Лист1!$B$1:$N$33,2,0) -> 8517620003 | C44: SM6.6-4GE-0.5U-S | D44: =VLOOKUP(C44,Лист1!$B$2:$T$45,14,0) -> ПРОМЫШЛЕННЫЕ КОММУТАТОРЫ ДЛЯ УПРАВЛЕНИЯ В СЕТЯХ ETHERNET, НЕ ЛОМ ЭЛЕКТРООБОРУДОВАНИЯ, НЕ ПРЕДНАЗНАЧЕНЫ ДЛЯ НЕГЛАСНОГО ПОЛУЧЕНИЯ ИНФОРМАЦИИ, КОМПЛЕКТУЮЩИЕ ДЛЯ СЕРВЕРОВ И СЕРВЕРНОГО ОБОРУДОВАНИЯ, ГРАЖДАНСКОГО ПРИМЕНЕНИЯ. ПОСТАВЛЯЮТСЯ С клеммными колодками , уголками для крепления в стойку и консольным кабелем. | E44: 5 | F44: 168.64 | G44: =F44*E44 -> 843.2 | H44: =VLOOKUP(C44,Лист1!$B$1:$N$33,4,0) -> SICOM3028GPT-L3G-MB-HV-HV-S - ПРОМЫШЛЕННЫЕ КОММУТАТОРЫ С ШИРОКИМ СПЕКТРОМ СФЕР ПРИМЕНЕНИЯ И МОДУЛЬНЫМ ДИЗАЙНОМ ДЛЯ ПРОСТОТЫ МАСШТАБИРОВАНИЯ И РАСШИРЕНИЯ ФУНКЦИОНАЛА УСТРОЙСТВА. SICOM3028GPT-L3G МОГУТ ИМЕТЬ ДО 28 ГИГАБИТНЫХ ПОРТОВ. ПРИ ЭТОМ ВОЗМОЖНА ПРАКТИЧЕСКИ ЛЮБАЯ КОМБИНАЦИЯ МЕДНЫХ И ОПТИЧЕСКИХ ПОРТОВ. ПИТАНИЕ: НАПРЯЖЕНИЕ ПИТАНИЯ: 220VAC/DC (85-264VAC/77-370VDC) МЕХАНИЧЕСКИЕ ХАРАКТЕРИСТИКИ: РАЗМЕРЫ 482.6 X 44 X 360 ММ КРЕПЛЕНИЕ 19" СТОЙКА КЛАСС ЗАЩИТЫ IP40 ВЕС 10 КГ РАБОЧАЯ ТЕМПЕРАТУРА ОТ -40 ДО +85С ТЕМПЕРАТУРА ХРАНЕНИЯ -40 ДО +85C ВЛАЖНОСТЬ ОТ 5 ДО 95% (БЕЗ КОНДЕНСАТА) MTBF 368000 ЧАСОВ ГАРАНТИЯ 5 ЛЕТ | I44: CT | J44: Kyland Technology Co., Ltd. | K44: 156 | L44: отсутствует | M44: KYLAND | N44: шт | O44: Нотификация | P44: 10052 | Q44: =VLOOKUP(C44,Лист1!$B$1:$N$33,5,0) -> RU0000053828 | R44: =VLOOKUP(C44,Лист1!$B$1:$N$33,6,0) -> 44431 | S44: =VLOOKUP(C44,Лист1!$B$1:$N$33,7,0) -> 44431 | T44: =VLOOKUP(C44,Лист1!$B$1:$N$33,8,0) -> 48213 | U44: =VLOOKUP(C44,Лист1!$B$1:$N$33,9,0) -> 0.3 | V44: =U44*E44 -> 1.5 | W44: 2 | X44: =W44+W44*0.11 -> 2.22 | Y44: Декларация о соответствии | Z44: 01191 | AE44: отсутствует | AF44: 10005030/010221/0030982 | AG44: Симанитрон
A45: 44229 | B45: =VLOOKUP(C45,Лист1!$B$1:$N$33,2,0) -> 8517620003 | C45: SM6.6-4S-SC40-0.5U-S | D45: =VLOOKUP(C45,Лист1!$B$2:$T$45,14,0) -> ПРОМЫШЛЕННЫЕ КОММУТАТОРЫ ДЛЯ УПРАВЛЕНИЯ В СЕТЯХ ETHERNET, НЕ ЛОМ ЭЛЕКТРООБОРУДОВАНИЯ, НЕ ПРЕДНАЗНАЧЕНЫ ДЛЯ НЕГЛАСНОГО ПОЛУЧЕНИЯ ИНФОРМАЦИИ, КОМПЛЕКТУЮЩИЕ ДЛЯ СЕРВЕРОВ И СЕРВЕРНОГО ОБОРУДОВАНИЯ, ГРАЖДАНСКОГО ПРИМЕНЕНИЯ. ПОСТАВЛЯЮТСЯ С клеммными колодками , уголками для крепления в стойку и консольным кабелем. | E45: 2 | F45: 264 | G45: =F45*E45 -> 528 | H45: =VLOOKUP(C45,Лист1!$B$1:$N$33,4,0) -> SICOM3028GPT-L3G-MB-HV-HV-S - ПРОМЫШЛЕННЫЕ КОММУТАТОРЫ С ШИРОКИМ СПЕКТРОМ СФЕР ПРИМЕНЕНИЯ И МОДУЛЬНЫМ ДИЗАЙНОМ ДЛЯ ПРОСТОТЫ МАСШТАБИРОВАНИЯ И РАСШИРЕНИЯ ФУНКЦИОНАЛА УСТРОЙСТВА. SICOM3028GPT-L3G МОГУТ ИМЕТЬ ДО 28 ГИГАБИТНЫХ ПОРТОВ. ПРИ ЭТОМ ВОЗМОЖНА ПРАКТИЧЕСКИ ЛЮБАЯ КОМБИНАЦИЯ МЕДНЫХ И ОПТИЧЕСКИХ ПОРТОВ. ПИТАНИЕ: НАПРЯЖЕНИЕ ПИТАНИЯ: 220VAC/DC (85-264VAC/77-370VDC) МЕХАНИЧЕСКИЕ ХАРАКТЕРИСТИКИ: РАЗМЕРЫ 482.6 X 44 X 360 ММ КРЕПЛЕНИЕ 19" СТОЙКА КЛАСС ЗАЩИТЫ IP40 ВЕС 10 КГ РАБОЧАЯ ТЕМПЕРАТУРА ОТ -40 ДО +85С ТЕМПЕРАТУРА ХРАНЕНИЯ -40 ДО +85C ВЛАЖНОСТЬ ОТ 5 ДО 95% (БЕЗ КОНДЕНСАТА) MTBF 368000 ЧАСОВ ГАРАНТИЯ 5 ЛЕТ | I45: CT | J45: Kyland Technology Co., Ltd. | K45: 156 | L45: отсутствует | M45: KYLAND | N45: шт | O45: Нотификация | P45: 10052 | Q45: =VLOOKUP(C45,Лист1!$B$1:$N$33,5,0) -> RU0000053828 | R45: =VLOOKUP(C45,Лист1!$B$1:$N$33,6,0) -> 44431 | S45: =VLOOKUP(C45,Лист1!$B$1:$N$33,7,0) -> 44431 | T45: =VLOOKUP(C45,Лист1!$B$1:$N$33,8,0) -> 48213 | U45: =VLOOKUP(C45,Лист1!$B$1:$N$33,9,0) -> 0.3 | V45: =U45*E45 -> 0.6 | W45: 0.6 | X45: 0.675 | Y45: Декларация о соответствии | Z45: 01191 | AE45: отсутствует | AF45: 10005030/110221/0050604 | AG45: Симанитрон
A46: 44229 | B46: =VLOOKUP(C46,Лист1!$B$1:$N$33,2,0) -> 8517620003 | C46: SICOM3028GPT-L3FT-MB-HV-HV-S | D46: =VLOOKUP(C46,Лист1!$B$2:$T$45,14,0) -> ПРОМЫШЛЕННЫЕ КОММУТАТОРЫ ДЛЯ УПРАВЛЕНИЯ В СЕТЯХ ETHERNET, НЕ ЛОМ ЭЛЕКТРООБОРУДОВАНИЯ, НЕ ПРЕДНАЗНАЧЕНЫ ДЛЯ НЕГЛАСНОГО ПОЛУЧЕНИЯ ИНФОРМАЦИИ, КОМПЛЕКТУЮЩИЕ ДЛЯ СЕРВЕРОВ И СЕРВЕРНОГО ОБОРУДОВАНИЯ, ГРАЖДАНСКОГО ПРИМЕНЕНИЯ. ПОСТАВЛЯЮТСЯ С клеммными колодками , уголками для крепления в стойку и консольным кабелем. | E46: 1 | F46: 1568 | G46: =F46*E46 -> 1568 | H46: =VLOOKUP(C46,Лист1!$B$1:$N$33,4,0) -> SICOM3028GPT-L3G-MB-HV-HV-S - ПРОМЫШЛЕННЫЕ КОММУТАТОРЫ С ШИРОКИМ СПЕКТРОМ СФЕР ПРИМЕНЕНИЯ И МОДУЛЬНЫМ ДИЗАЙНОМ ДЛЯ ПРОСТОТЫ МАСШТАБИРОВАНИЯ И РАСШИРЕНИЯ ФУНКЦИОНАЛА УСТРОЙСТВА. SICOM3028GPT-L3G МОГУТ ИМЕТЬ ДО 28 ГИГАБИТНЫХ ПОРТОВ. ПРИ ЭТОМ ВОЗМОЖНА ПРАКТИЧЕСКИ ЛЮБАЯ КОМБИНАЦИЯ МЕДНЫХ И ОПТИЧЕСКИХ ПОРТОВ. ПИТАНИЕ: НАПРЯЖЕНИЕ ПИТАНИЯ: 220VAC/DC (85-264VAC/77-370VDC) МЕХАНИЧЕСКИЕ ХАРАКТЕРИСТИКИ: РАЗМЕРЫ 482.6 X 44 X 360 ММ КРЕПЛЕНИЕ 19" СТОЙКА КЛАСС ЗАЩИТЫ IP40 ВЕС 10 КГ РАБОЧАЯ ТЕМПЕРАТУРА ОТ -40 ДО +85С ТЕМПЕРАТУРА ХРАНЕНИЯ -40 ДО +85C ВЛАЖНОСТЬ ОТ 5 ДО 95% (БЕЗ КОНДЕНСАТА) MTBF 368000 ЧАСОВ ГАРАНТИЯ 5 ЛЕТ | I46: CT | J46: Kyland Technology Co., Ltd. | K46: 156 | L46: отсутствует | M46: KYLAND | N46: шт | O46: Нотификация | P46: 10052 | Q46: =VLOOKUP(C46,Лист1!$B$1:$N$33,5,0) -> RU0000053245 | R46: =VLOOKUP(C46,Лист1!$B$1:$N$33,6,0) -> 44383 | S46: =VLOOKUP(C46,Лист1!$B$1:$N$33,7,0) -> 44383 | T46: =VLOOKUP(C46,Лист1!$B$1:$N$33,8,0) -> 48213 | U46: =VLOOKUP(C46,Лист1!$B$1:$N$33,9,0) -> 10 | V46: 8 | W46: 8 | X46: 9 | Y46: Декларация о соответствии | Z46: 01191 | AE46: отсутствует | AF46: 10005030/110221/0050604 | AG46: Симанитрон
A47: 44229 | B47: =VLOOKUP(C47,Лист1!$B$1:$N$33,2,0) -> 8517620003 | C47: SM6.6-4M-SC05-0.5U-S | D47: =VLOOKUP(C47,Лист1!$B$2:$T$45,14,0) -> ПРОМЫШЛЕННЫЕ КОММУТАТОРЫ ДЛЯ УПРАВЛЕНИЯ В СЕТЯХ ETHERNET, НЕ ЛОМ ЭЛЕКТРООБОРУДОВАНИЯ, НЕ ПРЕДНАЗНАЧЕНЫ ДЛЯ НЕГЛАСНОГО ПОЛУЧЕНИЯ ИНФОРМАЦИИ, КОМПЛЕКТУЮЩИЕ ДЛЯ СЕРВЕРОВ И СЕРВЕРНОГО ОБОРУДОВАНИЯ, ГРАЖДАНСКОГО ПРИМЕНЕНИЯ. ПОСТАВЛЯЮТСЯ С клеммными колодками , уголками для крепления в стойку и консольным кабелем. | E47: 3 | F47: 264 | G47: =F47*E47 -> 792 | H47: =VLOOKUP(C47,Лист1!$B$1:$N$33,4,0) -> SICOM3028GPT-L3G-MB-HV-HV-S - ПРОМЫШЛЕННЫЕ КОММУТАТОРЫ С ШИРОКИМ СПЕКТРОМ СФЕР ПРИМЕНЕНИЯ И МОДУЛЬНЫМ ДИЗАЙНОМ ДЛЯ ПРОСТОТЫ МАСШТАБИРОВАНИЯ И РАСШИРЕНИЯ ФУНКЦИОНАЛА УСТРОЙСТВА. SICOM3028GPT-L3G МОГУТ ИМЕТЬ ДО 28 ГИГАБИТНЫХ ПОРТОВ. ПРИ ЭТОМ ВОЗМОЖНА ПРАКТИЧЕСКИ ЛЮБАЯ КОМБИНАЦИЯ МЕДНЫХ И ОПТИЧЕСКИХ ПОРТОВ. ПИТАНИЕ: НАПРЯЖЕНИЕ ПИТАНИЯ: 220VAC/DC (85-264VAC/77-370VDC) МЕХАНИЧЕСКИЕ ХАРАКТЕРИСТИКИ: РАЗМЕРЫ 482.6 X 44 X 360 ММ КРЕПЛЕНИЕ 19" СТОЙКА КЛАСС ЗАЩИТЫ IP40 ВЕС 10 КГ РАБОЧАЯ ТЕМПЕРАТУРА ОТ -40 ДО +85С ТЕМПЕРАТУРА ХРАНЕНИЯ -40 ДО +85C ВЛАЖНОСТЬ ОТ 5 ДО 95% (БЕЗ КОНДЕНСАТА) MTBF 368000 ЧАСОВ ГАРАНТИЯ 5 ЛЕТ | I47: CT | J47: Kyland Technology Co., Ltd. | K47: 156 | L47: отсутствует | M47: KYLAND | N47: шт | O47: Нотификация | P47: 10052 | Q47: =VLOOKUP(C47,Лист1!$B$1:$N$33,5,0) -> RU0000053828 | R47: =VLOOKUP(C47,Лист1!$B$1:$N$33,6,0) -> 44431 | S47: =VLOOKUP(C47,Лист1!$B$1:$N$33,7,0) -> 44431 | T47: =VLOOKUP(C47,Лист1!$B$1:$N$33,8,0) -> 48213 | U47: =VLOOKUP(C47,Лист1!$B$1:$N$33,9,0) -> 0.3 | V47: 1.2 | W47: 1.2 | X47: 1.35 | Y47: Декларация о соответствии | Z47: 01191 | AE47: отсутствует | AF47: 10005030/110221/0050604 | AG47: Симанитрон
A48: 44229 | B48: =VLOOKUP(C48,Лист1!$B$1:$N$33,2,0) -> 8517620003 | C48: SM6.6-4T-0.5U-S | D48: =VLOOKUP(C48,Лист1!$B$2:$T$45,14,0) -> ПРОМЫШЛЕННЫЕ КОММУТАТОРЫ ДЛЯ УПРАВЛЕНИЯ В СЕТЯХ ETHERNET, НЕ ЛОМ ЭЛЕКТРООБОРУДОВАНИЯ, НЕ ПРЕДНАЗНАЧЕНЫ ДЛЯ НЕГЛАСНОГО ПОЛУЧЕНИЯ ИНФОРМАЦИИ, КОМПЛЕКТУЮЩИЕ ДЛЯ СЕРВЕРОВ И СЕРВЕРНОГО ОБОРУДОВАНИЯ, ГРАЖДАНСКОГО ПРИМЕНЕНИЯ. ПОСТАВЛЯЮТСЯ С клеммными колодками , уголками для крепления в стойку и консольным кабелем. | E48: 3 | F48: 59 | G48: =F48*E48 -> 177 | H48: =VLOOKUP(C48,Лист1!$B$1:$N$33,4,0) -> SICOM3028GPT-L3G-MB-HV-HV-S - ПРОМЫШЛЕННЫЕ КОММУТАТОРЫ С ШИРОКИМ СПЕКТРОМ СФЕР ПРИМЕНЕНИЯ И МОДУЛЬНЫМ ДИЗАЙНОМ ДЛЯ ПРОСТОТЫ МАСШТАБИРОВАНИЯ И РАСШИРЕНИЯ ФУНКЦИОНАЛА УСТРОЙСТВА. SICOM3028GPT-L3G МОГУТ ИМЕТЬ ДО 28 ГИГАБИТНЫХ ПОРТОВ. ПРИ ЭТОМ ВОЗМОЖНА ПРАКТИЧЕСКИ ЛЮБАЯ КОМБИНАЦИЯ МЕДНЫХ И ОПТИЧЕСКИХ ПОРТОВ. ПИТАНИЕ: НАПРЯЖЕНИЕ ПИТАНИЯ: 220VAC/DC (85-264VAC/77-370VDC) МЕХАНИЧЕСКИЕ ХАРАКТЕРИСТИКИ: РАЗМЕРЫ 482.6 X 44 X 360 ММ КРЕПЛЕНИЕ 19" СТОЙКА КЛАСС ЗАЩИТЫ IP40 ВЕС 10 КГ РАБОЧАЯ ТЕМПЕРАТУРА ОТ -40 ДО +85С ТЕМПЕРАТУРА ХРАНЕНИЯ -40 ДО +85C ВЛАЖНОСТЬ ОТ 5 ДО 95% (БЕЗ КОНДЕНСАТА) MTBF 368000 ЧАСОВ ГАРАНТИЯ 5 ЛЕТ | I48: CT | J48: Kyland Technology Co., Ltd. | K48: 156 | L48: отсутствует | M48: KYLAND | N48: шт | O48: Нотификация | P48: 10052 | Q48: =VLOOKUP(C48,Лист1!$B$1:$N$33,5,0) -> RU0000053828 | R48: =VLOOKUP(C48,Лист1!$B$1:$N$33,6,0) -> 44431 | S48: =VLOOKUP(C48,Лист1!$B$1:$N$33,7,0) -> 44431 | T48: =VLOOKUP(C48,Лист1!$B$1:$N$33,8,0) -> 48213 | U48: =VLOOKUP(C48,Лист1!$B$1:$N$33,9,0) -> 0.3 | V48: 1.2 | W48: 1.2 | X48: 1.35 | Y48: Декларация о соответствии | Z48: 01191 | AE48: отсутствует | AF48: 10005030/110221/0050604 | AG48: Симанитрон
A49: 44229 | B49: =VLOOKUP(C49,Лист1!$B$1:$N$33,2,0) -> 8517620003 | C49: SICOM3028GPT-L3FT-MB-L3-L3-S | D49: =VLOOKUP(C49,Лист1!$B$2:$T$45,14,0) -> ПРОМЫШЛЕННЫЕ КОММУТАТОРЫ ДЛЯ УПРАВЛЕНИЯ В СЕТЯХ ETHERNET, НЕ ЛОМ ЭЛЕКТРООБОРУДОВАНИЯ, НЕ ПРЕДНАЗНАЧЕНЫ ДЛЯ НЕГЛАСНОГО ПОЛУЧЕНИЯ ИНФОРМАЦИИ, КОМПЛЕКТУЮЩИЕ ДЛЯ СЕРВЕРОВ И СЕРВЕРНОГО ОБОРУДОВАНИЯ, ГРАЖДАНСКОГО ПРИМЕНЕНИЯ. ПОСТАВЛЯЮТСЯ С клеммными колодками , уголками для крепления в стойку и консольным кабелем. | E49: 2 | F49: 1568 | G49: =F49*E49 -> 3136 | H49: =VLOOKUP(C49,Лист1!$B$1:$N$33,4,0) -> SICOM3028GPT-L3G-MB-HV-HV-S - ПРОМЫШЛЕННЫЕ КОММУТАТОРЫ С ШИРОКИМ СПЕКТРОМ СФЕР ПРИМЕНЕНИЯ И МОДУЛЬНЫМ ДИЗАЙНОМ ДЛЯ ПРОСТОТЫ МАСШТАБИРОВАНИЯ И РАСШИРЕНИЯ ФУНКЦИОНАЛА УСТРОЙСТВА. SICOM3028GPT-L3G МОГУТ ИМЕТЬ ДО 28 ГИГАБИТНЫХ ПОРТОВ. ПРИ ЭТОМ ВОЗМОЖНА ПРАКТИЧЕСКИ ЛЮБАЯ КОМБИНАЦИЯ МЕДНЫХ И ОПТИЧЕСКИХ ПОРТОВ. ПИТАНИЕ: НАПРЯЖЕНИЕ ПИТАНИЯ: 220VAC/DC (85-264VAC/77-370VDC) МЕХАНИЧЕСКИЕ ХАРАКТЕРИСТИКИ: РАЗМЕРЫ 482.6 X 44 X 360 ММ КРЕПЛЕНИЕ 19" СТОЙКА КЛАСС ЗАЩИТЫ IP40 ВЕС 10 КГ РАБОЧАЯ ТЕМПЕРАТУРА ОТ -40 ДО +85С ТЕМПЕРАТУРА ХРАНЕНИЯ -40 ДО +85C ВЛАЖНОСТЬ ОТ 5 ДО 95% (БЕЗ КОНДЕНСАТА) MTBF 368000 ЧАСОВ ГАРАНТИЯ 5 ЛЕТ | I49: CT | J49: Kyland Technology Co., Ltd. | K49: 156 | L49: отсутствует | M49: KYLAND | N49: шт | O49: Нотификация | P49: 10052 | Q49: =VLOOKUP(C49,Лист1!$B$1:$N$33,5,0) -> RU0000053245 | R49: =VLOOKUP(C49,Лист1!$B$1:$N$33,6,0) -> 44383 | S49: =VLOOKUP(C49,Лист1!$B$1:$N$33,7,0) -> 44383 | T49: =VLOOKUP(C49,Лист1!$B$1:$N$33,8,0) -> 48213 | U49: =VLOOKUP(C49,Лист1!$B$1:$N$33,9,0) -> 10 | V49: 16 | W49: 16 | X49: 18 | Y49: Декларация о соответствии | Z49: 01191 | AA49: =VLOOKUP(C49,Лист1!$B$1:$N$33,10,0) -> ЕАЭС N RU Д-CN.КА01.В.23216/20 | AB49: =VLOOKUP(C49,Лист1!$B$1:$N$33,11,0) -> 43908 | AC49: =VLOOKUP(C49,Лист1!$B$1:$N$33,12,0) -> 43908 | AD49: =VLOOKUP(C49,Лист1!$B$1:$N$33,13,0) -> 45733 | AE49: отсутствует | AF49: 10005030/110221/0050604 | AG49: Симанитрон
A50: 44229 | B50: =VLOOKUP(C50,Лист1!$B$1:$N$33,2,0) -> 8517620003 | C50: SM6.6-4M-SC05-0.5U-S | D50: =VLOOKUP(C50,Лист1!$B$2:$T$45,14,0) -> ПРОМЫШЛЕННЫЕ КОММУТАТОРЫ ДЛЯ УПРАВЛЕНИЯ В СЕТЯХ ETHERNET, НЕ ЛОМ ЭЛЕКТРООБОРУДОВАНИЯ, НЕ ПРЕДНАЗНАЧЕНЫ ДЛЯ НЕГЛАСНОГО ПОЛУЧЕНИЯ ИНФОРМАЦИИ, КОМПЛЕКТУЮЩИЕ ДЛЯ СЕРВЕРОВ И СЕРВЕРНОГО ОБОРУДОВАНИЯ, ГРАЖДАНСКОГО ПРИМЕНЕНИЯ. ПОСТАВЛЯЮТСЯ С клеммными колодками , уголками для крепления в стойку и консольным кабелем. | E50: 6 | F50: 264 | G50: =F50*E50 -> 1584 | H50: =VLOOKUP(C50,Лист1!$B$1:$N$33,4,0) -> SICOM3028GPT-L3G-MB-HV-HV-S - ПРОМЫШЛЕННЫЕ КОММУТАТОРЫ С ШИРОКИМ СПЕКТРОМ СФЕР ПРИМЕНЕНИЯ И МОДУЛЬНЫМ ДИЗАЙНОМ ДЛЯ ПРОСТОТЫ МАСШТАБИРОВАНИЯ И РАСШИРЕНИЯ ФУНКЦИОНАЛА УСТРОЙСТВА. SICOM3028GPT-L3G МОГУТ ИМЕТЬ ДО 28 ГИГАБИТНЫХ ПОРТОВ. ПРИ ЭТОМ ВОЗМОЖНА ПРАКТИЧЕСКИ ЛЮБАЯ КОМБИНАЦИЯ МЕДНЫХ И ОПТИЧЕСКИХ ПОРТОВ. ПИТАНИЕ: НАПРЯЖЕНИЕ ПИТАНИЯ: 220VAC/DC (85-264VAC/77-370VDC) МЕХАНИЧЕСКИЕ ХАРАКТЕРИСТИКИ: РАЗМЕРЫ 482.6 X 44 X 360 ММ КРЕПЛЕНИЕ 19" СТОЙКА КЛАСС ЗАЩИТЫ IP40 ВЕС 10 КГ РАБОЧАЯ ТЕМПЕРАТУРА ОТ -40 ДО +85С ТЕМПЕРАТУРА ХРАНЕНИЯ -40 ДО +85C ВЛАЖНОСТЬ ОТ 5 ДО 95% (БЕЗ КОНДЕНСАТА) MTBF 368000 ЧАСОВ ГАРАНТИЯ 5 ЛЕТ | I50: CT | J50: Kyland Technology Co., Ltd. | K50: 156 | L50: отсутствует | M50: KYLAND | N50: шт | O50: Нотификация | P50: 10052 | Q50: =VLOOKUP(C50,Лист1!$B$1:$N$33,5,0) -> RU0000053828 | R50: =VLOOKUP(C50,Лист1!$B$1:$N$33,6,0) -> 44431 | S50: =VLOOKUP(C50,Лист1!$B$1:$N$33,7,0) -> 44431 | T50: =VLOOKUP(C50,Лист1!$B$1:$N$33,8,0) -> 48213 | U50: =VLOOKUP(C50,Лист1!$B$1:$N$33,9,0) -> 0.3 | V50: =U50*E50 -> 1.8 | W50: 1.8 | X50: 2.025 | Y50: Декларация о соответствии | Z50: 01191 | AE50: отсутствует | AF50: 10005030/110221/0050604 | AG50: Симанитрон
A51: 44229 | B51: =VLOOKUP(C51,Лист1!$B$1:$N$33,2,0) -> 8517620003 | C51: SM6.6-4T-0.5U-S | D51: =VLOOKUP(C51,Лист1!$B$2:$T$45,14,0) -> ПРОМЫШЛЕННЫЕ КОММУТАТОРЫ ДЛЯ УПРАВЛЕНИЯ В СЕТЯХ ETHERNET, НЕ ЛОМ ЭЛЕКТРООБОРУДОВАНИЯ, НЕ ПРЕДНАЗНАЧЕНЫ ДЛЯ НЕГЛАСНОГО ПОЛУЧЕНИЯ ИНФОРМАЦИИ, КОМПЛЕКТУЮЩИЕ ДЛЯ СЕРВЕРОВ И СЕРВЕРНОГО ОБОРУДОВАНИЯ, ГРАЖДАНСКОГО ПРИМЕНЕНИЯ. ПОСТАВЛЯЮТСЯ С клеммными колодками , уголками для крепления в стойку и консольным кабелем. | E51: 6 | F51: 59 | G51: =F51*E51 -> 354 | H51: =VLOOKUP(C51,Лист1!$B$1:$N$33,4,0) -> SICOM3028GPT-L3G-MB-HV-HV-S - ПРОМЫШЛЕННЫЕ КОММУТАТОРЫ С ШИРОКИМ СПЕКТРОМ СФЕР ПРИМЕНЕНИЯ И МОДУЛЬНЫМ ДИЗАЙНОМ ДЛЯ ПРОСТОТЫ МАСШТАБИРОВАНИЯ И РАСШИРЕНИЯ ФУНКЦИОНАЛА УСТРОЙСТВА. SICOM3028GPT-L3G МОГУТ ИМЕТЬ ДО 28 ГИГАБИТНЫХ ПОРТОВ. ПРИ ЭТОМ ВОЗМОЖНА ПРАКТИЧЕСКИ ЛЮБАЯ КОМБИНАЦИЯ МЕДНЫХ И ОПТИЧЕСКИХ ПОРТОВ. ПИТАНИЕ: НАПРЯЖЕНИЕ ПИТАНИЯ: 220VAC/DC (85-264VAC/77-370VDC) МЕХАНИЧЕСКИЕ ХАРАКТЕРИСТИКИ: РАЗМЕРЫ 482.6 X 44 X 360 ММ КРЕПЛЕНИЕ 19" СТОЙКА КЛАСС ЗАЩИТЫ IP40 ВЕС 10 КГ РАБОЧАЯ ТЕМПЕРАТУРА ОТ -40 ДО +85С ТЕМПЕРАТУРА ХРАНЕНИЯ -40 ДО +85C ВЛАЖНОСТЬ ОТ 5 ДО 95% (БЕЗ КОНДЕНСАТА) MTBF 368000 ЧАСОВ ГАРАНТИЯ 5 ЛЕТ | I51: CT | J51: Kyland Technology Co., Ltd. | K51: 156 | L51: отсутствует | M51: KYLAND | N51: шт | O51: Нотификация | P51: 10052 | Q51: =VLOOKUP(C51,Лист1!$B$1:$N$33,5,0) -> RU0000053828 | R51: =VLOOKUP(C51,Лист1!$B$1:$N$33,6,0) -> 44431 | S51: =VLOOKUP(C51,Лист1!$B$1:$N$33,7,0) -> 44431 | T51: =VLOOKUP(C51,Лист1!$B$1:$N$33,8,0) -> 48213 | U51: =VLOOKUP(C51,Лист1!$B$1:$N$33,9,0) -> 0.3 | V51: =U51*E51 -> 1.8 | W51: 1.8 | X51: 2.025 | Y51: Декларация о соответствии | Z51: 01191 | AE51: отсутствует | AF51: 10005030/110221/0050604 | AG51: Симанитрон
A52: 44229 | B52: =VLOOKUP(C52,Лист1!$B$1:$N$49,2,0) -> 8517620003 | C52: SM6.6-4M-ST05-0.5U-S | D52: =VLOOKUP(C52,Лист1!$B$2:$T$45,14,0) -> ПРОМЫШЛЕННЫЕ КОММУТАТОРЫ ДЛЯ УПРАВЛЕНИЯ В СЕТЯХ ETHERNET, НЕ ЛОМ ЭЛЕКТРООБОРУДОВАНИЯ, НЕ ПРЕДНАЗНАЧЕНЫ ДЛЯ НЕГЛАСНОГО ПОЛУЧЕНИЯ ИНФОРМАЦИИ, КОМПЛЕКТУЮЩИЕ ДЛЯ СЕРВЕРОВ И СЕРВЕРНОГО ОБОРУДОВАНИЯ, ГРАЖДАНСКОГО ПРИМЕНЕНИЯ. ПОСТАВЛЯЮТСЯ С клеммными колодками , уголками для крепления в стойку и консольным кабелем. | E52: 2 | F52: 264 | G52: =F52*E52 -> 528 | H52: =VLOOKUP(C52,Лист1!$B$1:$N$33,4,0) -> SICOM3028GPT-L3G-MB-HV-HV-S - ПРОМЫШЛЕННЫЕ КОММУТАТОРЫ С ШИРОКИМ СПЕКТРОМ СФЕР ПРИМЕНЕНИЯ И МОДУЛЬНЫМ ДИЗАЙНОМ ДЛЯ ПРОСТОТЫ МАСШТАБИРОВАНИЯ И РАСШИРЕНИЯ ФУНКЦИОНАЛА УСТРОЙСТВА. SICOM3028GPT-L3G МОГУТ ИМЕТЬ ДО 28 ГИГАБИТНЫХ ПОРТОВ. ПРИ ЭТОМ ВОЗМОЖНА ПРАКТИЧЕСКИ ЛЮБАЯ КОМБИНАЦИЯ МЕДНЫХ И ОПТИЧЕСКИХ ПОРТОВ. ПИТАНИЕ: НАПРЯЖЕНИЕ ПИТАНИЯ: 220VAC/DC (85-264VAC/77-370VDC) МЕХАНИЧЕСКИЕ ХАРАКТЕРИСТИКИ: РАЗМЕРЫ 482.6 X 44 X 360 ММ КРЕПЛЕНИЕ 19" СТОЙКА КЛАСС ЗАЩИТЫ IP40 ВЕС 10 КГ РАБОЧАЯ ТЕМПЕРАТУРА ОТ -40 ДО +85С ТЕМПЕРАТУРА ХРАНЕНИЯ -40 ДО +85C ВЛАЖНОСТЬ ОТ 5 ДО 95% (БЕЗ КОНДЕНСАТА) MTBF 368000 ЧАСОВ ГАРАНТИЯ 5 ЛЕТ | I52: CT | J52: Kyland Technology Co., Ltd. | K52: 156 | L52: отсутствует | M52: KYLAND | N52: шт | O52: Нотификация | P52: 10052 | Q52: =VLOOKUP(C52,Лист1!$B$1:$N$33,5,0) -> RU0000053828 | R52: =VLOOKUP(C52,Лист1!$B$1:$N$33,6,0) -> 44431 | S52: =VLOOKUP(C52,Лист1!$B$1:$N$33,7,0) -> 44431 | T52: =VLOOKUP(C52,Лист1!$B$1:$N$33,8,0) -> 48213 | U52: =VLOOKUP(C52,Лист1!$B$1:$N$33,9,0) -> 0.3 | V52: =U52*E52 -> 0.6 | W52: 0.6 | X52: 0.675 | Y52: Декларация о соответствии | Z52: 01191 | AE52: отсутствует | AF52: 10005030/110221/0050604 | AG52: Симанитрон
A53: 44251 | B53: =VLOOKUP(C53,Лист1!$B$1:$N$49,2,0) -> 8517620003 | C53: SYM3000A-2GX16T-HV | D53: =VLOOKUP(C53,Лист1!$B$2:$T$45,14,0) -> ПРОМЫШЛЕННЫЕ КОММУТАТОРЫ ДЛЯ УПРАВЛЕНИЯ В СЕТЯХ ETHERNET, НЕ ЛОМ ЭЛЕКТРООБОРУДОВАНИЯ, НЕ ПРЕДНАЗНАЧЕНЫ ДЛЯ НЕГЛАСНОГО ПОЛУЧЕНИЯ ИНФОРМАЦИИ, КОМПЛЕКТУЮЩИЕ ДЛЯ СЕРВЕРОВ И СЕРВЕРНОГО ОБОРУДОВАНИЯ, ГРАЖДАНСКОГО ПРИМЕНЕНИЯ. ПОСТАВЛЯЮТСЯ С клеммными колодками , уголками для крепления в стойку и консольным кабелем. | E53: 3 | F53: 499.5 | G53: =F53*E53 -> 1498.5 | H53: =VLOOKUP(C53,Лист1!$B$1:$N$49,4,0) -> SICOM3028GPT-L3G-MB-HV-HV-S - ПРОМЫШЛЕННЫЕ КОММУТАТОРЫ С ШИРОКИМ СПЕКТРОМ СФЕР ПРИМЕНЕНИЯ И МОДУЛЬНЫМ ДИЗАЙНОМ ДЛЯ ПРОСТОТЫ МАСШТАБИРОВАНИЯ И РАСШИРЕНИЯ ФУНКЦИОНАЛА УСТРОЙСТВА. SICOM3028GPT-L3G МОГУТ ИМЕТЬ ДО 28 ГИГАБИТНЫХ ПОРТОВ. ПРИ ЭТОМ ВОЗМОЖНА ПРАКТИЧЕСКИ ЛЮБАЯ КОМБИНАЦИЯ МЕДНЫХ И ОПТИЧЕСКИХ ПОРТОВ. ПИТАНИЕ: НАПРЯЖЕНИЕ ПИТАНИЯ: 220VAC/DC (85-264VAC/77-370VDC) МЕХАНИЧЕСКИЕ ХАРАКТЕРИСТИКИ: РАЗМЕРЫ 482.6 X 44 X 360 ММ КРЕПЛЕНИЕ 19" СТОЙКА КЛАСС ЗАЩИТЫ IP40 ВЕС 10 КГ РАБОЧАЯ ТЕМПЕРАТУРА ОТ -40 ДО +85С ТЕМПЕРАТУРА ХРАНЕНИЯ -40 ДО +85C ВЛАЖНОСТЬ ОТ 5 ДО 95% (БЕЗ КОНДЕНСАТА) MTBF 368000 ЧАСОВ ГАРАНТИЯ 5 ЛЕТ | I53: CT | J53: Kyland Technology Co., Ltd. | K53: 156 | L53: отсутствует | M53: KYLAND | N53: шт | O53: Нотификация | P53: 10052 | Q53: =VLOOKUP(C53,Лист1!$B$1:$N$49,5,0) -> RU0000049917 | R53: =VLOOKUP(C53,Лист1!$B$1:$N$49,6,0) -> 44099 | S53: =VLOOKUP(C53,Лист1!$B$1:$N$49,7,0) -> 44099 | T53: =VLOOKUP(C53,Лист1!$B$1:$N$49,8,0) -> 47848 | U53: =VLOOKUP(C53,Лист1!$B$1:$N$49,9,0) -> 1.1 | V53: =U53*E53 -> 3.3 | W53: 4.5 | X53: =W53+W53*0.125 -> 5.0625 | Y53: Декларация о соответствии | Z53: 01191 | AA53: =VLOOKUP(C53,Лист1!$B$1:$N$49,10,0) -> ЕАЭС N RU Д-CN.КА01.В.27192/20 | AB53: =VLOOKUP(C53,Лист1!$B$1:$N$49,11,0) -> 43984 | AC53: =VLOOKUP(C53,Лист1!$B$1:$N$49,12,0) -> 43984 | AD53: =VLOOKUP(C53,Лист1!$B$1:$N$49,13,0) -> 45809 | AE53: отсутствует | AF53: 10005030/050321/0090045 | AG53: Симанитрон
A54: 44251 | B54: =VLOOKUP(C54,Лист1!$B$1:$N$49,2,0) -> 8517620003 | C54: SICOM3024P-6S18T-SC40-HV-S | D54: =VLOOKUP(C54,Лист1!$B$2:$T$45,14,0) -> ПРОМЫШЛЕННЫЕ КОММУТАТОРЫ ДЛЯ УПРАВЛЕНИЯ В СЕТЯХ ETHERNET, НЕ ЛОМ ЭЛЕКТРООБОРУДОВАНИЯ, НЕ ПРЕДНАЗНАЧЕНЫ ДЛЯ НЕГЛАСНОГО ПОЛУЧЕНИЯ ИНФОРМАЦИИ, КОМПЛЕКТУЮЩИЕ ДЛЯ СЕРВЕРОВ И СЕРВЕРНОГО ОБОРУДОВАНИЯ, ГРАЖДАНСКОГО ПРИМЕНЕНИЯ. ПОСТАВЛЯЮТСЯ С клеммными колодками , уголками для крепления в стойку и консольным кабелем. | E54: 1 | F54: 876 | G54: =F54*E54 -> 876 | H54: =VLOOKUP(C54,Лист1!$B$1:$N$49,4,0) -> SICOM3028GPT-L3G-MB-HV-HV-S - ПРОМЫШЛЕННЫЕ КОММУТАТОРЫ С ШИРОКИМ СПЕКТРОМ СФЕР ПРИМЕНЕНИЯ И МОДУЛЬНЫМ ДИЗАЙНОМ ДЛЯ ПРОСТОТЫ МАСШТАБИРОВАНИЯ И РАСШИРЕНИЯ ФУНКЦИОНАЛА УСТРОЙСТВА. SICOM3028GPT-L3G МОГУТ ИМЕТЬ ДО 28 ГИГАБИТНЫХ ПОРТОВ. ПРИ ЭТОМ ВОЗМОЖНА ПРАКТИЧЕСКИ ЛЮБАЯ КОМБИНАЦИЯ МЕДНЫХ И ОПТИЧЕСКИХ ПОРТОВ. ПИТАНИЕ: НАПРЯЖЕНИЕ ПИТАНИЯ: 220VAC/DC (85-264VAC/77-370VDC) МЕХАНИЧЕСКИЕ ХАРАКТЕРИСТИКИ: РАЗМЕРЫ 482.6 X 44 X 360 ММ КРЕПЛЕНИЕ 19" СТОЙКА КЛАСС ЗАЩИТЫ IP40 ВЕС 10 КГ РАБОЧАЯ ТЕМПЕРАТУРА ОТ -40 ДО +85С ТЕМПЕРАТУРА ХРАНЕНИЯ -40 ДО +85C ВЛАЖНОСТЬ ОТ 5 ДО 95% (БЕЗ КОНДЕНСАТА) MTBF 368000 ЧАСОВ ГАРАНТИЯ 5 ЛЕТ | I54: CT | J54: Kyland Technology Co., Ltd. | K54: 156 | L54: отсутствует | M54: KYLAND | N54: шт | O54: Нотификация | P54: 10052 | Q54: =VLOOKUP(C54,Лист1!$B$1:$N$49,5,0) -> RU0000033121 | R54: =VLOOKUP(C54,Лист1!$B$1:$N$49,6,0) -> 42972 | S54: =VLOOKUP(C54,Лист1!$B$1:$N$49,7,0) -> 42972 | T54: =VLOOKUP(C54,Лист1!$B$1:$N$49,8,0) -> 44369 | U54: =VLOOKUP(C54,Лист1!$B$1:$N$49,9,0) -> 4 | V54: =U54*E54 -> 4 | W54: 6 | X54: =W54+W54*0.125 -> 6.75 | Y54: Декларация о соответствии | Z54: 01191 | AA54: =VLOOKUP(C54,Лист1!$B$1:$N$49,10,0) -> ЕАЭС N RU Д-CN.КА01.В.17403/19 | AB54: =VLOOKUP(C54,Лист1!$B$1:$N$49,11,0) -> 43787 | AC54: =VLOOKUP(C54,Лист1!$B$1:$N$49,12,0) -> 43787 | AD54: =VLOOKUP(C54,Лист1!$B$1:$N$49,13,0) -> 45613 | AE54: отсутствует | AF54: 10005030/050321/0090045 | AG54: Симанитрон
A55: 44251 | B55: =VLOOKUP(C55,Лист1!$B$1:$N$33,2,0) -> 8517620003 | C55: SICOM3028GPT-L3G-MB-HV-HV-S | D55: =VLOOKUP(C55,Лист1!$B$2:$T$45,14,0) -> ПРОМЫШЛЕННЫЕ КОММУТАТОРЫ ДЛЯ УПРАВЛЕНИЯ В СЕТЯХ ETHERNET, НЕ ЛОМ ЭЛЕКТРООБОРУДОВАНИЯ, НЕ ПРЕДНАЗНАЧЕНЫ ДЛЯ НЕГЛАСНОГО ПОЛУЧЕНИЯ ИНФОРМАЦИИ, КОМПЛЕКТУЮЩИЕ ДЛЯ СЕРВЕРОВ И СЕРВЕРНОГО ОБОРУДОВАНИЯ, ГРАЖДАНСКОГО ПРИМЕНЕНИЯ. ПОСТАВЛЯЮТСЯ С клеммными колодками , уголками для крепления в стойку и консольным кабелем. | E55: 3 | F55: 1368 | G55: =F55*E55 -> 4104 | H55: =VLOOKUP(C55,Лист1!$B$1:$N$49,4,0) -> SICOM3028GPT-L3G-MB-HV-HV-S - ПРОМЫШЛЕННЫЕ КОММУТАТОРЫ С ШИРОКИМ СПЕКТРОМ СФЕР ПРИМЕНЕНИЯ И МОДУЛЬНЫМ ДИЗАЙНОМ ДЛЯ ПРОСТОТЫ МАСШТАБИРОВАНИЯ И РАСШИРЕНИЯ ФУНКЦИОНАЛА УСТРОЙСТВА. SICOM3028GPT-L3G МОГУТ ИМЕТЬ ДО 28 ГИГАБИТНЫХ ПОРТОВ. ПРИ ЭТОМ ВОЗМОЖНА ПРАКТИЧЕСКИ ЛЮБАЯ КОМБИНАЦИЯ МЕДНЫХ И ОПТИЧЕСКИХ ПОРТОВ. ПИТАНИЕ: НАПРЯЖЕНИЕ ПИТАНИЯ: 220VAC/DC (85-264VAC/77-370VDC) МЕХАНИЧЕСКИЕ ХАРАКТЕРИСТИКИ: РАЗМЕРЫ 482.6 X 44 X 360 ММ КРЕПЛЕНИЕ 19" СТОЙКА КЛАСС ЗАЩИТЫ IP40 ВЕС 10 КГ РАБОЧАЯ ТЕМПЕРАТУРА ОТ -40 ДО +85С ТЕМПЕРАТУРА ХРАНЕНИЯ -40 ДО +85C ВЛАЖНОСТЬ ОТ 5 ДО 95% (БЕЗ КОНДЕНСАТА) MTBF 368000 ЧАСОВ ГАРАНТИЯ 5 ЛЕТ | I55: CT | J55: Kyland Technology Co., Ltd. | K55: 156 | L55: отсутствует | M55: KYLAND | N55: шт | O55: Нотификация | P55: 10052 | Q55: =VLOOKUP(C55,Лист1!$B$1:$N$49,5,0) -> RU0000053245 | R55: =VLOOKUP(C55,Лист1!$B$1:$N$49,6,0) -> 44383 | S55: =VLOOKUP(C55,Лист1!$B$1:$N$49,7,0) -> 44383 | T55: =VLOOKUP(C55,Лист1!$B$1:$N$49,8,0) -> 48213 | U55: =VLOOKUP(C55,Лист1!$B$1:$N$49,9,0) -> 10 | V55: =U55*E55 -> 30 | W55: 22.5 | X55: =W55+W55*0.125 -> 25.3125 | Y55: Декларация о соответствии | Z55: 01191 | AA55: =VLOOKUP(C55,Лист1!$B$1:$N$49,10,0) -> ЕАЭС N RU Д-CN.КА01.В.23216/20 | AB55: =VLOOKUP(C55,Лист1!$B$1:$N$49,11,0) -> 43908 | AC55: =VLOOKUP(C55,Лист1!$B$1:$N$49,12,0) -> 43908 | AD55: =VLOOKUP(C55,Лист1!$B$1:$N$49,13,0) -> 45733 | AE55: отсутствует | AF55: 10005030/050321/0090045 | AG55: Симанитрон
A56: 44251 | B56: =VLOOKUP(C56,Лист1!$B$1:$N$33,2,0) -> 8517620003 | C56: SM6.6-4GX-1U-S | D56: =VLOOKUP(C56,Лист1!$B$2:$T$45,14,0) -> ПРОМЫШЛЕННЫЕ КОММУТАТОРЫ ДЛЯ УПРАВЛЕНИЯ В СЕТЯХ ETHERNET, НЕ ЛОМ ЭЛЕКТРООБОРУДОВАНИЯ, НЕ ПРЕДНАЗНАЧЕНЫ ДЛЯ НЕГЛАСНОГО ПОЛУЧЕНИЯ ИНФОРМАЦИИ, КОМПЛЕКТУЮЩИЕ ДЛЯ СЕРВЕРОВ И СЕРВЕРНОГО ОБОРУДОВАНИЯ, ГРАЖДАНСКОГО ПРИМЕНЕНИЯ. ПОСТАВЛЯЮТСЯ С клеммными колодками , уголками для крепления в стойку и консольным кабелем. | E56: 3 | F56: 198 | G56: =F56*E56 -> 594 | H56: =VLOOKUP(C56,Лист1!$B$1:$N$33,4,0) -> SICOM3028GPT-L3G-MB-HV-HV-S - ПРОМЫШЛЕННЫЕ КОММУТАТОРЫ С ШИРОКИМ СПЕКТРОМ СФЕР ПРИМЕНЕНИЯ И МОДУЛЬНЫМ ДИЗАЙНОМ ДЛЯ ПРОСТОТЫ МАСШТАБИРОВАНИЯ И РАСШИРЕНИЯ ФУНКЦИОНАЛА УСТРОЙСТВА. SICOM3028GPT-L3G МОГУТ ИМЕТЬ ДО 28 ГИГАБИТНЫХ ПОРТОВ. ПРИ ЭТОМ ВОЗМОЖНА ПРАКТИЧЕСКИ ЛЮБАЯ КОМБИНАЦИЯ МЕДНЫХ И ОПТИЧЕСКИХ ПОРТОВ. ПИТАНИЕ: НАПРЯЖЕНИЕ ПИТАНИЯ: 220VAC/DC (85-264VAC/77-370VDC) МЕХАНИЧЕСКИЕ ХАРАКТЕРИСТИКИ: РАЗМЕРЫ 482.6 X 44 X 360 ММ КРЕПЛЕНИЕ 19" СТОЙКА КЛАСС ЗАЩИТЫ IP40 ВЕС 10 КГ РАБОЧАЯ ТЕМПЕРАТУРА ОТ -40 ДО +85С ТЕМПЕРАТУРА ХРАНЕНИЯ -40 ДО +85C ВЛАЖНОСТЬ ОТ 5 ДО 95% (БЕЗ КОНДЕНСАТА) MTBF 368000 ЧАСОВ ГАРАНТИЯ 5 ЛЕТ | I56: CT | J56: Kyland Technology Co., Ltd. | K56: 156 | L56: отсутствует | M56: KYLAND | N56: шт | O56: Нотификация | P56: 10052 | Q56: =VLOOKUP(C56,Лист1!$B$1:$N$33,5,0) -> RU0000053828 | R56: =VLOOKUP(C56,Лист1!$B$1:$N$33,6,0) -> 44431 | S56: =VLOOKUP(C56,Лист1!$B$1:$N$33,7,0) -> 44431 | T56: =VLOOKUP(C56,Лист1!$B$1:$N$33,8,0) -> 48213 | U56: =VLOOKUP(C56,Лист1!$B$1:$N$33,9,0) -> 0.3 | V56: =U56*E56 -> 0.9 | W56: 0.9 | X56: =W56+W56*0.125 -> 1.0125 | Y56: Декларация о соответствии | Z56: 01191 | AE56: отсутствует | AF56: 10005030/050321/0090045 | AG56: Симанитрон
A57: 44251 | B57: =VLOOKUP(C57,Лист1!$B$1:$N$33,2,0) -> 8517620003 | C57: SM6.6-4GE-0.5U-S | D57: =VLOOKUP(C57,Лист1!$B$2:$T$45,14,0) -> ПРОМЫШЛЕННЫЕ КОММУТАТОРЫ ДЛЯ УПРАВЛЕНИЯ В СЕТЯХ ETHERNET, НЕ ЛОМ ЭЛЕКТРООБОРУДОВАНИЯ, НЕ ПРЕДНАЗНАЧЕНЫ ДЛЯ НЕГЛАСНОГО ПОЛУЧЕНИЯ ИНФОРМАЦИИ, КОМПЛЕКТУЮЩИЕ ДЛЯ СЕРВЕРОВ И СЕРВЕРНОГО ОБОРУДОВАНИЯ, ГРАЖДАНСКОГО ПРИМЕНЕНИЯ. ПОСТАВЛЯЮТСЯ С клеммными колодками , уголками для крепления в стойку и консольным кабелем. | E57: 9 | F57: 198 | G57: =F57*E57 -> 1782 | H57: =VLOOKUP(C57,Лист1!$B$1:$N$33,4,0) -> SICOM3028GPT-L3G-MB-HV-HV-S - ПРОМЫШЛЕННЫЕ КОММУТАТОРЫ С ШИРОКИМ СПЕКТРОМ СФЕР ПРИМЕНЕНИЯ И МОДУЛЬНЫМ ДИЗАЙНОМ ДЛЯ ПРОСТОТЫ МАСШТАБИРОВАНИЯ И РАСШИРЕНИЯ ФУНКЦИОНАЛА УСТРОЙСТВА. SICOM3028GPT-L3G МОГУТ ИМЕТЬ ДО 28 ГИГАБИТНЫХ ПОРТОВ. ПРИ ЭТОМ ВОЗМОЖНА ПРАКТИЧЕСКИ ЛЮБАЯ КОМБИНАЦИЯ МЕДНЫХ И ОПТИЧЕСКИХ ПОРТОВ. ПИТАНИЕ: НАПРЯЖЕНИЕ ПИТАНИЯ: 220VAC/DC (85-264VAC/77-370VDC) МЕХАНИЧЕСКИЕ ХАРАКТЕРИСТИКИ: РАЗМЕРЫ 482.6 X 44 X 360 ММ КРЕПЛЕНИЕ 19" СТОЙКА КЛАСС ЗАЩИТЫ IP40 ВЕС 10 КГ РАБОЧАЯ ТЕМПЕРАТУРА ОТ -40 ДО +85С ТЕМПЕРАТУРА ХРАНЕНИЯ -40 ДО +85C ВЛАЖНОСТЬ ОТ 5 ДО 95% (БЕЗ КОНДЕНСАТА) MTBF 368000 ЧАСОВ ГАРАНТИЯ 5 ЛЕТ | I57: CT | J57: Kyland Technology Co., Ltd. | K57: 156 | L57: отсутствует | M57: KYLAND | N57: шт | O57: Нотификация | P57: 10052 | Q57: =VLOOKUP(C57,Лист1!$B$1:$N$33,5,0) -> RU0000053828 | R57: =VLOOKUP(C57,Лист1!$B$1:$N$33,6,0) -> 44431 | S57: =VLOOKUP(C57,Лист1!$B$1:$N$33,7,0) -> 44431 | T57: =VLOOKUP(C57,Лист1!$B$1:$N$33,8,0) -> 48213 | U57: =VLOOKUP(C57,Лист1!$B$1:$N$33,9,0) -> 0.3 | V57: =U57*E57 -> 2.7 | W57: 2.7 | X57: =W57+W57*0.125 -> 3.0375 | Y57: Декларация о соответствии | Z57: 01191 | AE57: отсутствует | AF57: 10005030/050321/0090045 | AG57: Симанитрон
A58: 44251 | B58: =VLOOKUP(C58,Лист1!$B$1:$N$33,2,0) -> 8517620002 | C58: SICOM3028GPT-L2GT-MB-HV-HV-S | D58: =VLOOKUP(C58,Лист1!$B$2:$T$45,14,0) -> ПРОМЫШЛЕННЫЕ КОММУТАТОРЫ ДЛЯ УПРАВЛЕНИЯ В СЕТЯХ ETHERNET, НЕ ЛОМ ЭЛЕКТРООБОРУДОВАНИЯ, НЕ ПРЕДНАЗНАЧЕНЫ ДЛЯ НЕГЛАСНОГО ПОЛУЧЕНИЯ ИНФОРМАЦИИ, КОМПЛЕКТУЮЩИЕ ДЛЯ СЕРВЕРОВ И СЕРВЕРНОГО ОБОРУДОВАНИЯ, ГРАЖДАНСКОГО ПРИМЕНЕНИЯ. ПОСТАВЛЯЮТСЯ С клеммными колодками , уголками для крепления в стойку и консольным кабелем. | E58: 1 | F58: 1247.46 | G58: =F58*E58 -> 1247.46 | H58: =VLOOKUP(C58,Лист1!$B$1:$N$33,4,0) -> SICOM3028GPT-L2GT-MB-HV-HV-S - промышленные коммутаторы с широким спектром сфер применния и модульным дизайном для простоты масштабирования и расширения функционала устройства. Модели SICOM3028GPT-L2GT могут иметь до 28 гигабитных портов, а модели SICOM3028GPT-L2GT-MB-HV-HV-S до 24 портов 100 Мбит/с и до 4 гигабитных портов.. Устройства оборудованы PTP-картой для поддержки синхронизации времени (IEEE1588v2) на всех 28 портах устройства. Коммутаторы крепятся в 19-дюймовую стойку (занимают 1U), крепятся передней или задней панелью. Устройства соответствуют IEC61850-3 и IEEE1613 для электроподстанций, имеют консольный Mini USB порт, соответствуют IEC62439-6, поддерживаюют VCT (Virtual Cable Test). Диапазон рабочих температур коммутаторов SICOM3028GPT-L2GT от -40° до +85°. Протоколы DT-Ring, DT-Ring+, MSTP, DRP; IGMP Snooping, GMRP; VLAN, GVRP, PVLAN; Telnet, HTTP, HTTPS, SNMPv1/v2/v3, RMON, LLDP, Bootp, DHCP server/relay/client, DHCP Option 82; SNTP, PTP, RTC; SSH, SSL, TACACS+, RADIUS, ACL; Syslog; ARP, Modbus TCP, QoS, LACP PRP, HSR Длина волны 1310нм (одномод), 1550нм (одномод), 1310 (многомод) Расстояние передачи 10~80км (одномод) , до 5 км (100M многомод) , до 2 км (1000M многомод) Тип коннектора Питание Напряжение питания Резервированное: 220Вольт переменного напряжения/Вольт постоянного напряжения (77-300VDC/85-264VAC) Потребляемая мощность До 42 Вт Механические характеристики Размеры 482.6мм x 44мм x 360мм Крепление 19” стойка Класс защиты IP40 Рабочая температура от -40 до +85С Температура хранения -40 до +85C Влажность от 5 до 95% (без конденсата) MTBF 359000 часов Гарантия 5 лет | I58: CT | J58: Kyland Technology Co., Ltd. | K58: 156 | L58: отсутствует | M58: KYLAND | N58: шт | O58: Нотификация | P58: 10052 | Q58: =VLOOKUP(C58,Лист1!$B$1:$N$33,5,0) -> RU0000053245 | R58: =VLOOKUP(C58,Лист1!$B$1:$N$33,6,0) -> 44383 | S58: =VLOOKUP(C58,Лист1!$B$1:$N$33,7,0) -> 44383 | T58: =VLOOKUP(C58,Лист1!$B$1:$N$33,8,0) -> 48213 | U58: =VLOOKUP(C58,Лист1!$B$1:$N$33,9,0) -> 10 | V58: =U58*E58 -> 10 | W58: 7.5 | X58: =W58+W58*0.125 -> 8.4375 | Y58: Декларация о соответствии | Z58: 01191 | AA58: =VLOOKUP(C58,Лист1!$B$1:$N$33,10,0) -> ЕАЭС N RU Д-CN.КА01.В.23216/20 | AB58: =VLOOKUP(C58,Лист1!$B$1:$N$33,11,0) -> 43908 | AC58: =VLOOKUP(C58,Лист1!$B$1:$N$33,12,0) -> 43908 | AD58: =VLOOKUP(C58,Лист1!$B$1:$N$33,13,0) -> 45733 | AE58: отсутствует | AF58: 10005030/050321/0090045 | AG58: Симанитрон
A59: 44251 | B59: =VLOOKUP(C59,Лист1!$B$1:$N$33,2,0) -> 8517620003 | C59: SM6.6-4GX-1U-S | D59: =VLOOKUP(C59,Лист1!$B$2:$T$45,14,0) -> ПРОМЫШЛЕННЫЕ КОММУТАТОРЫ ДЛЯ УПРАВЛЕНИЯ В СЕТЯХ ETHERNET, НЕ ЛОМ ЭЛЕКТРООБОРУДОВАНИЯ, НЕ ПРЕДНАЗНАЧЕНЫ ДЛЯ НЕГЛАСНОГО ПОЛУЧЕНИЯ ИНФОРМАЦИИ, КОМПЛЕКТУЮЩИЕ ДЛЯ СЕРВЕРОВ И СЕРВЕРНОГО ОБОРУДОВАНИЯ, ГРАЖДАНСКОГО ПРИМЕНЕНИЯ. ПОСТАВЛЯЮТСЯ С клеммными колодками , уголками для крепления в стойку и консольным кабелем. | E59: 1 | F59: 168.64 | G59: =F59*E59 -> 168.64 | H59: =VLOOKUP(C59,Лист1!$B$1:$N$33,4,0) -> SICOM3028GPT-L3G-MB-HV-HV-S - ПРОМЫШЛЕННЫЕ КОММУТАТОРЫ С ШИРОКИМ СПЕКТРОМ СФЕР ПРИМЕНЕНИЯ И МОДУЛЬНЫМ ДИЗАЙНОМ ДЛЯ ПРОСТОТЫ МАСШТАБИРОВАНИЯ И РАСШИРЕНИЯ ФУНКЦИОНАЛА УСТРОЙСТВА. SICOM3028GPT-L3G МОГУТ ИМЕТЬ ДО 28 ГИГАБИТНЫХ ПОРТОВ. ПРИ ЭТОМ ВОЗМОЖНА ПРАКТИЧЕСКИ ЛЮБАЯ КОМБИНАЦИЯ МЕДНЫХ И ОПТИЧЕСКИХ ПОРТОВ. ПИТАНИЕ: НАПРЯЖЕНИЕ ПИТАНИЯ: 220VAC/DC (85-264VAC/77-370VDC) МЕХАНИЧЕСКИЕ ХАРАКТЕРИСТИКИ: РАЗМЕРЫ 482.6 X 44 X 360 ММ КРЕПЛЕНИЕ 19" СТОЙКА КЛАСС ЗАЩИТЫ IP40 ВЕС 10 КГ РАБОЧАЯ ТЕМПЕРАТУРА ОТ -40 ДО +85С ТЕМПЕРАТУРА ХРАНЕНИЯ -40 ДО +85C ВЛАЖНОСТЬ ОТ 5 ДО 95% (БЕЗ КОНДЕНСАТА) MTBF 368000 ЧАСОВ ГАРАНТИЯ 5 ЛЕТ | I59: CT | J59: Kyland Technology Co., Ltd. | K59: 156 | L59: отсутствует | M59: KYLAND | N59: шт | O59: Нотификация | P59: 10052 | Q59: =VLOOKUP(C59,Лист1!$B$1:$N$33,5,0) -> RU0000053828 | R59: =VLOOKUP(C59,Лист1!$B$1:$N$33,6,0) -> 44431 | S59: =VLOOKUP(C59,Лист1!$B$1:$N$33,7,0) -> 44431 | T59: =VLOOKUP(C59,Лист1!$B$1:$N$33,8,0) -> 48213 | U59: =VLOOKUP(C59,Лист1!$B$1:$N$33,9,0) -> 0.3 | V59: =U59*E59 -> 0.3 | W59: 0.3 | X59: =W59+W59*0.125 -> 0.3375 | Y59: Декларация о соответствии | Z59: 01191 | AE59: отсутствует | AF59: 10005030/050321/0090045 | AG59: Симанитрон
A60: 44251 | B60: =VLOOKUP(C60,Лист1!$B$1:$N$33,2,0) -> 8517620003 | C60: SM6.6-4GX-0.5U-S | D60: =VLOOKUP(C60,Лист1!$B$2:$T$45,14,0) -> ПРОМЫШЛЕННЫЕ КОММУТАТОРЫ ДЛЯ УПРАВЛЕНИЯ В СЕТЯХ ETHERNET, НЕ ЛОМ ЭЛЕКТРООБОРУДОВАНИЯ, НЕ ПРЕДНАЗНАЧЕНЫ ДЛЯ НЕГЛАСНОГО ПОЛУЧЕНИЯ ИНФОРМАЦИИ, КОМПЛЕКТУЮЩИЕ ДЛЯ СЕРВЕРОВ И СЕРВЕРНОГО ОБОРУДОВАНИЯ, ГРАЖДАНСКОГО ПРИМЕНЕНИЯ. ПОСТАВЛЯЮТСЯ С клеммными колодками , уголками для крепления в стойку и консольным кабелем. | E60: 1 | F60: 168.64 | G60: =F60*E60 -> 168.64 | H60: =VLOOKUP(C60,Лист1!$B$1:$N$33,4,0) -> SICOM3028GPT-L3G-MB-HV-HV-S - ПРОМЫШЛЕННЫЕ КОММУТАТОРЫ С ШИРОКИМ СПЕКТРОМ СФЕР ПРИМЕНЕНИЯ И МОДУЛЬНЫМ ДИЗАЙНОМ ДЛЯ ПРОСТОТЫ МАСШТАБИРОВАНИЯ И РАСШИРЕНИЯ ФУНКЦИОНАЛА УСТРОЙСТВА. SICOM3028GPT-L3G МОГУТ ИМЕТЬ ДО 28 ГИГАБИТНЫХ ПОРТОВ. ПРИ ЭТОМ ВОЗМОЖНА ПРАКТИЧЕСКИ ЛЮБАЯ КОМБИНАЦИЯ МЕДНЫХ И ОПТИЧЕСКИХ ПОРТОВ. ПИТАНИЕ: НАПРЯЖЕНИЕ ПИТАНИЯ: 220VAC/DC (85-264VAC/77-370VDC) МЕХАНИЧЕСКИЕ ХАРАКТЕРИСТИКИ: РАЗМЕРЫ 482.6 X 44 X 360 ММ КРЕПЛЕНИЕ 19" СТОЙКА КЛАСС ЗАЩИТЫ IP40 ВЕС 10 КГ РАБОЧАЯ ТЕМПЕРАТУРА ОТ -40 ДО +85С ТЕМПЕРАТУРА ХРАНЕНИЯ -40 ДО +85C ВЛАЖНОСТЬ ОТ 5 ДО 95% (БЕЗ КОНДЕНСАТА) MTBF 368000 ЧАСОВ ГАРАНТИЯ 5 ЛЕТ | I60: CT | J60: Kyland Technology Co., Ltd. | K60: 156 | L60: отсутствует | M60: KYLAND | N60: шт | O60: Нотификация | P60: 10052 | Q60: =VLOOKUP(C60,Лист1!$B$1:$N$33,5,0) -> RU0000053828 | R60: =VLOOKUP(C60,Лист1!$B$1:$N$33,6,0) -> 44431 | S60: =VLOOKUP(C60,Лист1!$B$1:$N$33,7,0) -> 44431 | T60: =VLOOKUP(C60,Лист1!$B$1:$N$33,8,0) -> 48213 | U60: =VLOOKUP(C60,Лист1!$B$1:$N$33,9,0) -> 0.3 | V60: =U60*E60 -> 0.3 | W60: 0.3 | X60: =W60+W60*0.125 -> 0.3375 | Y60: Декларация о соответствии | Z60: 01191 | AE60: отсутствует | AF60: 10005030/050321/0090045 | AG60: Симанитрон
A61: 44251 | B61: =VLOOKUP(C61,Лист1!$B$1:$N$67,2,0) -> 8517620003 | C61: SM6.6-4GE-0.5U-S | D61: =VLOOKUP(C61,Лист1!$B$2:$T$45,14,0) -> ПРОМЫШЛЕННЫЕ КОММУТАТОРЫ ДЛЯ УПРАВЛЕНИЯ В СЕТЯХ ETHERNET, НЕ ЛОМ ЭЛЕКТРООБОРУДОВАНИЯ, НЕ ПРЕДНАЗНАЧЕНЫ ДЛЯ НЕГЛАСНОГО ПОЛУЧЕНИЯ ИНФОРМАЦИИ, КОМПЛЕКТУЮЩИЕ ДЛЯ СЕРВЕРОВ И СЕРВЕРНОГО ОБОРУДОВАНИЯ, ГРАЖДАНСКОГО ПРИМЕНЕНИЯ. ПОСТАВЛЯЮТСЯ С клеммными колодками , уголками для крепления в стойку и консольным кабелем. | E61: 5 | F61: 168.64 | G61: =F61*E61 -> 843.2 | H61: =VLOOKUP(C61,Лист1!$B$1:$N$67,4,0) -> SICOM3028GPT-L3G-MB-HV-HV-S - ПРОМЫШЛЕННЫЕ КОММУТАТОРЫ С ШИРОКИМ СПЕКТРОМ СФЕР ПРИМЕНЕНИЯ И МОДУЛЬНЫМ ДИЗАЙНОМ ДЛЯ ПРОСТОТЫ МАСШТАБИРОВАНИЯ И РАСШИРЕНИЯ ФУНКЦИОНАЛА УСТРОЙСТВА. SICOM3028GPT-L3G МОГУТ ИМЕТЬ ДО 28 ГИГАБИТНЫХ ПОРТОВ. ПРИ ЭТОМ ВОЗМОЖНА ПРАКТИЧЕСКИ ЛЮБАЯ КОМБИНАЦИЯ МЕДНЫХ И ОПТИЧЕСКИХ ПОРТОВ. ПИТАНИЕ: НАПРЯЖЕНИЕ ПИТАНИЯ: 220VAC/DC (85-264VAC/77-370VDC) МЕХАНИЧЕСКИЕ ХАРАКТЕРИСТИКИ: РАЗМЕРЫ 482.6 X 44 X 360 ММ КРЕПЛЕНИЕ 19" СТОЙКА КЛАСС ЗАЩИТЫ IP40 ВЕС 10 КГ РАБОЧАЯ ТЕМПЕРАТУРА ОТ -40 ДО +85С ТЕМПЕРАТУРА ХРАНЕНИЯ -40 ДО +85C ВЛАЖНОСТЬ ОТ 5 ДО 95% (БЕЗ КОНДЕНСАТА) MTBF 368000 ЧАСОВ ГАРАНТИЯ 5 ЛЕТ | I61: CT | J61: Kyland Technology Co., Ltd. | K61: 156 | L61: отсутствует | M61: KYLAND | N61: шт | O61: Нотификация | P61: 10052 | Q61: =VLOOKUP(C61,Лист1!$B$1:$N$142,5,0) -> RU0000053828 | R61: =VLOOKUP(C61,Лист1!$B$1:$N$142,6,0) -> 44431 | S61: =VLOOKUP(C61,Лист1!$B$1:$N$142,7,0) -> 44431 | T61: =VLOOKUP(C61,Лист1!$B$1:$N$142,8,0) -> 48213 | U61: =VLOOKUP(C61,Лист1!$B$1:$N$142,9,0) -> 0.3 | V61: =U61*E61 -> 1.5 | W61: 1.5 | X61: =W61+W61*0.125 -> 1.6875 | Y61: Декларация о соответствии | Z61: 01191 | AE61: отсутствует | AF61: 10005030/050321/0090045 | AG61: Симанитрон
A62: 44273 | B62: =VLOOKUP(C62,Лист1!$B$1:$N$67,2,0) -> 8517620003 | C62: KOM300A-1M2T-SC05-HV-S | D62: =VLOOKUP(C62,Лист1!$B$2:$T$45,14,0) -> ПРОМЫШЛЕННЫЕ КОММУТАТОРЫ ДЛЯ УПРАВЛЕНИЯ В СЕТЯХ ETHERNET, НЕ ЛОМ ЭЛЕКТРООБОРУДОВАНИЯ, НЕ ПРЕДНАЗНАЧЕНЫ ДЛЯ НЕГЛАСНОГО ПОЛУЧЕНИЯ ИНФОРМАЦИИ, КОМПЛЕКТУЮЩИЕ ДЛЯ СЕРВЕРОВ И СЕРВЕРНОГО ОБОРУДОВАНИЯ, ГРАЖДАНСКОГО ПРИМЕНЕНИЯ. ПОСТАВЛЯЮТСЯ С клеммными колодками , уголками для крепления в стойку и консольным кабелем. | E62: 12 | F62: 90 | G62: =F62*E62 -> 1080 | H62: =VLOOKUP(C62,Лист1!$B$1:$N$67,4,0) -> SICOM3028GPT-L3G-MB-HV-HV-S - ПРОМЫШЛЕННЫЕ КОММУТАТОРЫ С ШИРОКИМ СПЕКТРОМ СФЕР ПРИМЕНЕНИЯ И МОДУЛЬНЫМ ДИЗАЙНОМ ДЛЯ ПРОСТОТЫ МАСШТАБИРОВАНИЯ И РАСШИРЕНИЯ ФУНКЦИОНАЛА УСТРОЙСТВА. SICOM3028GPT-L3G МОГУТ ИМЕТЬ ДО 28 ГИГАБИТНЫХ ПОРТОВ. ПРИ ЭТОМ ВОЗМОЖНА ПРАКТИЧЕСКИ ЛЮБАЯ КОМБИНАЦИЯ МЕДНЫХ И ОПТИЧЕСКИХ ПОРТОВ. ПИТАНИЕ: НАПРЯЖЕНИЕ ПИТАНИЯ: 220VAC/DC (85-264VAC/77-370VDC) МЕХАНИЧЕСКИЕ ХАРАКТЕРИСТИКИ: РАЗМЕРЫ 482.6 X 44 X 360 ММ КРЕПЛЕНИЕ 19" СТОЙКА КЛАСС ЗАЩИТЫ IP40 ВЕС 10 КГ РАБОЧАЯ ТЕМПЕРАТУРА ОТ -40 ДО +85С ТЕМПЕРАТУРА ХРАНЕНИЯ -40 ДО +85C ВЛАЖНОСТЬ ОТ 5 ДО 95% (БЕЗ КОНДЕНСАТА) MTBF 368000 ЧАСОВ ГАРАНТИЯ 5 ЛЕТ | I62: CT | J62: Kyland Technology Co., Ltd. | K62: 156 | L62: отсутствует | M62: KYLAND | N62: шт | O62: Нотификация | P62: 10052 | Q62: =VLOOKUP(C62,Лист1!$B$1:$N$142,5,0) -> RU0000032871 | R62: =VLOOKUP(C62,Лист1!$B$1:$N$142,6,0) -> 42958 | S62: =VLOOKUP(C62,Лист1!$B$1:$N$142,7,0) -> 42958 | T62: =VLOOKUP(C62,Лист1!$B$1:$N$142,8,0) -> 44369 | U62: =VLOOKUP(C62,Лист1!$B$1:$N$142,9,0) -> 0.3 | V62: =U62*E62 -> 3.6 | W62: 7.2 | X62: 8 | Y62: Декларация о соответствии | Z62: 01191 | AA62: =VLOOKUP(C62,Лист1!$B$1:$N$142,10,0) -> ЕАЭС N RU Д-CN.КА01.В.17403/19 | AB62: =VLOOKUP(C62,Лист1!$B$1:$N$142,11,0) -> 43787 | AC62: =VLOOKUP(C62,Лист1!$B$1:$N$142,12,0) -> 43787 | AD62: =VLOOKUP(C62,Лист1!$B$1:$N$142,13,0) -> 45613 | AE62: отсутствует | AF62: 10005030/290321/0134814 | AG62: Симанитрон
A63: 44273 | B63: =VLOOKUP(C63,Лист1!$B$1:$N$67,2,0) -> 8517620003 | C63: SICOM3024P-2S26T-SC40-HV-S | D63: =VLOOKUP(C63,Лист1!$B$2:$T$45,14,0) -> ПРОМЫШЛЕННЫЕ КОММУТАТОРЫ ДЛЯ УПРАВЛЕНИЯ В СЕТЯХ ETHERNET, НЕ ЛОМ ЭЛЕКТРООБОРУДОВАНИЯ, НЕ ПРЕДНАЗНАЧЕНЫ ДЛЯ НЕГЛАСНОГО ПОЛУЧЕНИЯ ИНФОРМАЦИИ, КОМПЛЕКТУЮЩИЕ ДЛЯ СЕРВЕРОВ И СЕРВЕРНОГО ОБОРУДОВАНИЯ, ГРАЖДАНСКОГО ПРИМЕНЕНИЯ. ПОСТАВЛЯЮТСЯ С клеммными колодками , уголками для крепления в стойку и консольным кабелем. | E63: 1 | F63: 771 | G63: =F63*E63 -> 771 | H63: =VLOOKUP(C63,Лист1!$B$1:$N$67,4,0) -> SICOM3028GPT-L3G-MB-HV-HV-S - ПРОМЫШЛЕННЫЕ КОММУТАТОРЫ С ШИРОКИМ СПЕКТРОМ СФЕР ПРИМЕНЕНИЯ И МОДУЛЬНЫМ ДИЗАЙНОМ ДЛЯ ПРОСТОТЫ МАСШТАБИРОВАНИЯ И РАСШИРЕНИЯ ФУНКЦИОНАЛА УСТРОЙСТВА. SICOM3028GPT-L3G МОГУТ ИМЕТЬ ДО 28 ГИГАБИТНЫХ ПОРТОВ. ПРИ ЭТОМ ВОЗМОЖНА ПРАКТИЧЕСКИ ЛЮБАЯ КОМБИНАЦИЯ МЕДНЫХ И ОПТИЧЕСКИХ ПОРТОВ. ПИТАНИЕ: НАПРЯЖЕНИЕ ПИТАНИЯ: 220VAC/DC (85-264VAC/77-370VDC) МЕХАНИЧЕСКИЕ ХАРАКТЕРИСТИКИ: РАЗМЕРЫ 482.6 X 44 X 360 ММ КРЕПЛЕНИЕ 19" СТОЙКА КЛАСС ЗАЩИТЫ IP40 ВЕС 10 КГ РАБОЧАЯ ТЕМПЕРАТУРА ОТ -40 ДО +85С ТЕМПЕРАТУРА ХРАНЕНИЯ -40 ДО +85C ВЛАЖНОСТЬ ОТ 5 ДО 95% (БЕЗ КОНДЕНСАТА) MTBF 368000 ЧАСОВ ГАРАНТИЯ 5 ЛЕТ | I63: CT | J63: Kyland Technology Co., Ltd. | K63: 156 | L63: отсутствует | M63: KYLAND | N63: шт | O63: Нотификация | P63: 10052 | Q63: =VLOOKUP(C63,Лист1!$B$1:$N$142,5,0) -> RU0000033121 | R63: =VLOOKUP(C63,Лист1!$B$1:$N$142,6,0) -> 42972 | S63: =VLOOKUP(C63,Лист1!$B$1:$N$142,7,0) -> 42972 | T63: =VLOOKUP(C63,Лист1!$B$1:$N$142,8,0) -> 44369 | U63: =VLOOKUP(C63,Лист1!$B$1:$N$142,9,0) -> 4 | V63: =U63*E63 -> 4 | W63: 4.5 | X63: 5 | Y63: Декларация о соответствии | Z63: 01191 | AA63: =VLOOKUP(C63,Лист1!$B$1:$N$142,10,0) -> ЕАЭС N RU Д-CN.РА01.В.63213/21 | AB63: =VLOOKUP(C63,Лист1!$B$1:$N$142,11,0) -> 44278 | AC63: =VLOOKUP(C63,Лист1!$B$1:$N$142,12,0) -> 44278 | AD63: =VLOOKUP(C63,Лист1!$B$1:$N$142,13,0) -> 46102 | AE63: отсутствует | AF63: 10005030/290321/0134814 | AG63: Симанитрон
A64: 44286 | B64: =VLOOKUP(C64,Лист1!$B$1:$N$67,2,0) -> 8517620003 | C64: SICOM3028GPT-L3G-MB-HV-HV-S | D64: =VLOOKUP(C64,Лист1!$B$2:$T$45,14,0) -> ПРОМЫШЛЕННЫЕ КОММУТАТОРЫ ДЛЯ УПРАВЛЕНИЯ В СЕТЯХ ETHERNET, НЕ ЛОМ ЭЛЕКТРООБОРУДОВАНИЯ, НЕ ПРЕДНАЗНАЧЕНЫ ДЛЯ НЕГЛАСНОГО ПОЛУЧЕНИЯ ИНФОРМАЦИИ, КОМПЛЕКТУЮЩИЕ ДЛЯ СЕРВЕРОВ И СЕРВЕРНОГО ОБОРУДОВАНИЯ, ГРАЖДАНСКОГО ПРИМЕНЕНИЯ. ПОСТАВЛЯЮТСЯ С клеммными колодками , уголками для крепления в стойку и консольным кабелем. | E64: 4 | F64: 1368 | G64: =F64*E64 -> 5472 | H64: =VLOOKUP(C64,Лист1!$B$1:$N$67,4,0) -> SICOM3028GPT-L3G-MB-HV-HV-S - ПРОМЫШЛЕННЫЕ КОММУТАТОРЫ С ШИРОКИМ СПЕКТРОМ СФЕР ПРИМЕНЕНИЯ И МОДУЛЬНЫМ ДИЗАЙНОМ ДЛЯ ПРОСТОТЫ МАСШТАБИРОВАНИЯ И РАСШИРЕНИЯ ФУНКЦИОНАЛА УСТРОЙСТВА. SICOM3028GPT-L3G МОГУТ ИМЕТЬ ДО 28 ГИГАБИТНЫХ ПОРТОВ. ПРИ ЭТОМ ВОЗМОЖНА ПРАКТИЧЕСКИ ЛЮБАЯ КОМБИНАЦИЯ МЕДНЫХ И ОПТИЧЕСКИХ ПОРТОВ. ПИТАНИЕ: НАПРЯЖЕНИЕ ПИТАНИЯ: 220VAC/DC (85-264VAC/77-370VDC) МЕХАНИЧЕСКИЕ ХАРАКТЕРИСТИКИ: РАЗМЕРЫ 482.6 X 44 X 360 ММ КРЕПЛЕНИЕ 19" СТОЙКА КЛАСС ЗАЩИТЫ IP40 ВЕС 10 КГ РАБОЧАЯ ТЕМПЕРАТУРА ОТ -40 ДО +85С ТЕМПЕРАТУРА ХРАНЕНИЯ -40 ДО +85C ВЛАЖНОСТЬ ОТ 5 ДО 95% (БЕЗ КОНДЕНСАТА) MTBF 368000 ЧАСОВ ГАРАНТИЯ 5 ЛЕТ | I64: CT | J64: Kyland Technology Co., Ltd. | K64: 156 | L64: отсутствует | M64: KYLAND | N64: шт | O64: Нотификация | P64: 10052 | Q64: =VLOOKUP(C64,Лист1!$B$1:$N$142,5,0) -> RU0000053245 | R64: =VLOOKUP(C64,Лист1!$B$1:$N$142,6,0) -> 44383 | S64: =VLOOKUP(C64,Лист1!$B$1:$N$142,7,0) -> 44383 | T64: =VLOOKUP(C64,Лист1!$B$1:$N$142,8,0) -> 48213 | U64: =VLOOKUP(C64,Лист1!$B$1:$N$142,9,0) -> 10 | V64: =U64*E64 -> 40 | W64: 32 | X64: 36.94 | Y64: Декларация о соответствии | Z64: 01191 | AA64: =VLOOKUP(C64,Лист1!$B$1:$N$33,10,0) -> ЕАЭС N RU Д-CN.КА01.В.23216/20 | AB64: =VLOOKUP(C64,Лист1!$B$1:$N$33,11,0) -> 43908 | AC64: =VLOOKUP(C64,Лист1!$B$1:$N$33,12,0) -> 43908 | AD64: =VLOOKUP(C64,Лист1!$B$1:$N$33,13,0) -> 45733 | AE64: отсутствует | AF64: 10005030/080421/0157115 | AG64: Симанитрон
A65: 44286 | B65: =VLOOKUP(C65,Лист1!$B$1:$N$67,2,0) -> 8517620003 | C65: SM6.6-4GX-1U-S | D65: =VLOOKUP(C65,Лист1!$B$2:$T$45,14,0) -> ПРОМЫШЛЕННЫЕ КОММУТАТОРЫ ДЛЯ УПРАВЛЕНИЯ В СЕТЯХ ETHERNET, НЕ ЛОМ ЭЛЕКТРООБОРУДОВАНИЯ, НЕ ПРЕДНАЗНАЧЕНЫ ДЛЯ НЕГЛАСНОГО ПОЛУЧЕНИЯ ИНФОРМАЦИИ, КОМПЛЕКТУЮЩИЕ ДЛЯ СЕРВЕРОВ И СЕРВЕРНОГО ОБОРУДОВАНИЯ, ГРАЖДАНСКОГО ПРИМЕНЕНИЯ. ПОСТАВЛЯЮТСЯ С клеммными колодками , уголками для крепления в стойку и консольным кабелем. | E65: 4 | F65: 198 | G65: =F65*E65 -> 792 | H65: =VLOOKUP(C65,Лист1!$B$1:$N$67,4,0) -> SICOM3028GPT-L3G-MB-HV-HV-S - ПРОМЫШЛЕННЫЕ КОММУТАТОРЫ С ШИРОКИМ СПЕКТРОМ СФЕР ПРИМЕНЕНИЯ И МОДУЛЬНЫМ ДИЗАЙНОМ ДЛЯ ПРОСТОТЫ МАСШТАБИРОВАНИЯ И РАСШИРЕНИЯ ФУНКЦИОНАЛА УСТРОЙСТВА. SICOM3028GPT-L3G МОГУТ ИМЕТЬ ДО 28 ГИГАБИТНЫХ ПОРТОВ. ПРИ ЭТОМ ВОЗМОЖНА ПРАКТИЧЕСКИ ЛЮБАЯ КОМБИНАЦИЯ МЕДНЫХ И ОПТИЧЕСКИХ ПОРТОВ. ПИТАНИЕ: НАПРЯЖЕНИЕ ПИТАНИЯ: 220VAC/DC (85-264VAC/77-370VDC) МЕХАНИЧЕСКИЕ ХАРАКТЕРИСТИКИ: РАЗМЕРЫ 482.6 X 44 X 360 ММ КРЕПЛЕНИЕ 19" СТОЙКА КЛАСС ЗАЩИТЫ IP40 ВЕС 10 КГ РАБОЧАЯ ТЕМПЕРАТУРА ОТ -40 ДО +85С ТЕМПЕРАТУРА ХРАНЕНИЯ -40 ДО +85C ВЛАЖНОСТЬ ОТ 5 ДО 95% (БЕЗ КОНДЕНСАТА) MTBF 368000 ЧАСОВ ГАРАНТИЯ 5 ЛЕТ | I65: CT | J65: Kyland Technology Co., Ltd. | K65: 156 | L65: отсутствует | M65: KYLAND | N65: шт | O65: Нотификация | P65: 10052 | Q65: =VLOOKUP(C65,Лист1!$B$1:$N$142,5,0) -> RU0000053828 | R65: =VLOOKUP(C65,Лист1!$B$1:$N$142,6,0) -> 44431 | S65: =VLOOKUP(C65,Лист1!$B$1:$N$142,7,0) -> 44431 | T65: =VLOOKUP(C65,Лист1!$B$1:$N$142,8,0) -> 48213 | U65: =VLOOKUP(C65,Лист1!$B$1:$N$142,9,0) -> 0.3 | V65: =U65*E65 -> 1.2 | W65: 1.2 | X65: =W65+W65*0.15 -> 1.38 | AA65: =VLOOKUP(C65,Лист1!$B$1:$N$33,10,0) -> #N/A | AE65: отсутствует | AF65: 10005030/080421/0157115 | AG65: Симанитрон
A66: 44286 | B66: =VLOOKUP(C66,Лист1!$B$1:$N$67,2,0) -> 8517620003 | C66: SM6.6-4GX-0.5U-S | D66: =VLOOKUP(C66,Лист1!$B$2:$T$45,14,0) -> ПРОМЫШЛЕННЫЕ КОММУТАТОРЫ ДЛЯ УПРАВЛЕНИЯ В СЕТЯХ ETHERNET, НЕ ЛОМ ЭЛЕКТРООБОРУДОВАНИЯ, НЕ ПРЕДНАЗНАЧЕНЫ ДЛЯ НЕГЛАСНОГО ПОЛУЧЕНИЯ ИНФОРМАЦИИ, КОМПЛЕКТУЮЩИЕ ДЛЯ СЕРВЕРОВ И СЕРВЕРНОГО ОБОРУДОВАНИЯ, ГРАЖДАНСКОГО ПРИМЕНЕНИЯ. ПОСТАВЛЯЮТСЯ С клеммными колодками , уголками для крепления в стойку и консольным кабелем. | E66: 4 | F66: 198 | G66: =F66*E66 -> 792 | H66: =VLOOKUP(C66,Лист1!$B$1:$N$67,4,0) -> SICOM3028GPT-L3G-MB-HV-HV-S - ПРОМЫШЛЕННЫЕ КОММУТАТОРЫ С ШИРОКИМ СПЕКТРОМ СФЕР ПРИМЕНЕНИЯ И МОДУЛЬНЫМ ДИЗАЙНОМ ДЛЯ ПРОСТОТЫ МАСШТАБИРОВАНИЯ И РАСШИРЕНИЯ ФУНКЦИОНАЛА УСТРОЙСТВА. SICOM3028GPT-L3G МОГУТ ИМЕТЬ ДО 28 ГИГАБИТНЫХ ПОРТОВ. ПРИ ЭТОМ ВОЗМОЖНА ПРАКТИЧЕСКИ ЛЮБАЯ КОМБИНАЦИЯ МЕДНЫХ И ОПТИЧЕСКИХ ПОРТОВ. ПИТАНИЕ: НАПРЯЖЕНИЕ ПИТАНИЯ: 220VAC/DC (85-264VAC/77-370VDC) МЕХАНИЧЕСКИЕ ХАРАКТЕРИСТИКИ: РАЗМЕРЫ 482.6 X 44 X 360 ММ КРЕПЛЕНИЕ 19" СТОЙКА КЛАСС ЗАЩИТЫ IP40 ВЕС 10 КГ РАБОЧАЯ ТЕМПЕРАТУРА ОТ -40 ДО +85С ТЕМПЕРАТУРА ХРАНЕНИЯ -40 ДО +85C ВЛАЖНОСТЬ ОТ 5 ДО 95% (БЕЗ КОНДЕНСАТА) MTBF 368000 ЧАСОВ ГАРАНТИЯ 5 ЛЕТ | I66: CT | J66: Kyland Technology Co., Ltd. | K66: 156 | L66: отсутствует | M66: KYLAND | N66: шт | O66: Нотификация | P66: 10052 | Q66: =VLOOKUP(C66,Лист1!$B$1:$N$142,5,0) -> RU0000053828 | R66: =VLOOKUP(C66,Лист1!$B$1:$N$142,6,0) -> 44431 | S66: =VLOOKUP(C66,Лист1!$B$1:$N$142,7,0) -> 44431 | T66: =VLOOKUP(C66,Лист1!$B$1:$N$142,8,0) -> 48213 | U66: =VLOOKUP(C66,Лист1!$B$1:$N$142,9,0) -> 0.3 | V66: =U66*E66 -> 1.2 | W66: 1.2 | X66: =W66+W66*0.15 -> 1.38 | AA66: =VLOOKUP(C66,Лист1!$B$1:$N$33,10,0) -> не требуется | AE66: отсутствует | AF66: 10005030/080421/0157115 | AG66: Симанитрон
A67: 44286 | B67: =VLOOKUP(C67,Лист1!$B$1:$N$67,2,0) -> 8517620003 | C67: SM6.6-4GE-0.5U-S | D67: =VLOOKUP(C67,Лист1!$B$2:$T$45,14,0) -> ПРОМЫШЛЕННЫЕ КОММУТАТОРЫ ДЛЯ УПРАВЛЕНИЯ В СЕТЯХ ETHERNET, НЕ ЛОМ ЭЛЕКТРООБОРУДОВАНИЯ, НЕ ПРЕДНАЗНАЧЕНЫ ДЛЯ НЕГЛАСНОГО ПОЛУЧЕНИЯ ИНФОРМАЦИИ, КОМПЛЕКТУЮЩИЕ ДЛЯ СЕРВЕРОВ И СЕРВЕРНОГО ОБОРУДОВАНИЯ, ГРАЖДАНСКОГО ПРИМЕНЕНИЯ. ПОСТАВЛЯЮТСЯ С клеммными колодками , уголками для крепления в стойку и консольным кабелем. | E67: 20 | F67: 198 | G67: =F67*E67 -> 3960 | H67: =VLOOKUP(C67,Лист1!$B$1:$N$67,4,0) -> SICOM3028GPT-L3G-MB-HV-HV-S - ПРОМЫШЛЕННЫЕ КОММУТАТОРЫ С ШИРОКИМ СПЕКТРОМ СФЕР ПРИМЕНЕНИЯ И МОДУЛЬНЫМ ДИЗАЙНОМ ДЛЯ ПРОСТОТЫ МАСШТАБИРОВАНИЯ И РАСШИРЕНИЯ ФУНКЦИОНАЛА УСТРОЙСТВА. SICOM3028GPT-L3G МОГУТ ИМЕТЬ ДО 28 ГИГАБИТНЫХ ПОРТОВ. ПРИ ЭТОМ ВОЗМОЖНА ПРАКТИЧЕСКИ ЛЮБАЯ КОМБИНАЦИЯ МЕДНЫХ И ОПТИЧЕСКИХ ПОРТОВ. ПИТАНИЕ: НАПРЯЖЕНИЕ ПИТАНИЯ: 220VAC/DC (85-264VAC/77-370VDC) МЕХАНИЧЕСКИЕ ХАРАКТЕРИСТИКИ: РАЗМЕРЫ 482.6 X 44 X 360 ММ КРЕПЛЕНИЕ 19" СТОЙКА КЛАСС ЗАЩИТЫ IP40 ВЕС 10 КГ РАБОЧАЯ ТЕМПЕРАТУРА ОТ -40 ДО +85С ТЕМПЕРАТУРА ХРАНЕНИЯ -40 ДО +85C ВЛАЖНОСТЬ ОТ 5 ДО 95% (БЕЗ КОНДЕНСАТА) MTBF 368000 ЧАСОВ ГАРАНТИЯ 5 ЛЕТ | I67: CT | J67: Kyland Technology Co., Ltd. | K67: 156 | L67: отсутствует | M67: KYLAND | N67: шт | O67: Нотификация | P67: 10052 | Q67: =VLOOKUP(C67,Лист1!$B$1:$N$142,5,0) -> RU0000053828 | R67: =VLOOKUP(C67,Лист1!$B$1:$N$142,6,0) -> 44431 | S67: =VLOOKUP(C67,Лист1!$B$1:$N$142,7,0) -> 44431 | T67: =VLOOKUP(C67,Лист1!$B$1:$N$142,8,0) -> 48213 | U67: =VLOOKUP(C67,Лист1!$B$1:$N$142,9,0) -> 0.3 | V67: =U67*E67 -> 6 | W67: 6 | X67: =W67+W67*0.15 -> 6.9 | AA67: =VLOOKUP(C67,Лист1!$B$1:$N$33,10,0) -> не требуется | AE67: отсутствует | AF67: 10005030/080421/0157115 | AG67: Симанитрон
A68: 44286 | B68: =VLOOKUP(C68,Лист1!$B$1:$N$67,2,0) -> 8517620003 | C68: SYM3000A-4SFP16T-L2-L2 | D68: =VLOOKUP(C68,Лист1!$B$2:$T$45,14,0) -> ПРОМЫШЛЕННЫЕ КОММУТАТОРЫ ДЛЯ УПРАВЛЕНИЯ В СЕТЯХ ETHERNET, НЕ ЛОМ ЭЛЕКТРООБОРУДОВАНИЯ, НЕ ПРЕДНАЗНАЧЕНЫ ДЛЯ НЕГЛАСНОГО ПОЛУЧЕНИЯ ИНФОРМАЦИИ, КОМПЛЕКТУЮЩИЕ ДЛЯ СЕРВЕРОВ И СЕРВЕРНОГО ОБОРУДОВАНИЯ, ГРАЖДАНСКОГО ПРИМЕНЕНИЯ. ПОСТАВЛЯЮТСЯ С клеммными колодками , уголками для крепления в стойку и консольным кабелем. | E68: 4 | F68: 499.5 | G68: =F68*E68 -> 1998 | H68: =VLOOKUP(C68,Лист1!$B$1:$N$67,4,0) -> SICOM3028GPT-L3G-MB-HV-HV-S - ПРОМЫШЛЕННЫЕ КОММУТАТОРЫ С ШИРОКИМ СПЕКТРОМ СФЕР ПРИМЕНЕНИЯ И МОДУЛЬНЫМ ДИЗАЙНОМ ДЛЯ ПРОСТОТЫ МАСШТАБИРОВАНИЯ И РАСШИРЕНИЯ ФУНКЦИОНАЛА УСТРОЙСТВА. SICOM3028GPT-L3G МОГУТ ИМЕТЬ ДО 28 ГИГАБИТНЫХ ПОРТОВ. ПРИ ЭТОМ ВОЗМОЖНА ПРАКТИЧЕСКИ ЛЮБАЯ КОМБИНАЦИЯ МЕДНЫХ И ОПТИЧЕСКИХ ПОРТОВ. ПИТАНИЕ: НАПРЯЖЕНИЕ ПИТАНИЯ: 220VAC/DC (85-264VAC/77-370VDC) МЕХАНИЧЕСКИЕ ХАРАКТЕРИСТИКИ: РАЗМЕРЫ 482.6 X 44 X 360 ММ КРЕПЛЕНИЕ 19" СТОЙКА КЛАСС ЗАЩИТЫ IP40 ВЕС 10 КГ РАБОЧАЯ ТЕМПЕРАТУРА ОТ -40 ДО +85С ТЕМПЕРАТУРА ХРАНЕНИЯ -40 ДО +85C ВЛАЖНОСТЬ ОТ 5 ДО 95% (БЕЗ КОНДЕНСАТА) MTBF 368000 ЧАСОВ ГАРАНТИЯ 5 ЛЕТ | I68: CT | J68: Kyland Technology Co., Ltd. | K68: 156 | L68: отсутствует | M68: KYLAND | N68: шт | O68: Нотификация | P68: 10052 | Q68: =VLOOKUP(C68,Лист1!$B$1:$N$142,5,0) -> RU0000049917 | R68: =VLOOKUP(C68,Лист1!$B$1:$N$142,6,0) -> 44099 | S68: =VLOOKUP(C68,Лист1!$B$1:$N$142,7,0) -> 44099 | T68: =VLOOKUP(C68,Лист1!$B$1:$N$142,8,0) -> 47848 | U68: =VLOOKUP(C68,Лист1!$B$1:$N$142,9,0) -> 1.9 | V68: =U68*E68 -> 7.6 | W68: 6 | X68: =W68+W68*0.15 -> 6.9 | AA68: =VLOOKUP(C68,Лист1!$B$1:$N$33,10,0) -> ЕАЭС N RU Д-CN.РА01.В.65848/21 | AE68: отсутствует | AF68: 10005030/080421/0157115 | AG68: Симанитрон
A69: 44286 | B69: =VLOOKUP(C69,Лист1!$B$1:$N$67,2,0) -> 8517620003 | C69: SICOM3216-2M14T-SC05-L5-L5-S | D69: =VLOOKUP(C69,Лист1!$B$2:$T$45,14,0) -> ПРОМЫШЛЕННЫЕ КОММУТАТОРЫ ДЛЯ УПРАВЛЕНИЯ В СЕТЯХ ETHERNET, НЕ ЛОМ ЭЛЕКТРООБОРУДОВАНИЯ, НЕ ПРЕДНАЗНАЧЕНЫ ДЛЯ НЕГЛАСНОГО ПОЛУЧЕНИЯ ИНФОРМАЦИИ, КОМПЛЕКТУЮЩИЕ ДЛЯ СЕРВЕРОВ И СЕРВЕРНОГО ОБОРУДОВАНИЯ, ГРАЖДАНСКОГО ПРИМЕНЕНИЯ. ПОСТАВЛЯЮТСЯ С клеммными колодками , уголками для крепления в стойку и консольным кабелем. | E69: 1 | F69: 555.5 | G69: =F69*E69 -> 555.5 | H69: =VLOOKUP(C69,Лист1!$B$1:$N$67,4,0) -> SICOM3028GPT-L3G-MB-HV-HV-S - ПРОМЫШЛЕННЫЕ КОММУТАТОРЫ С ШИРОКИМ СПЕКТРОМ СФЕР ПРИМЕНЕНИЯ И МОДУЛЬНЫМ ДИЗАЙНОМ ДЛЯ ПРОСТОТЫ МАСШТАБИРОВАНИЯ И РАСШИРЕНИЯ ФУНКЦИОНАЛА УСТРОЙСТВА. SICOM3028GPT-L3G МОГУТ ИМЕТЬ ДО 28 ГИГАБИТНЫХ ПОРТОВ. ПРИ ЭТОМ ВОЗМОЖНА ПРАКТИЧЕСКИ ЛЮБАЯ КОМБИНАЦИЯ МЕДНЫХ И ОПТИЧЕСКИХ ПОРТОВ. ПИТАНИЕ: НАПРЯЖЕНИЕ ПИТАНИЯ: 220VAC/DC (85-264VAC/77-370VDC) МЕХАНИЧЕСКИЕ ХАРАКТЕРИСТИКИ: РАЗМЕРЫ 482.6 X 44 X 360 ММ КРЕПЛЕНИЕ 19" СТОЙКА КЛАСС ЗАЩИТЫ IP40 ВЕС 10 КГ РАБОЧАЯ ТЕМПЕРАТУРА ОТ -40 ДО +85С ТЕМПЕРАТУРА ХРАНЕНИЯ -40 ДО +85C ВЛАЖНОСТЬ ОТ 5 ДО 95% (БЕЗ КОНДЕНСАТА) MTBF 368000 ЧАСОВ ГАРАНТИЯ 5 ЛЕТ | I69: CT | J69: Kyland Technology Co., Ltd. | K69: 156 | L69: отсутствует | M69: KYLAND | N69: шт | O69: Нотификация | P69: 10052 | Q69: =VLOOKUP(C69,Лист1!$B$1:$N$142,5,0) -> RU0000033119 | R69: =VLOOKUP(C69,Лист1!$B$1:$N$142,6,0) -> 42972 | S69: =VLOOKUP(C69,Лист1!$B$1:$N$142,7,0) -> 42972 | T69: =VLOOKUP(C69,Лист1!$B$1:$N$142,8,0) -> 44369 | U69: =VLOOKUP(C69,Лист1!$B$1:$N$142,9,0) -> 1.25 | V69: =U69*E69 -> 1.25 | W69: 1.3 | X69: =W69+W69*0.15 -> 1.495 | AA69: =VLOOKUP(C69,Лист1!$B$1:$N$33,10,0) -> #N/A | AE69: отсутствует | AF69: 10005030/080421/0157115 | AG69: Симанитрон
A70: 44300 | B70: =VLOOKUP(C70,Лист1!$B$1:$N$67,2,0) -> 8517620003 | C70: SICOM3000-2GX8T-L2-L2-S | D70: =VLOOKUP(C70,Лист1!$B$2:$T$45,14,0) -> ПРОМЫШЛЕННЫЕ КОММУТАТОРЫ ДЛЯ УПРАВЛЕНИЯ В СЕТЯХ ETHERNET, НЕ ЛОМ ЭЛЕКТРООБОРУДОВАНИЯ, НЕ ПРЕДНАЗНАЧЕНЫ ДЛЯ НЕГЛАСНОГО ПОЛУЧЕНИЯ ИНФОРМАЦИИ, КОМПЛЕКТУЮЩИЕ ДЛЯ СЕРВЕРОВ И СЕРВЕРНОГО ОБОРУДОВАНИЯ, ГРАЖДАНСКОГО ПРИМЕНЕНИЯ. ПОСТАВЛЯЮТСЯ С клеммными колодками , уголками для крепления в стойку и консольным кабелем. | E70: 12 | F70: 540 | G70: =F70*E70 -> 6480 | H70: =VLOOKUP(C70,Лист1!$B$1:$N$67,4,0) -> SICOM3028GPT-L3G-MB-HV-HV-S - ПРОМЫШЛЕННЫЕ КОММУТАТОРЫ С ШИРОКИМ СПЕКТРОМ СФЕР ПРИМЕНЕНИЯ И МОДУЛЬНЫМ ДИЗАЙНОМ ДЛЯ ПРОСТОТЫ МАСШТАБИРОВАНИЯ И РАСШИРЕНИЯ ФУНКЦИОНАЛА УСТРОЙСТВА. SICOM3028GPT-L3G МОГУТ ИМЕТЬ ДО 28 ГИГАБИТНЫХ ПОРТОВ. ПРИ ЭТОМ ВОЗМОЖНА ПРАКТИЧЕСКИ ЛЮБАЯ КОМБИНАЦИЯ МЕДНЫХ И ОПТИЧЕСКИХ ПОРТОВ. ПИТАНИЕ: НАПРЯЖЕНИЕ ПИТАНИЯ: 220VAC/DC (85-264VAC/77-370VDC) МЕХАНИЧЕСКИЕ ХАРАКТЕРИСТИКИ: РАЗМЕРЫ 482.6 X 44 X 360 ММ КРЕПЛЕНИЕ 19" СТОЙКА КЛАСС ЗАЩИТЫ IP40 ВЕС 10 КГ РАБОЧАЯ ТЕМПЕРАТУРА ОТ -40 ДО +85С ТЕМПЕРАТУРА ХРАНЕНИЯ -40 ДО +85C ВЛАЖНОСТЬ ОТ 5 ДО 95% (БЕЗ КОНДЕНСАТА) MTBF 368000 ЧАСОВ ГАРАНТИЯ 5 ЛЕТ | I70: CT | J70: Kyland Technology Co., Ltd. | K70: 156 | L70: отсутствует | M70: KYLAND | N70: шт | O70: Нотификация | P70: 10052 | Q70: =VLOOKUP(C70,Лист1!$B$1:$N$142,5,0) -> RU0000033118 | R70: =VLOOKUP(C70,Лист1!$B$1:$N$142,6,0) -> 42972 | S70: =VLOOKUP(C70,Лист1!$B$1:$N$142,7,0) -> 42972 | T70: =VLOOKUP(C70,Лист1!$B$1:$N$142,8,0) -> 44369 | U70: =VLOOKUP(C70,Лист1!$B$1:$N$142,9,0) -> 1 | V70: =U70*E70 -> 12 | W70: 18 | X70: =W70+W70*0.28 -> 23.04 | Y70: Декларация о соответствии | Z70: 01191 | AA70: =VLOOKUP(C70,Лист1!$B$1:$N$33,10,0) -> #N/A | AB70: =VLOOKUP(C70,Лист1!$B$1:$N$33,11,0) -> #N/A | AC70: =VLOOKUP(C70,Лист1!$B$1:$N$33,12,0) -> #N/A | AD70: =VLOOKUP(C70,Лист1!$B$1:$N$33,13,0) -> #N/A | AE70: отсутствует | AF70: 10005030/250421/0189904 | AG70: Симанитрон
A71: 44300 | B71: =VLOOKUP(C71,Лист1!$B$1:$N$67,2,0) -> 8517620003 | C71: SYM3000A-8GE-L2-L2 | D71: =VLOOKUP(C71,Лист1!$B$2:$T$45,14,0) -> ПРОМЫШЛЕННЫЕ КОММУТАТОРЫ ДЛЯ УПРАВЛЕНИЯ В СЕТЯХ ETHERNET, НЕ ЛОМ ЭЛЕКТРООБОРУДОВАНИЯ, НЕ ПРЕДНАЗНАЧЕНЫ ДЛЯ НЕГЛАСНОГО ПОЛУЧЕНИЯ ИНФОРМАЦИИ, КОМПЛЕКТУЮЩИЕ ДЛЯ СЕРВЕРОВ И СЕРВЕРНОГО ОБОРУДОВАНИЯ, ГРАЖДАНСКОГО ПРИМЕНЕНИЯ. ПОСТАВЛЯЮТСЯ С клеммными колодками , уголками для крепления в стойку и консольным кабелем. | E71: 2 | F71: 349.5 | G71: =F71*E71 -> 699 | H71: =VLOOKUP(C71,Лист1!$B$1:$N$67,4,0) -> SICOM3028GPT-L3G-MB-HV-HV-S - ПРОМЫШЛЕННЫЕ КОММУТАТОРЫ С ШИРОКИМ СПЕКТРОМ СФЕР ПРИМЕНЕНИЯ И МОДУЛЬНЫМ ДИЗАЙНОМ ДЛЯ ПРОСТОТЫ МАСШТАБИРОВАНИЯ И РАСШИРЕНИЯ ФУНКЦИОНАЛА УСТРОЙСТВА. SICOM3028GPT-L3G МОГУТ ИМЕТЬ ДО 28 ГИГАБИТНЫХ ПОРТОВ. ПРИ ЭТОМ ВОЗМОЖНА ПРАКТИЧЕСКИ ЛЮБАЯ КОМБИНАЦИЯ МЕДНЫХ И ОПТИЧЕСКИХ ПОРТОВ. ПИТАНИЕ: НАПРЯЖЕНИЕ ПИТАНИЯ: 220VAC/DC (85-264VAC/77-370VDC) МЕХАНИЧЕСКИЕ ХАРАКТЕРИСТИКИ: РАЗМЕРЫ 482.6 X 44 X 360 ММ КРЕПЛЕНИЕ 19" СТОЙКА КЛАСС ЗАЩИТЫ IP40 ВЕС 10 КГ РАБОЧАЯ ТЕМПЕРАТУРА ОТ -40 ДО +85С ТЕМПЕРАТУРА ХРАНЕНИЯ -40 ДО +85C ВЛАЖНОСТЬ ОТ 5 ДО 95% (БЕЗ КОНДЕНСАТА) MTBF 368000 ЧАСОВ ГАРАНТИЯ 5 ЛЕТ | I71: CT | J71: Kyland Technology Co., Ltd. | K71: 156 | L71: отсутствует | M71: KYLAND | N71: шт | O71: Нотификация | P71: 10052 | Q71: =VLOOKUP(C71,Лист1!$B$1:$N$142,5,0) -> RU0000049917 | R71: =VLOOKUP(C71,Лист1!$B$1:$N$142,6,0) -> 44099 | S71: =VLOOKUP(C71,Лист1!$B$1:$N$142,7,0) -> 44099 | T71: =VLOOKUP(C71,Лист1!$B$1:$N$142,8,0) -> 47848 | U71: =VLOOKUP(C71,Лист1!$B$1:$N$142,9,0) -> 1.5 | V71: =U71*E71 -> 3 | W71: 3 | X71: =W71+W71*0.28 -> 3.84 | Y71: Декларация о соответствии | Z71: 01191 | AA71: =VLOOKUP(C71,Лист1!$B$1:$N$33,10,0) -> #N/A | AB71: =VLOOKUP(C71,Лист1!$B$1:$N$33,11,0) -> #N/A | AC71: =VLOOKUP(C71,Лист1!$B$1:$N$33,12,0) -> #N/A | AD71: =VLOOKUP(C71,Лист1!$B$1:$N$33,13,0) -> #N/A | AE71: отсутствует | AF71: 10005030/250421/0189904 | AG71: Симанитрон
A72: 44300 | B72: =VLOOKUP(C72,Лист1!$B$1:$N$67,2,0) -> 8517620003 | C72: SYM3000A-4GX16T-L2-L2 | D72: =VLOOKUP(C72,Лист1!$B$2:$T$45,14,0) -> ПРОМЫШЛЕННЫЕ КОММУТАТОРЫ ДЛЯ УПРАВЛЕНИЯ В СЕТЯХ ETHERNET, НЕ ЛОМ ЭЛЕКТРООБОРУДОВАНИЯ, НЕ ПРЕДНАЗНАЧЕНЫ ДЛЯ НЕГЛАСНОГО ПОЛУЧЕНИЯ ИНФОРМАЦИИ, КОМПЛЕКТУЮЩИЕ ДЛЯ СЕРВЕРОВ И СЕРВЕРНОГО ОБОРУДОВАНИЯ, ГРАЖДАНСКОГО ПРИМЕНЕНИЯ. ПОСТАВЛЯЮТСЯ С клеммными колодками , уголками для крепления в стойку и консольным кабелем. | E72: 12 | F72: 574.5 | G72: =F72*E72 -> 6894 | H72: =VLOOKUP(C72,Лист1!$B$1:$N$67,4,0) -> SICOM3028GPT-L3G-MB-HV-HV-S - ПРОМЫШЛЕННЫЕ КОММУТАТОРЫ С ШИРОКИМ СПЕКТРОМ СФЕР ПРИМЕНЕНИЯ И МОДУЛЬНЫМ ДИЗАЙНОМ ДЛЯ ПРОСТОТЫ МАСШТАБИРОВАНИЯ И РАСШИРЕНИЯ ФУНКЦИОНАЛА УСТРОЙСТВА. SICOM3028GPT-L3G МОГУТ ИМЕТЬ ДО 28 ГИГАБИТНЫХ ПОРТОВ. ПРИ ЭТОМ ВОЗМОЖНА ПРАКТИЧЕСКИ ЛЮБАЯ КОМБИНАЦИЯ МЕДНЫХ И ОПТИЧЕСКИХ ПОРТОВ. ПИТАНИЕ: НАПРЯЖЕНИЕ ПИТАНИЯ: 220VAC/DC (85-264VAC/77-370VDC) МЕХАНИЧЕСКИЕ ХАРАКТЕРИСТИКИ: РАЗМЕРЫ 482.6 X 44 X 360 ММ КРЕПЛЕНИЕ 19" СТОЙКА КЛАСС ЗАЩИТЫ IP40 ВЕС 10 КГ РАБОЧАЯ ТЕМПЕРАТУРА ОТ -40 ДО +85С ТЕМПЕРАТУРА ХРАНЕНИЯ -40 ДО +85C ВЛАЖНОСТЬ ОТ 5 ДО 95% (БЕЗ КОНДЕНСАТА) MTBF 368000 ЧАСОВ ГАРАНТИЯ 5 ЛЕТ | I72: CT | J72: Kyland Technology Co., Ltd. | K72: 156 | L72: отсутствует | M72: KYLAND | N72: шт | O72: Нотификация | P72: 10052 | Q72: =VLOOKUP(C72,Лист1!$B$1:$N$142,5,0) -> RU0000049917 | R72: =VLOOKUP(C72,Лист1!$B$1:$N$142,6,0) -> 44099 | S72: =VLOOKUP(C72,Лист1!$B$1:$N$142,7,0) -> 44099 | T72: =VLOOKUP(C72,Лист1!$B$1:$N$142,8,0) -> 47848 | U72: =VLOOKUP(C72,Лист1!$B$1:$N$142,9,0) -> 1.5 | V72: =U72*E72 -> 18 | W72: 18 | X72: 23.12 | Y72: Декларация о соответствии | Z72: 01191 | AA72: =VLOOKUP(C72,Лист1!$B$1:$N$33,10,0) -> #N/A | AB72: =VLOOKUP(C72,Лист1!$B$1:$N$33,11,0) -> #N/A | AC72: =VLOOKUP(C72,Лист1!$B$1:$N$33,12,0) -> #N/A | AD72: =VLOOKUP(C72,Лист1!$B$1:$N$33,13,0) -> #N/A | AE72: отсутствует | AF72: 10005030/250421/0189904 | AG72: Симанитрон
A73: 44315 | B73: =VLOOKUP(C73,Лист1!$B$1:$N$67,2,0) -> 8517620003 | C73: RubySYM3A-3G-L2-L2 | D73: =VLOOKUP(C73,Лист1!$B$2:$T$45,14,0) -> ПРОМЫШЛЕННЫЕ КОММУТАТОРЫ ДЛЯ УПРАВЛЕНИЯ В СЕТЯХ ETHERNET, НЕ ЛОМ ЭЛЕКТРООБОРУДОВАНИЯ, НЕ ПРЕДНАЗНАЧЕНЫ ДЛЯ НЕГЛАСНОГО ПОЛУЧЕНИЯ ИНФОРМАЦИИ, КОМПЛЕКТУЮЩИЕ ДЛЯ СЕРВЕРОВ И СЕРВЕРНОГО ОБОРУДОВАНИЯ, ГРАЖДАНСКОГО ПРИМЕНЕНИЯ. ПОСТАВЛЯЮТСЯ С клеммными колодками , уголками для крепления в стойку и консольным кабелем. | E73: 27 | F73: 490 | G73: =F73*E73 -> 13230 | H73: =VLOOKUP(C73,Лист1!$B$1:$N$67,4,0) -> SICOM3028GPT-L3G-MB-HV-HV-S - ПРОМЫШЛЕННЫЕ КОММУТАТОРЫ С ШИРОКИМ СПЕКТРОМ СФЕР ПРИМЕНЕНИЯ И МОДУЛЬНЫМ ДИЗАЙНОМ ДЛЯ ПРОСТОТЫ МАСШТАБИРОВАНИЯ И РАСШИРЕНИЯ ФУНКЦИОНАЛА УСТРОЙСТВА. SICOM3028GPT-L3G МОГУТ ИМЕТЬ ДО 28 ГИГАБИТНЫХ ПОРТОВ. ПРИ ЭТОМ ВОЗМОЖНА ПРАКТИЧЕСКИ ЛЮБАЯ КОМБИНАЦИЯ МЕДНЫХ И ОПТИЧЕСКИХ ПОРТОВ. ПИТАНИЕ: НАПРЯЖЕНИЕ ПИТАНИЯ: 220VAC/DC (85-264VAC/77-370VDC) МЕХАНИЧЕСКИЕ ХАРАКТЕРИСТИКИ: РАЗМЕРЫ 482.6 X 44 X 360 ММ КРЕПЛЕНИЕ 19" СТОЙКА КЛАСС ЗАЩИТЫ IP40 ВЕС 10 КГ РАБОЧАЯ ТЕМПЕРАТУРА ОТ -40 ДО +85С ТЕМПЕРАТУРА ХРАНЕНИЯ -40 ДО +85C ВЛАЖНОСТЬ ОТ 5 ДО 95% (БЕЗ КОНДЕНСАТА) MTBF 368000 ЧАСОВ ГАРАНТИЯ 5 ЛЕТ | I73: CT | J73: Kyland Technology Co., Ltd. | K73: 156 | L73: отсутствует | M73: KYLAND | N73: шт | O73: Нотификация | P73: 10052 | Q73: RU0000051996 | R73: =VLOOKUP(C73,Лист1!$B$1:$N$142,6,0) -> 44284 | S73: =VLOOKUP(C73,Лист1!$B$1:$N$142,7,0) -> 44284 | T73: =VLOOKUP(C73,Лист1!$B$1:$N$142,8,0) -> 47848 | U73: =VLOOKUP(C73,Лист1!$B$1:$N$142,9,0) -> 1.25 | V73: 40.5 | W73: 40.5 | X73: 49.5 | Y73: Декларация о соответствии | Z73: 01191 | AA73: =VLOOKUP(C73,Лист1!$B$1:$N$92,10,0) -> ЕАЭС N RU Д-CN.РА01.В.32748/21 | AB73: =VLOOKUP(C73,Лист1!$B$1:$N$92,11,0) -> 44309 | AC73: =VLOOKUP(C73,Лист1!$B$1:$N$92,12,0) -> 44309 | AD73: =VLOOKUP(C73,Лист1!$B$1:$N$92,13,0) -> 46134 | AE73: отсутствует | AF73: 10005030/070521/0212924 | AG73: Симанитрон
A74: 44315 | B74: =VLOOKUP(C74,Лист1!$B$1:$N$67,2,0) -> 8517620003 | C74: SYM3000A-8GX8GE-L2-L2 | D74: =VLOOKUP(C74,Лист1!$B$2:$T$45,14,0) -> ПРОМЫШЛЕННЫЕ КОММУТАТОРЫ ДЛЯ УПРАВЛЕНИЯ В СЕТЯХ ETHERNET, НЕ ЛОМ ЭЛЕКТРООБОРУДОВАНИЯ, НЕ ПРЕДНАЗНАЧЕНЫ ДЛЯ НЕГЛАСНОГО ПОЛУЧЕНИЯ ИНФОРМАЦИИ, КОМПЛЕКТУЮЩИЕ ДЛЯ СЕРВЕРОВ И СЕРВЕРНОГО ОБОРУДОВАНИЯ, ГРАЖДАНСКОГО ПРИМЕНЕНИЯ. ПОСТАВЛЯЮТСЯ С клеммными колодками , уголками для крепления в стойку и консольным кабелем. | E74: 9 | F74: 649.5 | G74: =F74*E74 -> 5845.5 | H74: =VLOOKUP(C74,Лист1!$B$1:$N$67,4,0) -> SICOM3028GPT-L3G-MB-HV-HV-S - ПРОМЫШЛЕННЫЕ КОММУТАТОРЫ С ШИРОКИМ СПЕКТРОМ СФЕР ПРИМЕНЕНИЯ И МОДУЛЬНЫМ ДИЗАЙНОМ ДЛЯ ПРОСТОТЫ МАСШТАБИРОВАНИЯ И РАСШИРЕНИЯ ФУНКЦИОНАЛА УСТРОЙСТВА. SICOM3028GPT-L3G МОГУТ ИМЕТЬ ДО 28 ГИГАБИТНЫХ ПОРТОВ. ПРИ ЭТОМ ВОЗМОЖНА ПРАКТИЧЕСКИ ЛЮБАЯ КОМБИНАЦИЯ МЕДНЫХ И ОПТИЧЕСКИХ ПОРТОВ. ПИТАНИЕ: НАПРЯЖЕНИЕ ПИТАНИЯ: 220VAC/DC (85-264VAC/77-370VDC) МЕХАНИЧЕСКИЕ ХАРАКТЕРИСТИКИ: РАЗМЕРЫ 482.6 X 44 X 360 ММ КРЕПЛЕНИЕ 19" СТОЙКА КЛАСС ЗАЩИТЫ IP40 ВЕС 10 КГ РАБОЧАЯ ТЕМПЕРАТУРА ОТ -40 ДО +85С ТЕМПЕРАТУРА ХРАНЕНИЯ -40 ДО +85C ВЛАЖНОСТЬ ОТ 5 ДО 95% (БЕЗ КОНДЕНСАТА) MTBF 368000 ЧАСОВ ГАРАНТИЯ 5 ЛЕТ | I74: CT | J74: Kyland Technology Co., Ltd. | K74: 156 | L74: отсутствует | M74: KYLAND | N74: шт | O74: Нотификация | P74: 10052 | Q74: =VLOOKUP(C74,Лист1!$B$1:$N$142,5,0) -> RU0000049917 | R74: =VLOOKUP(C74,Лист1!$B$1:$N$142,6,0) -> 44099 | S74: =VLOOKUP(C74,Лист1!$B$1:$N$142,7,0) -> 44099 | T74: =VLOOKUP(C74,Лист1!$B$1:$N$142,8,0) -> 47848 | U74: =VLOOKUP(C74,Лист1!$B$1:$N$142,9,0) -> 1.5 | V74: =U74*E74 -> 13.5 | W74: 13.5 | X74: 16.5 | Y74: Декларация о соответствии | Z74: 01191 | AA74: =VLOOKUP(C74,Лист1!$B$1:$N$92,10,0) -> ЕАЭС N RU Д-CN.РА01.В.65848/21 | AB74: =VLOOKUP(C74,Лист1!$B$1:$N$92,11,0) -> 44330 | AC74: =VLOOKUP(C74,Лист1!$B$1:$N$92,12,0) -> 44330 | AD74: =VLOOKUP(C74,Лист1!$B$1:$N$92,13,0) -> 46154 | AE74: отсутствует | AF74: 10005030/070521/0212924 | AG74: Симанитрон
A75: 44348 | B75: =VLOOKUP(C75,Лист1!$B$1:$N$67,2,0) -> 8517620003 | C75: SICOM3024P-24M-ST05-HV-HV-S | D75: =VLOOKUP(C75,Лист1!$B$2:$T$292,14,0) -> ПРОМЫШЛЕННЫЕ КОММУТАТОРЫ ДЛЯ УПРАВЛЕНИЯ В СЕТЯХ ETHERNET, НЕ ЛОМ ЭЛЕКТРООБОРУДОВАНИЯ, НЕ ПРЕДНАЗНАЧЕНЫ ДЛЯ НЕГЛАСНОГО ПОЛУЧЕНИЯ ИНФОРМАЦИИ, КОМПЛЕКТУЮЩИЕ ДЛЯ СЕРВЕРОВ И СЕРВЕРНОГО ОБОРУДОВАНИЯ, ГРАЖДАНСКОГО ПРИМЕНЕНИЯ. ПОСТАВЛЯЮТСЯ С клеммными колодками , уголками для крепления в стойку и консольным кабелем. | E75: 1 | F75: 1595 | G75: =F75*E75 -> 1595 | H75: =VLOOKUP(C75,Лист1!$B$1:$N$67,4,0) -> SICOM3028GPT-L3G-MB-HV-HV-S - ПРОМЫШЛЕННЫЕ КОММУТАТОРЫ С ШИРОКИМ СПЕКТРОМ СФЕР ПРИМЕНЕНИЯ И МОДУЛЬНЫМ ДИЗАЙНОМ ДЛЯ ПРОСТОТЫ МАСШТАБИРОВАНИЯ И РАСШИРЕНИЯ ФУНКЦИОНАЛА УСТРОЙСТВА. SICOM3028GPT-L3G МОГУТ ИМЕТЬ ДО 28 ГИГАБИТНЫХ ПОРТОВ. ПРИ ЭТОМ ВОЗМОЖНА ПРАКТИЧЕСКИ ЛЮБАЯ КОМБИНАЦИЯ МЕДНЫХ И ОПТИЧЕСКИХ ПОРТОВ. ПИТАНИЕ: НАПРЯЖЕНИЕ ПИТАНИЯ: 220VAC/DC (85-264VAC/77-370VDC) МЕХАНИЧЕСКИЕ ХАРАКТЕРИСТИКИ: РАЗМЕРЫ 482.6 X 44 X 360 ММ КРЕПЛЕНИЕ 19" СТОЙКА КЛАСС ЗАЩИТЫ IP40 ВЕС 10 КГ РАБОЧАЯ ТЕМПЕРАТУРА ОТ -40 ДО +85С ТЕМПЕРАТУРА ХРАНЕНИЯ -40 ДО +85C ВЛАЖНОСТЬ ОТ 5 ДО 95% (БЕЗ КОНДЕНСАТА) MTBF 368000 ЧАСОВ ГАРАНТИЯ 5 ЛЕТ | I75: CT | J75: Kyland Technology Co., Ltd. | K75: 156 | L75: отсутствует | M75: KYLAND | N75: шт | O75: Нотификация | P75: 10052 | Q75: =VLOOKUP(C75,Лист1!$B$1:$N$142,5,0) -> RU0000033119 | R75: =VLOOKUP(C75,Лист1!$B$1:$N$142,6,0) -> 42972 | S75: =VLOOKUP(C75,Лист1!$B$1:$N$142,7,0) -> 42972 | T75: =VLOOKUP(C75,Лист1!$B$1:$N$142,8,0) -> 44369 | U75: =VLOOKUP(C75,Лист1!$B$1:$N$142,9,0) -> 4 | V75: =U75*E75 -> 4 | W75: 5 | X75: =W75+W75*0.23 -> 6.15 | Y75: Декларация о соответствии | Z75: 01191 | AA75: =VLOOKUP(C75,Лист1!$B$1:$N$92,10,0) -> ЕАЭС N RU Д-CN.КА01.В.17403/19 | AB75: =VLOOKUP(C75,Лист1!$B$1:$N$92,11,0) -> 43787 | AC75: =VLOOKUP(C75,Лист1!$B$1:$N$92,12,0) -> 43787 | AD75: =VLOOKUP(C75,Лист1!$B$1:$N$92,13,0) -> 45613 | AE75: отсутствует | AF75: 10005030/110621/0279707 | AG75: Симанитрон | AH75: =VLOOKUP(C75,Лист1!B1:P287,15,0) -> SICOM3024P-24M-ST05-HV-HV-S - промышленные коммутаторы 2 уровня, монтируемые в 19" стойку. Устройства имеют 4 гигабитных порта и 24 порта 100 Мбит/с, которые могут быть как медными так и оптическими. Коммутаторы крепятся в 19-дюймовую стойку (занимают 1U). Устройства соответствуют IEC61850-3, IEEE1613, EN50155, EN50121-4, NEMA TS-2 для использования в энергетике и на транспорте. Диапазон рабочих температур коммутаторов SICOM3024P-24M-ST05-HV-HV-S от -40° до +85°. Характеристики Порты Медные или оптические порты 100 Мбит/с 24 Системная производительность Стандарты: IEEE 802.3i, IEEE 802.3u, IEEE 802.3ab, IEEE 802.3z, IEEE 802.3x, IEEE 802.1p, IEEE 802.1Q, IEEE 802.1s Протоколы DT-Ring, DT-Ring+, MSTP IGMP Snooping, GMRP; VLAN, PVLAN; Telnet, HTTP, HTTPS, SNMPv1/v2/v3, RMON, LLDP, DHCP server; SNTP, RTC; DT-Psec, SSH, SSL, ACL; FTP, Syslog; ARP, QoS Пропускная способность устройства 9.5 Mpps Питание Напряжение питания Резервированное: 220VAC/DCW (85-264Вольт переменного тока / 77-300Вольт постоянного тока) Потребляемая мощность менее 30 Вт Механические характеристики Размеры 482.6×44×322.5 мм Крепление 19” стойка Класс защиты IP40 Рабочая температура от -40 до +85С Температура хранения -40 до +85C Влажность от 5 до 95% (без конденсата) MTBF 346889 часов Гарантия 5 лет
A76: 44348 | B76: =VLOOKUP(C76,Лист1!$B$1:$N$67,2,0) -> 8517620003 | C76: SICOM3024P-16M-ST05-HV-HV-S | D76: =VLOOKUP(C76,Лист1!$B$2:$T$292,14,0) -> ПРОМЫШЛЕННЫЕ КОММУТАТОРЫ ДЛЯ УПРАВЛЕНИЯ В СЕТЯХ ETHERNET, НЕ ЛОМ ЭЛЕКТРООБОРУДОВАНИЯ, НЕ ПРЕДНАЗНАЧЕНЫ ДЛЯ НЕГЛАСНОГО ПОЛУЧЕНИЯ ИНФОРМАЦИИ, КОМПЛЕКТУЮЩИЕ ДЛЯ СЕРВЕРОВ И СЕРВЕРНОГО ОБОРУДОВАНИЯ, ГРАЖДАНСКОГО ПРИМЕНЕНИЯ. ПОСТАВЛЯЮТСЯ С клеммными колодками , уголками для крепления в стойку и консольным кабелем. | E76: 1 | F76: 1244 | G76: =F76*E76 -> 1244 | H76: =VLOOKUP(C76,Лист1!$B$1:$N$67,4,0) -> SICOM3028GPT-L3G-MB-HV-HV-S - ПРОМЫШЛЕННЫЕ КОММУТАТОРЫ С ШИРОКИМ СПЕКТРОМ СФЕР ПРИМЕНЕНИЯ И МОДУЛЬНЫМ ДИЗАЙНОМ ДЛЯ ПРОСТОТЫ МАСШТАБИРОВАНИЯ И РАСШИРЕНИЯ ФУНКЦИОНАЛА УСТРОЙСТВА. SICOM3028GPT-L3G МОГУТ ИМЕТЬ ДО 28 ГИГАБИТНЫХ ПОРТОВ. ПРИ ЭТОМ ВОЗМОЖНА ПРАКТИЧЕСКИ ЛЮБАЯ КОМБИНАЦИЯ МЕДНЫХ И ОПТИЧЕСКИХ ПОРТОВ. ПИТАНИЕ: НАПРЯЖЕНИЕ ПИТАНИЯ: 220VAC/DC (85-264VAC/77-370VDC) МЕХАНИЧЕСКИЕ ХАРАКТЕРИСТИКИ: РАЗМЕРЫ 482.6 X 44 X 360 ММ КРЕПЛЕНИЕ 19" СТОЙКА КЛАСС ЗАЩИТЫ IP40 ВЕС 10 КГ РАБОЧАЯ ТЕМПЕРАТУРА ОТ -40 ДО +85С ТЕМПЕРАТУРА ХРАНЕНИЯ -40 ДО +85C ВЛАЖНОСТЬ ОТ 5 ДО 95% (БЕЗ КОНДЕНСАТА) MTBF 368000 ЧАСОВ ГАРАНТИЯ 5 ЛЕТ | I76: CT | J76: Kyland Technology Co., Ltd. | K76: 156 | L76: отсутствует | M76: KYLAND | N76: шт | O76: Нотификация | P76: 10052 | Q76: =VLOOKUP(C76,Лист1!$B$1:$N$142,5,0) -> RU0000033120 | R76: =VLOOKUP(C76,Лист1!$B$1:$N$142,6,0) -> 42972 | S76: =VLOOKUP(C76,Лист1!$B$1:$N$142,7,0) -> 42972 | T76: =VLOOKUP(C76,Лист1!$B$1:$N$142,8,0) -> 44369 | U76: =VLOOKUP(C76,Лист1!$B$1:$N$142,9,0) -> 4 | V76: =U76*E76 -> 4 | W76: 5 | X76: =W76+W76*0.23 -> 6.15 | Y76: Декларация о соответствии | Z76: 01191 | AA76: =VLOOKUP(C76,Лист1!$B$1:$N$92,10,0) -> ЕАЭС N RU Д-CN.КА01.В.17403/19 | AB76: =VLOOKUP(C76,Лист1!$B$1:$N$92,11,0) -> 43787 | AC76: =VLOOKUP(C76,Лист1!$B$1:$N$92,12,0) -> 43787 | AD76: =VLOOKUP(C76,Лист1!$B$1:$N$92,13,0) -> 45613 | AE76: отсутствует | AF76: 10005030/110621/0279707 | AG76: Симанитрон | AH76: =VLOOKUP(C76,Лист1!B2:P288,15,0) -> SICOM3024P-16M-ST05-HV-HV-S - промышленные коммутаторы 2 уровня, монтируемые в 19" стойку. Устройства имеют 4 гигабитных порта и 24 порта 100 Мбит/с, которые могут быть как медными так и оптическими. Коммутаторы крепятся в 19-дюймовую стойку (занимают 1U). Устройства соответствуют IEC61850-3, IEEE1613, EN50155, EN50121-4, NEMA TS-2 для использования в энергетике и на транспорте. Диапазон рабочих температур коммутаторов SICOM3024P-16M-ST05-HV-HV-S от -40° до +85°. Характеристики Порты Медные или оптические порты 100 Мбит/с 16 Системная производительность Стандарты: IEEE 802.3i, IEEE 802.3u, IEEE 802.3ab, IEEE 802.3z, IEEE 802.3x, IEEE 802.1p, IEEE 802.1Q, IEEE 802.1s Протоколы DT-Ring, DT-Ring+, MSTP IGMP Snooping, GMRP; VLAN, PVLAN; Telnet, HTTP, HTTPS, SNMPv1/v2/v3, RMON, LLDP, DHCP server; SNTP, RTC; DT-Psec, SSH, SSL, ACL; FTP, Syslog; ARP, QoS Пропускная способность устройства 9.5 Mpps Питание Напряжение питания Резервированное: 220VAC/DCW (85-264Вольт переменного тока / 77-300Вольт постоянного тока) Потребляемая мощность менее 30 Вт Механические характеристики Размеры 482.6×44×322.5 мм Крепление 19” стойка Класс защиты IP40 Рабочая температура от -40 до +85С Температура хранения -40 до +85C Влажность от 5 до 95% (без конденсата) MTBF 346889 часов Гарантия 5 лет
A77: 44348 | B77: =VLOOKUP(C77,Лист1!$B$1:$N$67,2,0) -> 8517620003 | C77: RubySYM3A-3G-L2-L2 | D77: =VLOOKUP(C77,Лист1!$B$2:$T$292,14,0) -> ПРОМЫШЛЕННЫЕ КОММУТАТОРЫ ДЛЯ УПРАВЛЕНИЯ В СЕТЯХ ETHERNET, НЕ ЛОМ ЭЛЕКТРООБОРУДОВАНИЯ, НЕ ПРЕДНАЗНАЧЕНЫ ДЛЯ НЕГЛАСНОГО ПОЛУЧЕНИЯ ИНФОРМАЦИИ, КОМПЛЕКТУЮЩИЕ ДЛЯ СЕРВЕРОВ И СЕРВЕРНОГО ОБОРУДОВАНИЯ, ГРАЖДАНСКОГО ПРИМЕНЕНИЯ. ПОСТАВЛЯЮТСЯ С клеммными колодками , уголками для крепления в стойку и консольным кабелем. | E77: 4 | F77: 490 | G77: =F77*E77 -> 1960 | H77: =VLOOKUP(C77,Лист1!$B$1:$N$67,4,0) -> SICOM3028GPT-L3G-MB-HV-HV-S - ПРОМЫШЛЕННЫЕ КОММУТАТОРЫ С ШИРОКИМ СПЕКТРОМ СФЕР ПРИМЕНЕНИЯ И МОДУЛЬНЫМ ДИЗАЙНОМ ДЛЯ ПРОСТОТЫ МАСШТАБИРОВАНИЯ И РАСШИРЕНИЯ ФУНКЦИОНАЛА УСТРОЙСТВА. SICOM3028GPT-L3G МОГУТ ИМЕТЬ ДО 28 ГИГАБИТНЫХ ПОРТОВ. ПРИ ЭТОМ ВОЗМОЖНА ПРАКТИЧЕСКИ ЛЮБАЯ КОМБИНАЦИЯ МЕДНЫХ И ОПТИЧЕСКИХ ПОРТОВ. ПИТАНИЕ: НАПРЯЖЕНИЕ ПИТАНИЯ: 220VAC/DC (85-264VAC/77-370VDC) МЕХАНИЧЕСКИЕ ХАРАКТЕРИСТИКИ: РАЗМЕРЫ 482.6 X 44 X 360 ММ КРЕПЛЕНИЕ 19" СТОЙКА КЛАСС ЗАЩИТЫ IP40 ВЕС 10 КГ РАБОЧАЯ ТЕМПЕРАТУРА ОТ -40 ДО +85С ТЕМПЕРАТУРА ХРАНЕНИЯ -40 ДО +85C ВЛАЖНОСТЬ ОТ 5 ДО 95% (БЕЗ КОНДЕНСАТА) MTBF 368000 ЧАСОВ ГАРАНТИЯ 5 ЛЕТ | I77: CT | J77: Kyland Technology Co., Ltd. | K77: 156 | L77: отсутствует | M77: KYLAND | N77: шт | O77: Нотификация | P77: 10052 | Q77: =VLOOKUP(C77,Лист1!$B$1:$N$142,5,0) -> RU0000051996 | R77: =VLOOKUP(C77,Лист1!$B$1:$N$142,6,0) -> 44284 | S77: =VLOOKUP(C77,Лист1!$B$1:$N$142,7,0) -> 44284 | T77: =VLOOKUP(C77,Лист1!$B$1:$N$142,8,0) -> 47848 | U77: =VLOOKUP(C77,Лист1!$B$1:$N$142,9,0) -> 1.25 | V77: =U77*E77 -> 5 | W77: 5 | X77: =W77+W77*0.23 -> 6.15 | Y77: Декларация о соответствии | Z77: 01191 | AA77: =VLOOKUP(C77,Лист1!$B$1:$N$92,10,0) -> ЕАЭС N RU Д-CN.РА01.В.32748/21 | AB77: =VLOOKUP(C77,Лист1!$B$1:$N$92,11,0) -> 44309 | AC77: =VLOOKUP(C77,Лист1!$B$1:$N$92,12,0) -> 44309 | AD77: =VLOOKUP(C77,Лист1!$B$1:$N$92,13,0) -> 46134 | AE77: отсутствует | AF77: 10005030/110621/0279707 | AG77: Симанитрон | AH77: =VLOOKUP(C77,Лист1!$B$3:$P$289,15,0) -> RubySYM3A-3G-L2-L2 -УСТРОЙСТВО RUBY3A ОТ КОМПАНИИ KYLAND ПОДДЕРЖИВАЕТ ОДНОВРЕМЕННО ПРОТОКОЛЫ РЕЗЕРВИРОВАНИЯ HIGH AVAILABILITY SEAMLESS REDUNDANCY (HSR) И PARALLEL REDUNDANCY PROTOCOL (PRP). RUBY3ОБЕСПЕЧИВАЕТ БЕСПЕРЕБОЙНУЮ РАБОТУ ПРИ ЛЮБОМ ВОЗМОЖНОМ СБОЕ В СЕТИ. ЭТО ДОСТИГАЕТСЯ ОДНОВРЕМЕННОЙ ДУБЛИРОВАННОЙ ПЕРЕДАЧЕЙ ДАННЫХ ПО НЕЗАВИСИМЫМ МАРШРУТАМ ДЛЯ ОБЕСПЕЧЕНИЯ РЕЗЕРВИРОВАНИЯ НА УРОВНЕ КАНАЛОВ. Характеристики • Пароли – Многоуровневые пароли для защиты от неавторизованного доступа • SSH / SSL – Расширение парольной защиты, добавляющая 128-битное шифрование данных при передаче по сети • Защита MAC адресов – Возможность защищать порты так, чтобы доступ был только у устройств с авторизованными MAC адресами • RADIUS – Централизованная аутентификация с использованием хэш-функции MD5 • SNMPv3 – Шифрование аутентификационной информации, передаваемой по сети (CBC-DES с ключом 56 бит) • SSL – Веб-управление с использованием шифрования (128 битный ключ) • Защита от ЭМИ и скачков напряжений o IEC 62439-3 PRP o IEEE 1613 (работа на электроподстанциях) o IEC 61850-3 (работа на электроподстанциях) • Рабочая температура: от –40°C до +85°C • Нет движущихся частей • Веб, Telnet, CLI • SNMP v1/v2/v3 (56-бит шифрование) • Удалённый мониторинг (RMON) • Широкий набор функций диагностики и протоколирования • Поддержка IEC 62439 MIB • Потребляемое напряжение: 24-48VDC (18-72Вольт постоянного тока) • Клеммная колодка для надёжных и удобных подключений кабелей • Размеры(ДхВхШ): 66*135*107.5 мм
A78: 44348 | B78: =VLOOKUP(C78,Лист1!$B$1:$N$67,2,0) -> 8517620003 | C78: SICOM3028GPT-L3G-MB-HV-HV-S | D78: =VLOOKUP(C78,Лист1!$B$2:$T$292,14,0) -> ПРОМЫШЛЕННЫЕ КОММУТАТОРЫ ДЛЯ УПРАВЛЕНИЯ В СЕТЯХ ETHERNET, НЕ ЛОМ ЭЛЕКТРООБОРУДОВАНИЯ, НЕ ПРЕДНАЗНАЧЕНЫ ДЛЯ НЕГЛАСНОГО ПОЛУЧЕНИЯ ИНФОРМАЦИИ, КОМПЛЕКТУЮЩИЕ ДЛЯ СЕРВЕРОВ И СЕРВЕРНОГО ОБОРУДОВАНИЯ, ГРАЖДАНСКОГО ПРИМЕНЕНИЯ. ПОСТАВЛЯЮТСЯ С клеммными колодками , уголками для крепления в стойку и консольным кабелем. | E78: 1 | F78: 2160 | G78: =F78*E78 -> 2160 | H78: =VLOOKUP(C78,Лист1!$B$1:$N$67,4,0) -> SICOM3028GPT-L3G-MB-HV-HV-S - ПРОМЫШЛЕННЫЕ КОММУТАТОРЫ С ШИРОКИМ СПЕКТРОМ СФЕР ПРИМЕНЕНИЯ И МОДУЛЬНЫМ ДИЗАЙНОМ ДЛЯ ПРОСТОТЫ МАСШТАБИРОВАНИЯ И РАСШИРЕНИЯ ФУНКЦИОНАЛА УСТРОЙСТВА. SICOM3028GPT-L3G МОГУТ ИМЕТЬ ДО 28 ГИГАБИТНЫХ ПОРТОВ. ПРИ ЭТОМ ВОЗМОЖНА ПРАКТИЧЕСКИ ЛЮБАЯ КОМБИНАЦИЯ МЕДНЫХ И ОПТИЧЕСКИХ ПОРТОВ. ПИТАНИЕ: НАПРЯЖЕНИЕ ПИТАНИЯ: 220VAC/DC (85-264VAC/77-370VDC) МЕХАНИЧЕСКИЕ ХАРАКТЕРИСТИКИ: РАЗМЕРЫ 482.6 X 44 X 360 ММ КРЕПЛЕНИЕ 19" СТОЙКА КЛАСС ЗАЩИТЫ IP40 ВЕС 10 КГ РАБОЧАЯ ТЕМПЕРАТУРА ОТ -40 ДО +85С ТЕМПЕРАТУРА ХРАНЕНИЯ -40 ДО +85C ВЛАЖНОСТЬ ОТ 5 ДО 95% (БЕЗ КОНДЕНСАТА) MTBF 368000 ЧАСОВ ГАРАНТИЯ 5 ЛЕТ | I78: CT | J78: Kyland Technology Co., Ltd. | K78: 156 | L78: отсутствует | M78: KYLAND | N78: шт | O78: Нотификация | P78: 10052 | Q78: =VLOOKUP(C78,Лист1!$B$1:$N$142,5,0) -> RU0000053245 | R78: =VLOOKUP(C78,Лист1!$B$1:$N$142,6,0) -> 44383 | S78: =VLOOKUP(C78,Лист1!$B$1:$N$142,7,0) -> 44383 | T78: =VLOOKUP(C78,Лист1!$B$1:$N$142,8,0) -> 48213 | U78: =VLOOKUP(C78,Лист1!$B$1:$N$142,9,0) -> 10 | V78: =U78*E78 -> 10 | W78: 8 | X78: 10.55 | Y78: Декларация о соответствии | Z78: 01191 | AA78: =VLOOKUP(C78,Лист1!$B$1:$N$92,10,0) -> ЕАЭС N RU Д-CN.КА01.В.23216/20 | AB78: =VLOOKUP(C78,Лист1!$B$1:$N$92,11,0) -> 43908 | AC78: =VLOOKUP(C78,Лист1!$B$1:$N$92,12,0) -> 43908 | AD78: =VLOOKUP(C78,Лист1!$B$1:$N$92,13,0) -> 45733 | AE78: отсутствует | AF78: 10005030/110621/0279707 | AG78: Симанитрон | AH78: =VLOOKUP(C78,Лист1!$B$3:$P$289,15,0) -> SICOM3028GPT-L3G-MB-HV-HV-S - промышленные коммутаторы с широким спектром сфер применения и модульным дизайном для простоты масштабирования и расширения функционала устройства. SICOM3028GPT-L3G могут иметь до 28 гигабитных портов. При этом возможна практически любая комбинация медных и оптических портов. Характеристики Порты Оптические или медные порты 100 Мбит/с до 24 Оптические или медные гигабитные порты до 28 (SICOM3028GPT-L3G) до 4 (SICOM3028GPT-L3G) Системная производительность Стандарты: IEEE 802.3i, IEEE 802.3u, IEEE 802.3ab, IEEE802.3ac, IEEE 802.3ad, IEEE 802.3z, IEEE 802.3x, IEEE 802.1p, IEEE 802.1Q, IEEE 802.1s, IEEE802.1X, IEC62439-6, IEC 61850-8-1 GOOSE сообщения Протоколы DT-Ring, DT-Ring+, MSTP, DRP, VRRP; IGMP, IGMP Snooping, GMRP, PIM-SM, PIM-DM, DVMRP; RIPv1/v2, OSPFv2, BGPv4; VLAN, GVRP, PVLAN; Telnet, SNMPv1/v2/v3, RMON, LLDP, BootP, DHCP Option 82, DHCP server/relay/client; SNTP, RTC; SSH, SSL, TACACS+, RADIUS, ACL; ARP, Modbus TCP, QoS, LACP PRP, HSR Пропускная способность устройства 41.7 Mpps (SICOM3028GPT-L3G), 9.5 Mpps (SICOM3028GPT-L3G) Питание Напряжение питания: 220VAC/DC (85-264VAC/77-370VDC) Механические характеристики Размеры 482.6 x 44 x 360 мм Крепление 19” стойка Класс защиты IP40 Рабочая температура от -40 до +85С Температура хранения -40 до +85C Влажность от 5 до 95% (без конденсата) MTBF 368000 часов Гарантия 5 лет
A79: 44386 | B79: =VLOOKUP(C79,Лист1!$B$1:$N$67,2,0) -> 8517620003 | C79: SYM3000A-4GX16T-L2-L2 | D79: =VLOOKUP(C79,Лист1!$B$2:$T$292,14,0) -> ПРОМЫШЛЕННЫЕ КОММУТАТОРЫ ДЛЯ УПРАВЛЕНИЯ В СЕТЯХ ETHERNET, НЕ ЛОМ ЭЛЕКТРООБОРУДОВАНИЯ, НЕ ПРЕДНАЗНАЧЕНЫ ДЛЯ НЕГЛАСНОГО ПОЛУЧЕНИЯ ИНФОРМАЦИИ, КОМПЛЕКТУЮЩИЕ ДЛЯ СЕРВЕРОВ И СЕРВЕРНОГО ОБОРУДОВАНИЯ, ГРАЖДАНСКОГО ПРИМЕНЕНИЯ. ПОСТАВЛЯЮТСЯ С клеммными колодками , уголками для крепления в стойку и консольным кабелем. | E79: 1 | F79: 574.5 | G79: =F79*E79 -> 574.5 | H79: =VLOOKUP(C79,Лист1!$B$1:$N$67,4,0) -> SICOM3028GPT-L3G-MB-HV-HV-S - ПРОМЫШЛЕННЫЕ КОММУТАТОРЫ С ШИРОКИМ СПЕКТРОМ СФЕР ПРИМЕНЕНИЯ И МОДУЛЬНЫМ ДИЗАЙНОМ ДЛЯ ПРОСТОТЫ МАСШТАБИРОВАНИЯ И РАСШИРЕНИЯ ФУНКЦИОНАЛА УСТРОЙСТВА. SICOM3028GPT-L3G МОГУТ ИМЕТЬ ДО 28 ГИГАБИТНЫХ ПОРТОВ. ПРИ ЭТОМ ВОЗМОЖНА ПРАКТИЧЕСКИ ЛЮБАЯ КОМБИНАЦИЯ МЕДНЫХ И ОПТИЧЕСКИХ ПОРТОВ. ПИТАНИЕ: НАПРЯЖЕНИЕ ПИТАНИЯ: 220VAC/DC (85-264VAC/77-370VDC) МЕХАНИЧЕСКИЕ ХАРАКТЕРИСТИКИ: РАЗМЕРЫ 482.6 X 44 X 360 ММ КРЕПЛЕНИЕ 19" СТОЙКА КЛАСС ЗАЩИТЫ IP40 ВЕС 10 КГ РАБОЧАЯ ТЕМПЕРАТУРА ОТ -40 ДО +85С ТЕМПЕРАТУРА ХРАНЕНИЯ -40 ДО +85C ВЛАЖНОСТЬ ОТ 5 ДО 95% (БЕЗ КОНДЕНСАТА) MTBF 368000 ЧАСОВ ГАРАНТИЯ 5 ЛЕТ | I79: CT | J79: Kyland Technology Co., Ltd. | K79: 156 | L79: отсутствует | M79: KYLAND | N79: шт | O79: Нотификация | P79: 10052 | Q79: =VLOOKUP(C79,Лист1!$B$1:$N$142,5,0) -> RU0000049917 | R79: =VLOOKUP(C79,Лист1!$B$1:$N$142,6,0) -> 44099 | S79: =VLOOKUP(C79,Лист1!$B$1:$N$142,7,0) -> 44099 | T79: =VLOOKUP(C79,Лист1!$B$1:$N$142,8,0) -> 47848 | U79: =VLOOKUP(C79,Лист1!$B$1:$N$142,9,0) -> 1.5 | V79: =U79*E79 -> 1.5 | W79: 2 | X79: =W79+W79*0.175 -> 2.35 | Y79: Декларация о соответствии | Z79: 01191 | AA79: =VLOOKUP(C79,Лист1!$B$1:$N$92,10,0) -> ЕАЭС N RU Д-CN.РА01.В.32748/21 | AB79: =VLOOKUP(C79,Лист1!$B$1:$N$92,11,0) -> 44309 | AC79: =VLOOKUP(C79,Лист1!$B$1:$N$92,12,0) -> 44309 | AD79: =VLOOKUP(C79,Лист1!$B$1:$N$92,13,0) -> 46134 | AE79: отсутствует | AF79: 10005030/230721/0361052 | AG79: Симанитрон | AH79: =VLOOKUP(C79,Лист1!$B$3:$P$289,15,0) -> SYM3000A-4GX16T-L2-L2 - серия гигабитных управляемых коммутаторов SYM3000A на DIN-рейку, разработанных для систем передачи данных в энергетике, на транспорте, в горнодобывающей промышленности и др. Коммутатор имеет до 12 гигабитных SFP разъемов и до 16 гигабитных RJ45 портов. Прочный корпус без вентилятора с гофрированной поверхностью, способность работать в широком температурном диапазоне позволяет оборудованию стабильно работать в экстремальных промышленных условиях. В данном устройстве реализована поддержка протокола синхронизации точного времени IEEE1588 PTPv2 с точностью синхронизации 100нс. Характеристики Порты 10/100Base-TX Ethernet RJ45 16 шт. 100/1000Base-X Ethernet SFP 4 шт. Системная производительность Стандарты: IEEE802.3i, IEEE802.3u, IEEE802.3ab, IEEE802.3z, IEEE 802.3ad, IEEE 802.1d, IEEE 802.1w, IEEE802.3x, IEEE802.1p, IEEE802.1Q, IEEE802.1s, IEEE 802.1x, IEEE 802.1ab, IEEE1588 V2 Протоколы DT-Ring, DT-Ring+, DT-VLAN, DRP, MSTP; IGMP Snooping, GMRP; VLAN, GVRP, PVLAN; Telnet, HTTP, HTTPS, SNMPv1/v2/v3, RMON, LLDP, SNTP, BootP, DHCP server/relay/client, DHCP Option 82; SSH, SSL, TACACS+, ACL; Syslog, FTP, TFTP; LACP, ARP, QoS, Modbus TCP Пропускная способность устройства 5.3 Mpps Питание Напряжение питания Двойной вход питания 24 Вольт постоянного тока (18-72VDC) До 10 Вт Механические характеристики Размеры 102х135х137 мм Крепление DIN-рейка или панель Класс защиты IP40 Рабочая температура от -40 до +85С Температура хранения -40 до +85C Влажность от 5 до 95% (без конденсата) MTBF 410000 часов Гарантия 5 лет
A80: 44386 | B80: =VLOOKUP(C80,Лист1!$B$1:$N$67,2,0) -> 8517620003 | C80: SYM3000A-4SFP16T-L2-L2 | D80: =VLOOKUP(C80,Лист1!$B$2:$T$292,14,0) -> ПРОМЫШЛЕННЫЕ КОММУТАТОРЫ ДЛЯ УПРАВЛЕНИЯ В СЕТЯХ ETHERNET, НЕ ЛОМ ЭЛЕКТРООБОРУДОВАНИЯ, НЕ ПРЕДНАЗНАЧЕНЫ ДЛЯ НЕГЛАСНОГО ПОЛУЧЕНИЯ ИНФОРМАЦИИ, КОМПЛЕКТУЮЩИЕ ДЛЯ СЕРВЕРОВ И СЕРВЕРНОГО ОБОРУДОВАНИЯ, ГРАЖДАНСКОГО ПРИМЕНЕНИЯ. ПОСТАВЛЯЮТСЯ С клеммными колодками , уголками для крепления в стойку и консольным кабелем. | E80: 18 | F80: 499.5 | G80: =F80*E80 -> 8991 | H80: =VLOOKUP(C80,Лист1!$B$1:$N$67,4,0) -> SICOM3028GPT-L3G-MB-HV-HV-S - ПРОМЫШЛЕННЫЕ КОММУТАТОРЫ С ШИРОКИМ СПЕКТРОМ СФЕР ПРИМЕНЕНИЯ И МОДУЛЬНЫМ ДИЗАЙНОМ ДЛЯ ПРОСТОТЫ МАСШТАБИРОВАНИЯ И РАСШИРЕНИЯ ФУНКЦИОНАЛА УСТРОЙСТВА. SICOM3028GPT-L3G МОГУТ ИМЕТЬ ДО 28 ГИГАБИТНЫХ ПОРТОВ. ПРИ ЭТОМ ВОЗМОЖНА ПРАКТИЧЕСКИ ЛЮБАЯ КОМБИНАЦИЯ МЕДНЫХ И ОПТИЧЕСКИХ ПОРТОВ. ПИТАНИЕ: НАПРЯЖЕНИЕ ПИТАНИЯ: 220VAC/DC (85-264VAC/77-370VDC) МЕХАНИЧЕСКИЕ ХАРАКТЕРИСТИКИ: РАЗМЕРЫ 482.6 X 44 X 360 ММ КРЕПЛЕНИЕ 19" СТОЙКА КЛАСС ЗАЩИТЫ IP40 ВЕС 10 КГ РАБОЧАЯ ТЕМПЕРАТУРА ОТ -40 ДО +85С ТЕМПЕРАТУРА ХРАНЕНИЯ -40 ДО +85C ВЛАЖНОСТЬ ОТ 5 ДО 95% (БЕЗ КОНДЕНСАТА) MTBF 368000 ЧАСОВ ГАРАНТИЯ 5 ЛЕТ | I80: CT | J80: Kyland Technology Co., Ltd. | K80: 156 | L80: отсутствует | M80: KYLAND | N80: шт | O80: Нотификация | P80: 10052 | Q80: =VLOOKUP(C80,Лист1!$B$1:$N$142,5,0) -> RU0000049917 | R80: =VLOOKUP(C80,Лист1!$B$1:$N$142,6,0) -> 44099 | S80: =VLOOKUP(C80,Лист1!$B$1:$N$142,7,0) -> 44099 | T80: =VLOOKUP(C80,Лист1!$B$1:$N$142,8,0) -> 47848 | U80: =VLOOKUP(C80,Лист1!$B$1:$N$142,9,0) -> 1.9 | V80: =U80*E80 -> 34.2 | W80: 34.2 | X80: 40.86 | Y80: Декларация о соответствии | Z80: 01191 | AA80: =VLOOKUP(C80,Лист1!$B$1:$N$92,10,0) -> ЕАЭС N RU Д-CN.РА01.В.65848/21 | AB80: =VLOOKUP(C80,Лист1!$B$1:$N$92,11,0) -> 44330 | AC80: =VLOOKUP(C80,Лист1!$B$1:$N$92,12,0) -> 44330 | AD80: =VLOOKUP(C80,Лист1!$B$1:$N$92,13,0) -> 46154 | AE80: отсутствует | AF80: 10005030/230721/0361052 | AG80: Симанитрон | AH80: =VLOOKUP(C80,Лист1!$B$3:$P$289,15,0) -> SYM3000A-4SFP16T-L2-L2 - серия гигабитных управляемых коммутаторов SYM3000A на DIN-рейку, разработанных для систем передачи данных в энергетике, на транспорте, в горнодобывающей промышленности и др. Коммутатор имеет до 12 гигабитных SFP разъемов и до 16 гигабитных RJ45 портов. Прочный корпус без вентилятора с гофрированной поверхностью, способность работать в широком температурном диапазоне позволяет оборудованию стабильно работать в экстремальных промышленных условиях. В данном устройстве реализована поддержка протокола синхронизации точного времени IEEE1588 PTPv2 с точностью синхронизации 100нс. Характеристики Порты 10/100Base-TX Ethernet RJ45 16 шт. 100Base-X Ethernet SFP 4 шт. Системная производительность Стандарты: IEEE802.3i, IEEE802.3u, IEEE802.3ab, IEEE802.3z, IEEE 802.3ad, IEEE 802.1d, IEEE 802.1w, IEEE802.3x, IEEE802.1p, IEEE802.1Q, IEEE802.1s, IEEE 802.1x, IEEE 802.1ab, IEEE1588 V2 Протоколы DT-Ring, DT-Ring+, DT-VLAN, DRP, MSTP; IGMP Snooping, GMRP; VLAN, GVRP, PVLAN; Telnet, HTTP, HTTPS, SNMPv1/v2/v3, RMON, LLDP, SNTP, BootP, DHCP server/relay/client, DHCP Option 82; SSH, SSL, TACACS+, ACL; Syslog, FTP, TFTP; LACP, ARP, QoS, Modbus TCP Пропускная способность устройства 5.3 Mpps Питание Напряжение питания Двойной вход питания 24 Вольт постоянного тока (18-72VDC) До 10 Вт Механические характеристики Размеры 102х135х137 мм Крепление DIN-рейка или панель Класс защиты IP40 Рабочая температура от -40 до +85С Температура хранения -40 до +85C Влажность от 5 до 95% (без конденсата) MTBF 410000 часов Гарантия 5 лет
A81: 44386 | B81: =VLOOKUP(C81,Лист1!$B$1:$N$67,2,0) -> 8517620003 | C81: SYM3000A-8SFP8T-L2-L2 | D81: =VLOOKUP(C81,Лист1!$B$2:$T$292,14,0) -> ПРОМЫШЛЕННЫЕ КОММУТАТОРЫ ДЛЯ УПРАВЛЕНИЯ В СЕТЯХ ETHERNET, НЕ ЛОМ ЭЛЕКТРООБОРУДОВАНИЯ, НЕ ПРЕДНАЗНАЧЕНЫ ДЛЯ НЕГЛАСНОГО ПОЛУЧЕНИЯ ИНФОРМАЦИИ, КОМПЛЕКТУЮЩИЕ ДЛЯ СЕРВЕРОВ И СЕРВЕРНОГО ОБОРУДОВАНИЯ, ГРАЖДАНСКОГО ПРИМЕНЕНИЯ. ПОСТАВЛЯЮТСЯ С клеммными колодками , уголками для крепления в стойку и консольным кабелем. | E81: 9 | F81: 499.5 | G81: =F81*E81 -> 4495.5 | H81: =VLOOKUP(C81,Лист1!$B$1:$N$67,4,0) -> SICOM3028GPT-L3G-MB-HV-HV-S - ПРОМЫШЛЕННЫЕ КОММУТАТОРЫ С ШИРОКИМ СПЕКТРОМ СФЕР ПРИМЕНЕНИЯ И МОДУЛЬНЫМ ДИЗАЙНОМ ДЛЯ ПРОСТОТЫ МАСШТАБИРОВАНИЯ И РАСШИРЕНИЯ ФУНКЦИОНАЛА УСТРОЙСТВА. SICOM3028GPT-L3G МОГУТ ИМЕТЬ ДО 28 ГИГАБИТНЫХ ПОРТОВ. ПРИ ЭТОМ ВОЗМОЖНА ПРАКТИЧЕСКИ ЛЮБАЯ КОМБИНАЦИЯ МЕДНЫХ И ОПТИЧЕСКИХ ПОРТОВ. ПИТАНИЕ: НАПРЯЖЕНИЕ ПИТАНИЯ: 220VAC/DC (85-264VAC/77-370VDC) МЕХАНИЧЕСКИЕ ХАРАКТЕРИСТИКИ: РАЗМЕРЫ 482.6 X 44 X 360 ММ КРЕПЛЕНИЕ 19" СТОЙКА КЛАСС ЗАЩИТЫ IP40 ВЕС 10 КГ РАБОЧАЯ ТЕМПЕРАТУРА ОТ -40 ДО +85С ТЕМПЕРАТУРА ХРАНЕНИЯ -40 ДО +85C ВЛАЖНОСТЬ ОТ 5 ДО 95% (БЕЗ КОНДЕНСАТА) MTBF 368000 ЧАСОВ ГАРАНТИЯ 5 ЛЕТ | I81: CT | J81: Kyland Technology Co., Ltd. | K81: 156 | L81: отсутствует | M81: KYLAND | N81: шт | O81: Нотификация | P81: 10052 | Q81: =VLOOKUP(C81,Лист1!$B$1:$N$142,5,0) -> RU0000049917 | R81: =VLOOKUP(C81,Лист1!$B$1:$N$142,6,0) -> 44099 | S81: =VLOOKUP(C81,Лист1!$B$1:$N$142,7,0) -> 44099 | T81: =VLOOKUP(C81,Лист1!$B$1:$N$142,8,0) -> 47848 | U81: =VLOOKUP(C81,Лист1!$B$1:$N$142,9,0) -> 1.1 | V81: =U81*E81 -> 9.9 | W81: 17.1 | X81: =W81+W81*0.175 -> 20.0925 | Y81: Декларация о соответствии | Z81: 01191 | AA81: =VLOOKUP(C81,Лист1!$B$1:$N$92,10,0) -> ЕАЭС N RU Д-CN.РА01.В.65848/21 | AB81: =VLOOKUP(C81,Лист1!$B$1:$N$92,11,0) -> 44330 | AC81: =VLOOKUP(C81,Лист1!$B$1:$N$92,12,0) -> 44330 | AD81: =VLOOKUP(C81,Лист1!$B$1:$N$92,13,0) -> 46154 | AE81: отсутствует | AF81: 10005030/230721/0361052 | AG81: Симанитрон | AH81: =VLOOKUP(C81,Лист1!$B$3:$P$289,15,0) -> SYM3000A-8SFP8T-L2-L2 - SYM3000A - серия гигабитных управляемых коммутаторов на DIN-рейку, разработанных для систем передачи данных в энергетике, на транспорте, в горнодобывающей промышленности и др. Коммутатор имеет до 12 гигабитных SFP разъемов и до 16 гигабитных RJ45 портов. Прочный корпус без вентилятора с гофрированной поверхностью, способность работать в широком температурном диапазоне позволяет оборудованию стабильно работать в экстремальных промышленных условиях. В данном устройстве реализована поддержка протокола синхронизации точного времени IEEE1588 PTPv2 с точностью синхронизации 100нс. Характеристики Порты 10/100Base-TX Ethernet RJ45 8 шт. Системная производительность Стандарты: IEEE802.3i, IEEE802.3u, IEEE802.3ab, IEEE802.3z, IEEE 802.3ad, IEEE 802.1d, IEEE 802.1w, IEEE802.3x, IEEE802.1p, IEEE802.1Q, IEEE802.1s, IEEE 802.1x, IEEE 802.1ab, IEEE1588 V2 Протоколы DT-Ring, DT-Ring+, DT-VLAN, DRP, MSTP; IGMP Snooping, GMRP; VLAN, GVRP, PVLAN; Telnet, HTTP, HTTPS, SNMPv1/v2/v3, RMON, LLDP, SNTP, BootP, DHCP server/relay/client, DHCP Option 82; SSH, SSL, TACACS+, ACL; Syslog, FTP, TFTP; LACP, ARP, QoS, Modbus TCP Пропускная способность устройства 5.3 Mpps Питание Напряжение питания Вход питания 220 Вольт постоянного тока и 220 переменного тока (85-264VAC/77-300VDC) До 10 Вт Механические характеристики Размеры 66×135×107.5 мм Крепление DIN-рейка или панель Класс защиты IP40 Рабочая температура от -40 до +85С Температура хранения -40 до +85C Влажность от 5 до 95% (без конденсата) MTBF 410000 часов Гарантия 5 лет
A82: 44386 | B82: =VLOOKUP(C82,Лист1!$B$1:$N$67,2,0) -> 8517620003 | C82: SYM3000A-8T-L2-L2 | D82: =VLOOKUP(C82,Лист1!$B$2:$T$292,14,0) -> ПРОМЫШЛЕННЫЕ КОММУТАТОРЫ ДЛЯ УПРАВЛЕНИЯ В СЕТЯХ ETHERNET, НЕ ЛОМ ЭЛЕКТРООБОРУДОВАНИЯ, НЕ ПРЕДНАЗНАЧЕНЫ ДЛЯ НЕГЛАСНОГО ПОЛУЧЕНИЯ ИНФОРМАЦИИ, КОМПЛЕКТУЮЩИЕ ДЛЯ СЕРВЕРОВ И СЕРВЕРНОГО ОБОРУДОВАНИЯ, ГРАЖДАНСКОГО ПРИМЕНЕНИЯ. ПОСТАВЛЯЮТСЯ С клеммными колодками , уголками для крепления в стойку и консольным кабелем. | E82: 3 | F82: 229.5 | G82: =F82*E82 -> 688.5 | H82: =VLOOKUP(C82,Лист1!$B$1:$N$67,4,0) -> SICOM3028GPT-L3G-MB-HV-HV-S - ПРОМЫШЛЕННЫЕ КОММУТАТОРЫ С ШИРОКИМ СПЕКТРОМ СФЕР ПРИМЕНЕНИЯ И МОДУЛЬНЫМ ДИЗАЙНОМ ДЛЯ ПРОСТОТЫ МАСШТАБИРОВАНИЯ И РАСШИРЕНИЯ ФУНКЦИОНАЛА УСТРОЙСТВА. SICOM3028GPT-L3G МОГУТ ИМЕТЬ ДО 28 ГИГАБИТНЫХ ПОРТОВ. ПРИ ЭТОМ ВОЗМОЖНА ПРАКТИЧЕСКИ ЛЮБАЯ КОМБИНАЦИЯ МЕДНЫХ И ОПТИЧЕСКИХ ПОРТОВ. ПИТАНИЕ: НАПРЯЖЕНИЕ ПИТАНИЯ: 220VAC/DC (85-264VAC/77-370VDC) МЕХАНИЧЕСКИЕ ХАРАКТЕРИСТИКИ: РАЗМЕРЫ 482.6 X 44 X 360 ММ КРЕПЛЕНИЕ 19" СТОЙКА КЛАСС ЗАЩИТЫ IP40 ВЕС 10 КГ РАБОЧАЯ ТЕМПЕРАТУРА ОТ -40 ДО +85С ТЕМПЕРАТУРА ХРАНЕНИЯ -40 ДО +85C ВЛАЖНОСТЬ ОТ 5 ДО 95% (БЕЗ КОНДЕНСАТА) MTBF 368000 ЧАСОВ ГАРАНТИЯ 5 ЛЕТ | I82: CT | J82: Kyland Technology Co., Ltd. | K82: 156 | L82: отсутствует | M82: KYLAND | N82: шт | O82: Нотификация | P82: 10052 | Q82: =VLOOKUP(C82,Лист1!$B$1:$N$142,5,0) -> RU0000049917 | R82: =VLOOKUP(C82,Лист1!$B$1:$N$142,6,0) -> 44099 | S82: =VLOOKUP(C82,Лист1!$B$1:$N$142,7,0) -> 44099 | T82: =VLOOKUP(C82,Лист1!$B$1:$N$142,8,0) -> 47848 | U82: =VLOOKUP(C82,Лист1!$B$1:$N$142,9,0) -> 1.1 | V82: =U82*E82 -> 3.3 | W82: 5.7 | X82: =W82+W82*0.175 -> 6.6975 | Y82: Декларация о соответствии | Z82: 01191 | AA82: =VLOOKUP(C82,Лист1!$B$1:$N$92,10,0) -> ЕАЭС N RU Д-CN.РА01.В.65848/21 | AB82: =VLOOKUP(C82,Лист1!$B$1:$N$92,11,0) -> 44330 | AC82: =VLOOKUP(C82,Лист1!$B$1:$N$92,12,0) -> 44330 | AD82: =VLOOKUP(C82,Лист1!$B$1:$N$92,13,0) -> 46154 | AE82: отсутствует | AF82: 10005030/230721/0361052 | AG82: Симанитрон | AH82: =VLOOKUP(C82,Лист1!$B$3:$P$289,15,0) -> SYM3000A - серия гигабитных управляемых коммутаторов на DIN-рейку, разработанных для систем передачи данных в энергетике, на транспорте, в горнодобывающей промышленности и др. Коммутатор имеет до 12 гигабитных SFP разъемов и до 16 гигабитных RJ45 портов. Прочный корпус без вентилятора с гофрированной поверхностью, способность работать в широком температурном диапазоне позволяет оборудованию стабильно работать в экстремальных промышленных условиях. В данном устройстве реализована поддержка протокола синхронизации точного времени IEEE1588 PTPv2 с точностью синхронизации 100нс. Характеристики Порты 10/100Base-TX Ethernet RJ45 8 шт. Системная производительность Стандарты: IEEE802.3i, IEEE802.3u, IEEE802.3ab, IEEE802.3z, IEEE 802.3ad, IEEE 802.1d, IEEE 802.1w, IEEE802.3x, IEEE802.1p, IEEE802.1Q, IEEE802.1s, IEEE 802.1x, IEEE 802.1ab, IEEE1588 V2 Протоколы DT-Ring, DT-Ring+, DT-VLAN, DRP, MSTP; IGMP Snooping, GMRP; VLAN, GVRP, PVLAN; Telnet, HTTP, HTTPS, SNMPv1/v2/v3, RMON, LLDP, SNTP, BootP, DHCP server/relay/client, DHCP Option 82; SSH, SSL, TACACS+, ACL; Syslog, FTP, TFTP; LACP, ARP, QoS, Modbus TCP Пропускная способность устройства 5.3 Mpps Питание Напряжение питания Двойной вход питания 24 Вольт постоянного тока (18-72VDC) До 10 Вт Механические характеристики Размеры 66×135×107.5 мм Крепление DIN-рейка или панель Класс защиты IP40 Рабочая температура от -40 до +85С Температура хранения -40 до +85C Влажность от 5 до 95% (без конденсата) MTBF 410000 часов Гарантия 5 лет
A83: 44390 | B83: =VLOOKUP(C83,Лист1!$B$1:$N$67,2,0) -> 8517620002 | C83: SICOM3028GPT-L2F-MB-HV-HV-S | D83: =VLOOKUP(C83,Лист1!$B$2:$T$292,14,0) -> ПРОМЫШЛЕННЫЕ КОММУТАТОРЫ ДЛЯ УПРАВЛЕНИЯ В СЕТЯХ ETHERNET, НЕ ЛОМ ЭЛЕКТРООБОРУДОВАНИЯ, НЕ ПРЕДНАЗНАЧЕНЫ ДЛЯ НЕГЛАСНОГО ПОЛУЧЕНИЯ ИНФОРМАЦИИ, КОМПЛЕКТУЮЩИЕ ДЛЯ СЕРВЕРОВ И СЕРВЕРНОГО ОБОРУДОВАНИЯ, ГРАЖДАНСКОГО ПРИМЕНЕНИЯ. ПОСТАВЛЯЮТСЯ С клеммными колодками , уголками для крепления в стойку и консольным кабелем. | E83: 6 | F83: 1289.33 | G83: =F83*E83 -> 7735.98 | H83: =VLOOKUP(C83,Лист1!$B$1:$N$67,4,0) -> SICOM3028GPT-L2F-MB-HV-HV-S - промышленные коммутаторы с широким спектром сфер применния и модульным дизайном для простоты масштабирования и расширения функционала устройства. Характеристики Протоколы DT-Ring, DT-Ring+, MSTP, DRP; IGMP Snooping, GMRP; VLAN, GVRP, PVLAN; Telnet, HTTP, HTTPS, SNMPv1/v2/v3, RMON, LLDP, Bootp, DHCP server/relay/client, DHCP Option 82; SNTP, PTP, RTC; SSH, SSL, TACACS+, RADIUS, ACL; ARP, Modbus TCP, QoS, LACP PRP, HSR Длина волны 1310нм (одномод), 1550нм (одномод), 1310 (многомод) Расстояние передачи 10~80км (одномод) , до 5 км (100M многомод) , до 2 км (1000M многомод) Тип коннектора SC, ST, FC Питание Напряжение питания Резервированное: 220VAC/VDC (77-300VDC/85-264VAC) Потребляемая мощность менее 28 Вт (при установке только медных модулей) менее 42 Вт (при установке только оптических модулей) Механические характеристики Размеры 482.6мм x 44мм x 360мм Крепление 19” стойка Класс защиты IP40 Рабочая температура от -40 до +85С Температура хранения -40 до +85C Влажность от 5 до 95% (без конденсата) MTBF 359000 часов Гарантия 5 лет | I83: CT | J83: Kyland Technology Co., Ltd. | K83: 156 | L83: отсутствует | M83: KYLAND | N83: шт | O83: Нотификация | P83: 10052 | Q83: =VLOOKUP(C83,Лист1!$B$1:$N$142,5,0) -> RU0000053245 | R83: =VLOOKUP(C83,Лист1!$B$1:$N$142,6,0) -> 44383 | S83: =VLOOKUP(C83,Лист1!$B$1:$N$142,7,0) -> 44383 | T83: =VLOOKUP(C83,Лист1!$B$1:$N$142,8,0) -> 48213 | U83: =VLOOKUP(C83,Лист1!$B$1:$N$142,9,0) -> 10 | V83: =U83*E83 -> 60 | W83: 55 | X83: 58 | Y83: Декларация о соответствии | Z83: 01191 | AA83: =VLOOKUP(C83,Лист1!$B$1:$N$92,10,0) -> ЕАЭС N RU Д-CN.КА01.В.23216/20 | AB83: =VLOOKUP(C83,Лист1!$B$1:$N$92,11,0) -> 43908 | AC83: =VLOOKUP(C83,Лист1!$B$1:$N$92,12,0) -> 43908 | AD83: =VLOOKUP(C83,Лист1!$B$1:$N$92,13,0) -> 45733 | AE83: отсутствует | AF83: 10005030/250721/0364686 | AG83: Симанитрон | AH83: =VLOOKUP(C83,Лист1!$B$3:$P$289,15,0) -> SICOM3028GPT-L2F-MB-HV-HV-S - промышленные коммутаторы с широким спектром сфер применния и модульным дизайном для простоты масштабирования и расширения функционала устройства. Характеристики Порты Медные или оптические порты 100 Мбит/с до 24 Медные или оптические гигабитные порты до 4 Системная производительность Стандарты: IEEE802.3i, IEEE802.3u, IEEE802.3ab, IEEE802.3ac, IEEE802.3ad, IEEE802.3z, IEEE802.3x, IEEE802.1p, IEEE802.1Q, IEEE802.1s, IEEE802.1X, IEC62439-6, IEC 61850-8-1 GOOSE сообщения Протоколы DT-Ring, DT-Ring+, MSTP, DRP; IGMP Snooping, GMRP; VLAN, GVRP, PVLAN; Telnet, HTTP, HTTPS, SNMPv1/v2/v3, RMON, LLDP, Bootp, DHCP server/relay/client, DHCP Option 82; SNTP, PTP, RTC; SSH, SSL, TACACS+, RADIUS, ACL; ARP, Modbus TCP, QoS, LACP PRP, HSR Пропускная способность устройства 9.5 Mpps Параметры оптических портов Длина волны 1310нм (одномод), 1550нм (одномод), 1310 (многомод) Расстояние передачи 10~80км (одномод) , до 5 км (100M многомод) , до 2 км (1000M многомод) Тип коннектора SC, ST, FC Питание Напряжение питания Резервированное: 220VAC/VDC (77-300VDC/85-264VAC) Потребляемая мощность менее 28 Вт (при установке только медных модулей) менее 42 Вт (при установке только оптических модулей) Механические характеристики Размеры 482.6мм x 44мм x 360мм Крепление 19” стойка Класс защиты IP40 Рабочая температура от -40 до +85С Температура хранения -40 до +85C Влажность от 5 до 95% (без конденсата) MTBF 359000 часов Гарантия 5 лет
A84: 44390 | B84: =VLOOKUP(C84,Лист1!$B$1:$N$67,2,0) -> 8517620003 | C84: SICOM3028GPT-L2F-MB-L3-L3-S | D84: =VLOOKUP(C84,Лист1!$B$2:$T$292,14,0) -> ПРОМЫШЛЕННЫЕ КОММУТАТОРЫ ДЛЯ УПРАВЛЕНИЯ В СЕТЯХ ETHERNET, НЕ ЛОМ ЭЛЕКТРООБОРУДОВАНИЯ, НЕ ПРЕДНАЗНАЧЕНЫ ДЛЯ НЕГЛАСНОГО ПОЛУЧЕНИЯ ИНФОРМАЦИИ, КОМПЛЕКТУЮЩИЕ ДЛЯ СЕРВЕРОВ И СЕРВЕРНОГО ОБОРУДОВАНИЯ, ГРАЖДАНСКОГО ПРИМЕНЕНИЯ. ПОСТАВЛЯЮТСЯ С клеммными колодками , уголками для крепления в стойку и консольным кабелем. | E84: 13 | F84: 1250 | G84: =F84*E84 -> 16250 | H84: =VLOOKUP(C84,Лист1!$B$1:$N$67,4,0) -> SICOM3028GPT-L3G-MB-HV-HV-S - ПРОМЫШЛЕННЫЕ КОММУТАТОРЫ С ШИРОКИМ СПЕКТРОМ СФЕР ПРИМЕНЕНИЯ И МОДУЛЬНЫМ ДИЗАЙНОМ ДЛЯ ПРОСТОТЫ МАСШТАБИРОВАНИЯ И РАСШИРЕНИЯ ФУНКЦИОНАЛА УСТРОЙСТВА. SICOM3028GPT-L3G МОГУТ ИМЕТЬ ДО 28 ГИГАБИТНЫХ ПОРТОВ. ПРИ ЭТОМ ВОЗМОЖНА ПРАКТИЧЕСКИ ЛЮБАЯ КОМБИНАЦИЯ МЕДНЫХ И ОПТИЧЕСКИХ ПОРТОВ. ПИТАНИЕ: НАПРЯЖЕНИЕ ПИТАНИЯ: 220VAC/DC (85-264VAC/77-370VDC) МЕХАНИЧЕСКИЕ ХАРАКТЕРИСТИКИ: РАЗМЕРЫ 482.6 X 44 X 360 ММ КРЕПЛЕНИЕ 19" СТОЙКА КЛАСС ЗАЩИТЫ IP40 ВЕС 10 КГ РАБОЧАЯ ТЕМПЕРАТУРА ОТ -40 ДО +85С ТЕМПЕРАТУРА ХРАНЕНИЯ -40 ДО +85C ВЛАЖНОСТЬ ОТ 5 ДО 95% (БЕЗ КОНДЕНСАТА) MTBF 368000 ЧАСОВ ГАРАНТИЯ 5 ЛЕТ | I84: CT | J84: Kyland Technology Co., Ltd. | K84: 156 | L84: отсутствует | M84: KYLAND | N84: шт | O84: Нотификация | P84: 10052 | Q84: =VLOOKUP(C84,Лист1!$B$1:$N$142,5,0) -> RU0000053245 | R84: =VLOOKUP(C84,Лист1!$B$1:$N$142,6,0) -> 44383 | S84: =VLOOKUP(C84,Лист1!$B$1:$N$142,7,0) -> 44383 | T84: =VLOOKUP(C84,Лист1!$B$1:$N$142,8,0) -> 48213 | U84: =VLOOKUP(C84,Лист1!$B$1:$N$142,9,0) -> 10 | V84: =U84*E84 -> 130 | W84: 115 | X84: 122 | Y84: Декларация о соответствии | Z84: 01191 | AA84: =VLOOKUP(C84,Лист1!$B$1:$N$92,10,0) -> ЕАЭС N RU Д-CN.РА01.В.65848/21 | AB84: =VLOOKUP(C84,Лист1!$B$1:$N$92,11,0) -> 44330 | AC84: =VLOOKUP(C84,Лист1!$B$1:$N$92,12,0) -> 44330 | AD84: =VLOOKUP(C84,Лист1!$B$1:$N$92,13,0) -> 46154 | AE84: отсутствует | AF84: 10005030/250721/0364686 | AG84: Симанитрон | AH84: =VLOOKUP(C84,Лист1!$B$3:$P$289,15,0) -> SICOM3028GPT-L2F-MB-L3-L3-S - промышленные коммутаторы с широким спектром сфер применния и модульным дизайном для простоты масштабирования и расширения функционала устройства. Характеристики Порты Медные или оптические порты 100 Мбит/с до 24 Медные или оптические гигабитные порты до 4 Системная производительность Стандарты: IEEE802.3i, IEEE802.3u, IEEE802.3ab, IEEE802.3ac, IEEE802.3ad, IEEE802.3z, IEEE802.3x, IEEE802.1p, IEEE802.1Q, IEEE802.1s, IEEE802.1X, IEC62439-6, IEC 61850-8-1 GOOSE сообщения Протоколы DT-Ring, DT-Ring+, MSTP, DRP; IGMP Snooping, GMRP; VLAN, GVRP, PVLAN; Telnet, HTTP, HTTPS, SNMPv1/v2/v3, RMON, LLDP, Bootp, DHCP server/relay/client, DHCP Option 82; SNTP, PTP, RTC; SSH, SSL, TACACS+, RADIUS, ACL; ARP, Modbus TCP, QoS, LACP PRP, HSR Пропускная способность устройства 9.5 Mpps Параметры оптических портов Длина волны 1310нм (одномод), 1550нм (одномод), 1310 (многомод) Расстояние передачи 10~80км (одномод) , до 5 км (100M многомод) , до 2 км (1000M многомод) Тип коннектора SC, ST, FC Питание Напряжение питания Резервированное: от 18 до36 Вольт постоянного тока Потребляемая мощность До 48 Ватт Механические характеристики Размеры 482.6мм x 44мм x 360мм Крепление 19” стойка Класс защиты IP40 Рабочая температура от -40 до +85С Температура хранения -40 до +85C Влажность от 5 до 95% (без конденсата) MTBF 359000 часов Гарантия 5 лет
A85: 44418 | B85: =VLOOKUP(C85,Лист1!$B$1:$N$67,2,0) -> 8517620003 | C85: SICOM3028GPT-L3G-MB-HV-HV-S | D85: =VLOOKUP(C85,Лист1!$B$2:$T$292,14,0) -> ПРОМЫШЛЕННЫЕ КОММУТАТОРЫ ДЛЯ УПРАВЛЕНИЯ В СЕТЯХ ETHERNET, НЕ ЛОМ ЭЛЕКТРООБОРУДОВАНИЯ, НЕ ПРЕДНАЗНАЧЕНЫ ДЛЯ НЕГЛАСНОГО ПОЛУЧЕНИЯ ИНФОРМАЦИИ, КОМПЛЕКТУЮЩИЕ ДЛЯ СЕРВЕРОВ И СЕРВЕРНОГО ОБОРУДОВАНИЯ, ГРАЖДАНСКОГО ПРИМЕНЕНИЯ. ПОСТАВЛЯЮТСЯ С клеммными колодками , уголками для крепления в стойку и консольным кабелем. | E85: 6 | F85: 2160 | G85: =F85*E85 -> 12960 | H85: =VLOOKUP(C85,Лист1!$B$1:$N$67,4,0) -> SICOM3028GPT-L3G-MB-HV-HV-S - ПРОМЫШЛЕННЫЕ КОММУТАТОРЫ С ШИРОКИМ СПЕКТРОМ СФЕР ПРИМЕНЕНИЯ И МОДУЛЬНЫМ ДИЗАЙНОМ ДЛЯ ПРОСТОТЫ МАСШТАБИРОВАНИЯ И РАСШИРЕНИЯ ФУНКЦИОНАЛА УСТРОЙСТВА. SICOM3028GPT-L3G МОГУТ ИМЕТЬ ДО 28 ГИГАБИТНЫХ ПОРТОВ. ПРИ ЭТОМ ВОЗМОЖНА ПРАКТИЧЕСКИ ЛЮБАЯ КОМБИНАЦИЯ МЕДНЫХ И ОПТИЧЕСКИХ ПОРТОВ. ПИТАНИЕ: НАПРЯЖЕНИЕ ПИТАНИЯ: 220VAC/DC (85-264VAC/77-370VDC) МЕХАНИЧЕСКИЕ ХАРАКТЕРИСТИКИ: РАЗМЕРЫ 482.6 X 44 X 360 ММ КРЕПЛЕНИЕ 19" СТОЙКА КЛАСС ЗАЩИТЫ IP40 ВЕС 10 КГ РАБОЧАЯ ТЕМПЕРАТУРА ОТ -40 ДО +85С ТЕМПЕРАТУРА ХРАНЕНИЯ -40 ДО +85C ВЛАЖНОСТЬ ОТ 5 ДО 95% (БЕЗ КОНДЕНСАТА) MTBF 368000 ЧАСОВ ГАРАНТИЯ 5 ЛЕТ | I85: CT | J85: Kyland Technology Co., Ltd. | K85: 156 | L85: отсутствует | M85: KYLAND | N85: шт | O85: Нотификация | P85: 10052 | Q85: =VLOOKUP(C85,Лист1!$B$1:$N$142,5,0) -> RU0000053245 | R85: =VLOOKUP(C85,Лист1!$B$1:$N$142,6,0) -> 44383 | S85: =VLOOKUP(C85,Лист1!$B$1:$N$142,7,0) -> 44383 | T85: =VLOOKUP(C85,Лист1!$B$1:$N$142,8,0) -> 48213 | U85: =VLOOKUP(C85,Лист1!$B$1:$N$142,9,0) -> 10 | V85: =U85*E85 -> 60 | W85: 48 | X85: 59 | Y85: Декларация о соответствии | Z85: 01191 | AA85: =VLOOKUP(C85,Лист1!$B$1:$N$92,10,0) -> ЕАЭС N RU Д-CN.КА01.В.23216/20 | AB85: =VLOOKUP(C85,Лист1!$B$1:$N$92,11,0) -> 43908 | AC85: =VLOOKUP(C85,Лист1!$B$1:$N$92,12,0) -> 43908 | AD85: =VLOOKUP(C85,Лист1!$B$1:$N$92,13,0) -> 45733 | AE85: отсутствует | AF85: 10005030/180821/0414091 | AG85: Симанитрон | AH85: =VLOOKUP(C85,Лист1!$B$3:$P$289,15,0) -> SICOM3028GPT-L3G-MB-HV-HV-S - промышленные коммутаторы с широким спектром сфер применения и модульным дизайном для простоты масштабирования и расширения функционала устройства. SICOM3028GPT-L3G могут иметь до 28 гигабитных портов. При этом возможна практически любая комбинация медных и оптических портов. Характеристики Порты Оптические или медные порты 100 Мбит/с до 24 Оптические или медные гигабитные порты до 28 (SICOM3028GPT-L3G) до 4 (SICOM3028GPT-L3G) Системная производительность Стандарты: IEEE 802.3i, IEEE 802.3u, IEEE 802.3ab, IEEE802.3ac, IEEE 802.3ad, IEEE 802.3z, IEEE 802.3x, IEEE 802.1p, IEEE 802.1Q, IEEE 802.1s, IEEE802.1X, IEC62439-6, IEC 61850-8-1 GOOSE сообщения Протоколы DT-Ring, DT-Ring+, MSTP, DRP, VRRP; IGMP, IGMP Snooping, GMRP, PIM-SM, PIM-DM, DVMRP; RIPv1/v2, OSPFv2, BGPv4; VLAN, GVRP, PVLAN; Telnet, SNMPv1/v2/v3, RMON, LLDP, BootP, DHCP Option 82, DHCP server/relay/client; SNTP, RTC; SSH, SSL, TACACS+, RADIUS, ACL; ARP, Modbus TCP, QoS, LACP PRP, HSR Пропускная способность устройства 41.7 Mpps (SICOM3028GPT-L3G), 9.5 Mpps (SICOM3028GPT-L3G) Питание Напряжение питания: 220VAC/DC (85-264VAC/77-370VDC) Механические характеристики Размеры 482.6 x 44 x 360 мм Крепление 19” стойка Класс защиты IP40 Рабочая температура от -40 до +85С Температура хранения -40 до +85C Влажность от 5 до 95% (без конденсата) MTBF 368000 часов Гарантия 5 лет
A86: 44420 | B86: =VLOOKUP(C86,Лист1!$B$1:$N$67,2,0) -> 8517620003 | C86: SYM3000S-4GX8P-L16-L16 | D86: =VLOOKUP(C86,Лист1!$B$2:$T$292,14,0) -> ПРОМЫШЛЕННЫЕ КОММУТАТОРЫ ДЛЯ УПРАВЛЕНИЯ В СЕТЯХ ETHERNET, НЕ ЛОМ ЭЛЕКТРООБОРУДОВАНИЯ, НЕ ПРЕДНАЗНАЧЕНЫ ДЛЯ НЕГЛАСНОГО ПОЛУЧЕНИЯ ИНФОРМАЦИИ, КОМПЛЕКТУЮЩИЕ ДЛЯ СЕРВЕРОВ И СЕРВЕРНОГО ОБОРУДОВАНИЯ, ГРАЖДАНСКОГО ПРИМЕНЕНИЯ. ПОСТАВЛЯЮТСЯ С клеммными колодками , уголками для крепления в стойку и консольным кабелем. | E86: 9 | F86: 479 | G86: =F86*E86 -> 4311 | H86: =VLOOKUP(C86,Лист1!$B$1:$N$67,4,0) -> SICOM3028GPT-L3G-MB-HV-HV-S - ПРОМЫШЛЕННЫЕ КОММУТАТОРЫ С ШИРОКИМ СПЕКТРОМ СФЕР ПРИМЕНЕНИЯ И МОДУЛЬНЫМ ДИЗАЙНОМ ДЛЯ ПРОСТОТЫ МАСШТАБИРОВАНИЯ И РАСШИРЕНИЯ ФУНКЦИОНАЛА УСТРОЙСТВА. SICOM3028GPT-L3G МОГУТ ИМЕТЬ ДО 28 ГИГАБИТНЫХ ПОРТОВ. ПРИ ЭТОМ ВОЗМОЖНА ПРАКТИЧЕСКИ ЛЮБАЯ КОМБИНАЦИЯ МЕДНЫХ И ОПТИЧЕСКИХ ПОРТОВ. ПИТАНИЕ: НАПРЯЖЕНИЕ ПИТАНИЯ: 220VAC/DC (85-264VAC/77-370VDC) МЕХАНИЧЕСКИЕ ХАРАКТЕРИСТИКИ: РАЗМЕРЫ 482.6 X 44 X 360 ММ КРЕПЛЕНИЕ 19" СТОЙКА КЛАСС ЗАЩИТЫ IP40 ВЕС 10 КГ РАБОЧАЯ ТЕМПЕРАТУРА ОТ -40 ДО +85С ТЕМПЕРАТУРА ХРАНЕНИЯ -40 ДО +85C ВЛАЖНОСТЬ ОТ 5 ДО 95% (БЕЗ КОНДЕНСАТА) MTBF 368000 ЧАСОВ ГАРАНТИЯ 5 ЛЕТ | I86: CT | J86: Kyland Technology Co., Ltd. | K86: 156 | L86: отсутствует | M86: KYLAND | N86: шт | O86: Нотификация | P86: 10052 | Q86: =VLOOKUP(C86,Лист1!$B$1:$N$142,5,0) -> RU0000053245 | R86: =VLOOKUP(C86,Лист1!$B$1:$N$142,6,0) -> 44383 | S86: =VLOOKUP(C86,Лист1!$B$1:$N$142,7,0) -> 44383 | T86: =VLOOKUP(C86,Лист1!$B$1:$N$142,8,0) -> 48213 | U86: =VLOOKUP(C86,Лист1!$B$1:$N$142,9,0) -> 1.35 | V86: =U86*E86 -> 12.15 | W86: 13.5 | X86: 16.7 | Y86: Декларация о соответствии | Z86: 01191 | AA86: =VLOOKUP(C86,Лист1!$B$1:$N$92,10,0) -> ЕАЭС N RU Д-CN.РА01.В.54040/21 | AB86: =VLOOKUP(C86,Лист1!$B$1:$N$92,11,0) -> 44375 | AC86: =VLOOKUP(C86,Лист1!$B$1:$N$92,12,0) -> 44375 | AD86: =VLOOKUP(C86,Лист1!$B$1:$N$92,13,0) -> 46196 | AE86: отсутствует | AF86: 10005030/210821/0419377 | AG86: Симанитрон | AH86: =VLOOKUP(C86,Лист1!$B$3:$P$289,15,0) -> SYM3000S - промышленные коммутаторы с пониженным потреблением питания, которые могут применяться в ветроэнергетике, распределительных сетях, подстанциях, энергетических SCADA-системах, системах водоочистки, на автомагистралях, в металлургии и других сферах. Коммутаторы могут крепиться на DIN-рейку или панель. Устройства соответствуют IEC61850-3, IEEE1613, EN50155, EN50121-4, NEMA TS-2. Диапазон рабочих температур коммутаторов SYM3000S от -40° до +85°. Оптические порты коммутатора способны передавать данные на расстояния до 80 км. В SFP-порты коммутатора можно установить специальные модули, которые могут поддерживать как оптические соединения (одномод или многомод), так и медные. Характеристики Порты 10/100Base-TX RJ45 8 1000Base-X SFP 4 Системная производительность Стандарты: IEEE 802.3u, IEEE 802.3ab, IEEE 802.3ad, IEEE 802.3z,IEEE 802.3x, IEEE 802.1D, IEEE 802.1Q, IEEE 802.1w, IEEE 802.1s, IEEE 802.1X, IEEE 802.1AB, IEEE 802.1p, IEEE 802.3i, IEEE 802.1ab, IEEE 802.3af PoE, IEEE 802.3at PoE+, IEEE1588 V2 (PTP) Протоколы DT-Ring, DT-Ring+, DT-VLAN, MSTP; IGMP Snooping, GMRP; VLAN, PVLAN; Telnet, HTTP, HTTPS, SNMPv1/v2/v3, RMON, LLDP, SNTP, DHCP server; DT-Psec, SSH, SSL, ACL; ARP, QoS Пропускная способность устройства 4.2 Mpps Питание Напряжение питания 51-57 Вольт постоянного тока Потребляемая мощность менее 16 Вт Механические характеристики Размеры 75 * 168.2 *135.5 мм Крепление DIN-рейка или панель Класс защиты IP40 Рабочая температура от -40 до +85С Температура хранения -40 до +85C Влажность от 5 до 95% (без конденсата) MTBF 323350 часов Гарантия 5 лет
A87: 44420 | B87: =VLOOKUP(C87,Лист1!$B$1:$N$67,2,0) -> 8517620003 | C87: SYM3000A-4SFP8T-L2-L2 | D87: =VLOOKUP(C87,Лист1!$B$2:$T$292,14,0) -> ПРОМЫШЛЕННЫЕ КОММУТАТОРЫ ДЛЯ УПРАВЛЕНИЯ В СЕТЯХ ETHERNET, НЕ ЛОМ ЭЛЕКТРООБОРУДОВАНИЯ, НЕ ПРЕДНАЗНАЧЕНЫ ДЛЯ НЕГЛАСНОГО ПОЛУЧЕНИЯ ИНФОРМАЦИИ, КОМПЛЕКТУЮЩИЕ ДЛЯ СЕРВЕРОВ И СЕРВЕРНОГО ОБОРУДОВАНИЯ, ГРАЖДАНСКОГО ПРИМЕНЕНИЯ. ПОСТАВЛЯЮТСЯ С клеммными колодками , уголками для крепления в стойку и консольным кабелем. | E87: 3 | F87: 329.5 | G87: =F87*E87 -> 988.5 | H87: =VLOOKUP(C87,Лист1!$B$1:$N$67,4,0) -> SYM3000A-4SFP8T-L2-L2- гигабитные управляемые коммутаторы на DIN-рейку, разработанных для систем передачи данных в энергетике, на транспорте, в горнодобывающей промышленности и др. Коммутатор имеет до 12 гигабитных SFP разъемов и до 16 гигабитных RJ45 портов. Прочный корпус без вентилятора с гофрированной поверхностью, способность работать в широком температурном диапазоне позволяет оборудованию стабильно работать в экстремальных промышленных условиях. В данном устройстве реализована поддержка протокола синхронизации точного времени IEEE1588 PTPv2 с точностью синхронизации 100нс. Протоколы DT-Ring, DT-Ring+, DT-VLAN, DRP, MSTP; IGMP Snooping, GMRP; VLAN, GVRP, PVLAN; Telnet, HTTP, HTTPS, SNMPv1/v2/v3, RMON, LLDP, SNTP, BootP, DHCP server/relay/client, DHCP Option 82; SSH, SSL, TACACS+, ACL; LACP, ARP, QoS, Modbus TCP Пропускная способность устройства 5.3 Mpps Питание Напряжение питания Двойной вход питания 24 Вольт постоянного тока (18-72VDC) До 10 Вт Механические характеристики Размеры 66×135×107.5 мм Крепление DIN-рейка или панель Класс защиты IP40 Рабочая температура от -40 до +85С Температура хранения -40 до +85C Влажность от 5 до 95% (без конденсата) MTBF 410000 часов Гарантия 5 лет | I87: CT | J87: Kyland Technology Co., Ltd. | K87: 156 | L87: отсутствует | M87: KYLAND | N87: шт | O87: Нотификация | P87: 10052 | Q87: =VLOOKUP(C87,Лист1!$B$1:$N$142,5,0) -> RU0000049917 | R87: =VLOOKUP(C87,Лист1!$B$1:$N$142,6,0) -> 44099 | S87: =VLOOKUP(C87,Лист1!$B$1:$N$142,7,0) -> 44099 | T87: =VLOOKUP(C87,Лист1!$B$1:$N$142,8,0) -> 47848 | U87: =VLOOKUP(C87,Лист1!$B$1:$N$142,9,0) -> 1.5 | V87: =U87*E87 -> 4.5 | W87: 4.5 | X87: =W87+W87*0.24 -> 5.58 | Y87: Декларация о соответствии | Z87: 01191 | AA87: =VLOOKUP(C87,Лист1!$B$1:$N$92,10,0) -> ЕАЭС N RU Д-CN.РА01.В.65848/21 | AB87: =VLOOKUP(C87,Лист1!$B$1:$N$92,11,0) -> 44330 | AC87: =VLOOKUP(C87,Лист1!$B$1:$N$92,12,0) -> 44330 | AD87: =VLOOKUP(C87,Лист1!$B$1:$N$92,13,0) -> 46154 | AE87: отсутствует | AF87: 10005030/210821/0419377 | AG87: Симанитрон | AH87: =VLOOKUP(C87,Лист1!$B$3:$P$289,15,0) -> SYM3000A - серия гигабитных управляемых коммутаторов на DIN-рейку, разработанных для систем передачи данных в энергетике, на транспорте, в горнодобывающей промышленности и др. Коммутатор имеет до 12 гигабитных SFP разъемов и до 16 гигабитных RJ45 портов. Прочный корпус без вентилятора с гофрированной поверхностью, способность работать в широком температурном диапазоне позволяет оборудованию стабильно работать в экстремальных промышленных условиях. В данном устройстве реализована поддержка протокола синхронизации точного времени IEEE1588 PTPv2 с точностью синхронизации 100нс. Характеристики Порты 10/100Base-TX Ethernet RJ45 8 шт. 100Base-X Ethernet SFP 4 шт. Системная производительность Стандарты: IEEE802.3i, IEEE802.3u, IEEE802.3ab, IEEE802.3z, IEEE 802.3ad, IEEE 802.1d, IEEE 802.1w, IEEE802.3x, IEEE802.1p, IEEE802.1Q, IEEE802.1s, IEEE 802.1x, IEEE 802.1ab, IEEE1588 V2 Протоколы DT-Ring, DT-Ring+, DT-VLAN, DRP, MSTP; IGMP Snooping, GMRP; VLAN, GVRP, PVLAN; Telnet, HTTP, HTTPS, SNMPv1/v2/v3, RMON, LLDP, SNTP, BootP, DHCP server/relay/client, DHCP Option 82; SSH, SSL, TACACS+, ACL; LACP, ARP, QoS, Modbus TCP Пропускная способность устройства 5.3 Mpps Питание Напряжение питания Двойной вход питания 24 Вольт постоянного тока (18-72VDC) До 10 Вт Механические характеристики Размеры 66*135*107.5 мм Крепление DIN-рейка или панель Класс защиты IP40 Рабочая температура от -40 до +85С Температура хранения -40 до +85C Влажность от 5 до 95% (без конденсата) MTBF 410000 часов Гарантия 5 лет
A88: 44420 | B88: =VLOOKUP(C88,Лист1!$B$1:$N$67,2,0) -> 8517620003 | C88: SYM3000A-8GX8GE-L2-L2 | D88: =VLOOKUP(C88,Лист1!$B$2:$T$292,14,0) -> ПРОМЫШЛЕННЫЕ КОММУТАТОРЫ ДЛЯ УПРАВЛЕНИЯ В СЕТЯХ ETHERNET, НЕ ЛОМ ЭЛЕКТРООБОРУДОВАНИЯ, НЕ ПРЕДНАЗНАЧЕНЫ ДЛЯ НЕГЛАСНОГО ПОЛУЧЕНИЯ ИНФОРМАЦИИ, КОМПЛЕКТУЮЩИЕ ДЛЯ СЕРВЕРОВ И СЕРВЕРНОГО ОБОРУДОВАНИЯ, ГРАЖДАНСКОГО ПРИМЕНЕНИЯ. ПОСТАВЛЯЮТСЯ С клеммными колодками , уголками для крепления в стойку и консольным кабелем. | E88: 2 | F88: 649.5 | G88: =F88*E88 -> 1299 | H88: =VLOOKUP(C88,Лист1!$B$1:$N$67,4,0) -> SICOM3028GPT-L3G-MB-HV-HV-S - ПРОМЫШЛЕННЫЕ КОММУТАТОРЫ С ШИРОКИМ СПЕКТРОМ СФЕР ПРИМЕНЕНИЯ И МОДУЛЬНЫМ ДИЗАЙНОМ ДЛЯ ПРОСТОТЫ МАСШТАБИРОВАНИЯ И РАСШИРЕНИЯ ФУНКЦИОНАЛА УСТРОЙСТВА. SICOM3028GPT-L3G МОГУТ ИМЕТЬ ДО 28 ГИГАБИТНЫХ ПОРТОВ. ПРИ ЭТОМ ВОЗМОЖНА ПРАКТИЧЕСКИ ЛЮБАЯ КОМБИНАЦИЯ МЕДНЫХ И ОПТИЧЕСКИХ ПОРТОВ. ПИТАНИЕ: НАПРЯЖЕНИЕ ПИТАНИЯ: 220VAC/DC (85-264VAC/77-370VDC) МЕХАНИЧЕСКИЕ ХАРАКТЕРИСТИКИ: РАЗМЕРЫ 482.6 X 44 X 360 ММ КРЕПЛЕНИЕ 19" СТОЙКА КЛАСС ЗАЩИТЫ IP40 ВЕС 10 КГ РАБОЧАЯ ТЕМПЕРАТУРА ОТ -40 ДО +85С ТЕМПЕРАТУРА ХРАНЕНИЯ -40 ДО +85C ВЛАЖНОСТЬ ОТ 5 ДО 95% (БЕЗ КОНДЕНСАТА) MTBF 368000 ЧАСОВ ГАРАНТИЯ 5 ЛЕТ | I88: CT | J88: Kyland Technology Co., Ltd. | K88: 156 | L88: отсутствует | M88: KYLAND | N88: шт | O88: Нотификация | P88: 10052 | Q88: =VLOOKUP(C88,Лист1!$B$1:$N$142,5,0) -> RU0000049917 | R88: =VLOOKUP(C88,Лист1!$B$1:$N$142,6,0) -> 44099 | S88: =VLOOKUP(C88,Лист1!$B$1:$N$142,7,0) -> 44099 | T88: =VLOOKUP(C88,Лист1!$B$1:$N$142,8,0) -> 47848 | U88: =VLOOKUP(C88,Лист1!$B$1:$N$142,9,0) -> 1.5 | V88: =U88*E88 -> 3 | W88: 3 | X88: =W88+W88*0.24 -> 3.72 | Y88: Декларация о соответствии | Z88: 01191 | AA88: =VLOOKUP(C88,Лист1!$B$1:$N$92,10,0) -> ЕАЭС N RU Д-CN.РА01.В.65848/21 | AB88: =VLOOKUP(C88,Лист1!$B$1:$N$92,11,0) -> 44330 | AC88: =VLOOKUP(C88,Лист1!$B$1:$N$92,12,0) -> 44330 | AD88: =VLOOKUP(C88,Лист1!$B$1:$N$92,13,0) -> 46154 | AE88: отсутствует | AF88: 10005030/210821/0419377 | AG88: Симанитрон | AH88: =VLOOKUP(C88,Лист1!$B$3:$P$289,15,0) -> Описание SYM3000A - серия гигабитных управляемых коммутаторов на DIN-рейку, разработанных для систем передачи данных в энергетике, на транспорте, в горнодобывающей промышленности и др. Коммутатор имеет до 12 гигабитных SFP разъемов и до 16 гигабитных RJ45 портов. Прочный корпус без вентилятора с гофрированной поверхностью, способность работать в широком температурном диапазоне позволяет оборудованию стабильно работать в экстремальных промышленных условиях. В данном устройстве реализована поддержка протокола синхронизации точного времени IEEE1588 PTPv2 с точностью синхронизации 100нс. Характеристики Порты 10/100/1000Base-TX Ethernet RJ45 8 шт. 100/1000Base-X Ethernet SFP 8 шт. Системная производительность Стандарты: IEEE802.3i, IEEE802.3u, IEEE802.3ab, IEEE802.3z, IEEE 802.3ad, IEEE 802.1d, IEEE 802.1w, IEEE802.3x, IEEE802.1p, IEEE802.1Q, IEEE802.1s, IEEE 802.1x, IEEE 802.1ab, IEEE1588 V2 Протоколы DT-Ring, DT-Ring+, DT-VLAN, DRP, MSTP; IGMP Snooping, GMRP; VLAN, GVRP, PVLAN; Telnet, HTTP, HTTPS, SNMPv1/v2/v3, RMON, LLDP, SNTP, BootP, DHCP server/relay/client, DHCP Option 82; SSH, SSL, TACACS+, ACL; LACP, ARP, QoS, Modbus TCP Пропускная способность устройства 5.3 Mpps Питание Напряжение питания Двойной вход питания 24 Вольт постоянного тока (18-72VDC) До 10 Вт Механические характеристики Размеры 102х135х137 мм Крепление DIN-рейка или панель Класс защиты IP40 Рабочая температура от -40 до +85С Температура хранения -40 до +85C Влажность от 5 до 95% (без конденсата) MTBF 410000 часов Гарантия 5 лет
A89: 44478 | B89: =VLOOKUP(C89,Лист1!$B$1:$N$67,2,0) -> 8517620003 | C89: SICOM3028GPT-L2F-MB-L3-L3-S | D89: =VLOOKUP(C89,Лист1!$B$2:$T$292,14,0) -> ПРОМЫШЛЕННЫЕ КОММУТАТОРЫ ДЛЯ УПРАВЛЕНИЯ В СЕТЯХ ETHERNET, НЕ ЛОМ ЭЛЕКТРООБОРУДОВАНИЯ, НЕ ПРЕДНАЗНАЧЕНЫ ДЛЯ НЕГЛАСНОГО ПОЛУЧЕНИЯ ИНФОРМАЦИИ, КОМПЛЕКТУЮЩИЕ ДЛЯ СЕРВЕРОВ И СЕРВЕРНОГО ОБОРУДОВАНИЯ, ГРАЖДАНСКОГО ПРИМЕНЕНИЯ. ПОСТАВЛЯЮТСЯ С клеммными колодками , уголками для крепления в стойку и консольным кабелем. | E89: 5 | F89: 1250 | G89: =F89*E89 -> 6250 | H89: =VLOOKUP(C89,Лист1!$B$1:$N$67,4,0) -> SICOM3028GPT-L3G-MB-HV-HV-S - ПРОМЫШЛЕННЫЕ КОММУТАТОРЫ С ШИРОКИМ СПЕКТРОМ СФЕР ПРИМЕНЕНИЯ И МОДУЛЬНЫМ ДИЗАЙНОМ ДЛЯ ПРОСТОТЫ МАСШТАБИРОВАНИЯ И РАСШИРЕНИЯ ФУНКЦИОНАЛА УСТРОЙСТВА. SICOM3028GPT-L3G МОГУТ ИМЕТЬ ДО 28 ГИГАБИТНЫХ ПОРТОВ. ПРИ ЭТОМ ВОЗМОЖНА ПРАКТИЧЕСКИ ЛЮБАЯ КОМБИНАЦИЯ МЕДНЫХ И ОПТИЧЕСКИХ ПОРТОВ. ПИТАНИЕ: НАПРЯЖЕНИЕ ПИТАНИЯ: 220VAC/DC (85-264VAC/77-370VDC) МЕХАНИЧЕСКИЕ ХАРАКТЕРИСТИКИ: РАЗМЕРЫ 482.6 X 44 X 360 ММ КРЕПЛЕНИЕ 19" СТОЙКА КЛАСС ЗАЩИТЫ IP40 ВЕС 10 КГ РАБОЧАЯ ТЕМПЕРАТУРА ОТ -40 ДО +85С ТЕМПЕРАТУРА ХРАНЕНИЯ -40 ДО +85C ВЛАЖНОСТЬ ОТ 5 ДО 95% (БЕЗ КОНДЕНСАТА) MTBF 368000 ЧАСОВ ГАРАНТИЯ 5 ЛЕТ | I89: CT | J89: Kyland Technology Co., Ltd. | K89: 156 | L89: отсутствует | M89: KYLAND | N89: шт | O89: Нотификация | P89: 10052 | Q89: =VLOOKUP(C89,Лист1!$B$1:$N$142,5,0) -> RU0000053245 | R89: =VLOOKUP(C89,Лист1!$B$1:$N$142,6,0) -> 44383 | S89: =VLOOKUP(C89,Лист1!$B$1:$N$142,7,0) -> 44383 | T89: =VLOOKUP(C89,Лист1!$B$1:$N$142,8,0) -> 48213 | U89: =VLOOKUP(C89,Лист1!$B$1:$N$142,9,0) -> 10 | V89: =U89*E89 -> 50 | W89: 50 | X89: =W89+W89*0.125 -> 56.25 | Y89: Декларация о соответствии | Z89: 01191 | AB89: =VLOOKUP(C89,Лист1!$B$1:$N$92,11,0) -> 44330 | AC89: =VLOOKUP(C89,Лист1!$B$1:$N$92,12,0) -> 44330 | AD89: =VLOOKUP(C89,Лист1!$B$1:$N$92,13,0) -> 46154 | AE89: отсутствует | AF89: 10005030/191021/0536483 | AG89: Симанитрон | AH89: =VLOOKUP(C89,Лист1!$B$3:$P$289,15,0) -> SICOM3028GPT-L2F-MB-L3-L3-S - промышленные коммутаторы с широким спектром сфер применния и модульным дизайном для простоты масштабирования и расширения функционала устройства. Характеристики Порты Медные или оптические порты 100 Мбит/с до 24 Медные или оптические гигабитные порты до 4 Системная производительность Стандарты: IEEE802.3i, IEEE802.3u, IEEE802.3ab, IEEE802.3ac, IEEE802.3ad, IEEE802.3z, IEEE802.3x, IEEE802.1p, IEEE802.1Q, IEEE802.1s, IEEE802.1X, IEC62439-6, IEC 61850-8-1 GOOSE сообщения Протоколы DT-Ring, DT-Ring+, MSTP, DRP; IGMP Snooping, GMRP; VLAN, GVRP, PVLAN; Telnet, HTTP, HTTPS, SNMPv1/v2/v3, RMON, LLDP, Bootp, DHCP server/relay/client, DHCP Option 82; SNTP, PTP, RTC; SSH, SSL, TACACS+, RADIUS, ACL; ARP, Modbus TCP, QoS, LACP PRP, HSR Пропускная способность устройства 9.5 Mpps Параметры оптических портов Длина волны 1310нм (одномод), 1550нм (одномод), 1310 (многомод) Расстояние передачи 10~80км (одномод) , до 5 км (100M многомод) , до 2 км (1000M многомод) Тип коннектора SC, ST, FC Питание Напряжение питания Резервированное: от 18 до36 Вольт постоянного тока Потребляемая мощность До 48 Ватт Механические характеристики Размеры 482.6мм x 44мм x 360мм Крепление 19” стойка Класс защиты IP40 Рабочая температура от -40 до +85С Температура хранения -40 до +85C Влажность от 5 до 95% (без конденсата) MTBF 359000 часов Гарантия 5 лет
A90: 44489 | B90: =VLOOKUP(C90,Лист1!$B$1:$N$67,2,0) -> 8517620003 | C90: SYM6416G-4X8GX4GE-L3-L3 | D90: =VLOOKUP(C90,Лист1!$B$2:$T$292,14,0) -> ПРОМЫШЛЕННЫЕ КОММУТАТОРЫ ДЛЯ УПРАВЛЕНИЯ В СЕТЯХ ETHERNET, НЕ ЛОМ ЭЛЕКТРООБОРУДОВАНИЯ, НЕ ПРЕДНАЗНАЧЕНЫ ДЛЯ НЕГЛАСНОГО ПОЛУЧЕНИЯ ИНФОРМАЦИИ, КОМПЛЕКТУЮЩИЕ ДЛЯ СЕРВЕРОВ И СЕРВЕРНОГО ОБОРУДОВАНИЯ, ГРАЖДАНСКОГО ПРИМЕНЕНИЯ. ПОСТАВЛЯЮТСЯ С консольным кабелем. | E90: 10 | F90: 1326.7 | G90: =F90*E90 -> 13267 | H90: =VLOOKUP(C90,Лист1!$B$1:$N$67,4,0) -> SICOM3028GPT-L3G-MB-HV-HV-S - ПРОМЫШЛЕННЫЕ КОММУТАТОРЫ С ШИРОКИМ СПЕКТРОМ СФЕР ПРИМЕНЕНИЯ И МОДУЛЬНЫМ ДИЗАЙНОМ ДЛЯ ПРОСТОТЫ МАСШТАБИРОВАНИЯ И РАСШИРЕНИЯ ФУНКЦИОНАЛА УСТРОЙСТВА. SICOM3028GPT-L3G МОГУТ ИМЕТЬ ДО 28 ГИГАБИТНЫХ ПОРТОВ. ПРИ ЭТОМ ВОЗМОЖНА ПРАКТИЧЕСКИ ЛЮБАЯ КОМБИНАЦИЯ МЕДНЫХ И ОПТИЧЕСКИХ ПОРТОВ. ПИТАНИЕ: НАПРЯЖЕНИЕ ПИТАНИЯ: 220VAC/DC (85-264VAC/77-370VDC) МЕХАНИЧЕСКИЕ ХАРАКТЕРИСТИКИ: РАЗМЕРЫ 482.6 X 44 X 360 ММ КРЕПЛЕНИЕ 19" СТОЙКА КЛАСС ЗАЩИТЫ IP40 ВЕС 10 КГ РАБОЧАЯ ТЕМПЕРАТУРА ОТ -40 ДО +85С ТЕМПЕРАТУРА ХРАНЕНИЯ -40 ДО +85C ВЛАЖНОСТЬ ОТ 5 ДО 95% (БЕЗ КОНДЕНСАТА) MTBF 368000 ЧАСОВ ГАРАНТИЯ 5 ЛЕТ | I90: CT | J90: Kyland Technology Co., Ltd. | K90: 156 | L90: отсутствует | M90: KYLAND | N90: шт | O90: Нотификация | P90: 10052 | Q90: RU0000053827 | R90: 44431 | S90: 44431 | T90: 48213 | U90: =VLOOKUP(C90,Лист1!$B$1:$N$142,9,0) -> 3 | V90: =U90*E90 -> 30 | W90: 30 | X90: 39.5 | Y90: Декларация о соответствии | Z90: 01402 | AA90: =VLOOKUP(C90,Лист1!$B$1:$N$92,10,0) -> ЕАЭС N RU Д-CN.РА01.В.95186/21 | AB90: =VLOOKUP(C90,Лист1!$B$1:$N$92,11,0) -> 44435 | AC90: =VLOOKUP(C90,Лист1!$B$1:$N$92,12,0) -> 44435 | AD90: =VLOOKUP(C90,Лист1!$B$1:$N$92,13,0) -> 46253 | AE90: отсутствует | AF90: 10005030/011121/0566790 | AG90: Симанитрон | AH90: =VLOOKUP(C90,Лист1!$B$3:$P$289,15,0) -> SYM6416G – серия десяти-гигабитных управляемых коммутаторов на DIN-рейку, разработанных для систем передачи данных в энергетике, на транспорте, в горнодобывающей промышленности и др. Коммутатор имеет SFP порты 10Г . Прочный корпус без вентилятора с гофрированной поверхностью, способность работать в широком температурном диапазоне позволяет оборудованию стабильно работать в экстремальных промышленных условиях. В данном устройстве реализована поддержка протокола синхронизации точного времени IEEE1588 PTPv2 с точностью синхронизации 100нс. Коммутаторы могут крепиться на DIN-рейку или панель. Диапазон рабочих температур коммутаторов SYM6416G от -40° до +75°. Характеристики Порты 10G Base-X SFP 4 10/100/1000Base-TX 4 100/1000Base-X SFP 8 Системная производительность Стандарты IEEE802.3i IEEE802.3u IEEE802.3ab IEEE802.3z IEEE 802.3ae IEEE 802.3ad IEEE802.3x IEEE802.1p IEEE802.1q IEEE 802.1w IEEE802.1s IEEE 802.1x IEEE1588 Функции 2 уровня STP/RSTP Поддержка до 4094 VLAN VLAN на базе портов и 802.1Q VLAN на основе MAC-адресов управление VLAN, Private VLAN динамическое назначение VLAN с использованием RADIUS- сервера Поддержка QoS очередей на порт 8 DHCP IGMP для фильтрации трафика групповой рассылки (до 4К групп) Блокирование «Head-of-Line» (HOL) Функции 3 уровня Маршрутизация IPv4 Статическая маршрутизация RIP v2 для динамической маршрутизации Поддержка VRRPv2/v3 Private VLAN (PVLAN) Управление маршрутизацией на основе ACL IPv4 или IPv6 Протоклоы резервирования IEEE 802.1d Spanning Tree Protocol (STP) IEEE 802.1w Rapid Spanning Tree Protocol (RSTP) Питание Напряжение питания 18-36 Вольт постоянного тока Потребляемая мощность До 35 Ватт Механические характеристики Класс защиты IP40 Крепление DIN-рейка или панель Размеры (Ш х Г х В) 120мм×154мм×154мм Рабочая температура от -40 до +75С Температура хранения -40 до +85C Влажность от 5 до 95% (без конденсата) MTBF 223350 часов Гарантия 5 лет
A91: 44489 | B91: =VLOOKUP(C91,Лист1!$B$1:$N$67,2,0) -> 8517620003 | C91: SYM3000A-4SFP16T-L2-L2 | D91: =VLOOKUP(C91,Лист1!$B$2:$T$292,14,0) -> ПРОМЫШЛЕННЫЕ КОММУТАТОРЫ ДЛЯ УПРАВЛЕНИЯ В СЕТЯХ ETHERNET, НЕ ЛОМ ЭЛЕКТРООБОРУДОВАНИЯ, НЕ ПРЕДНАЗНАЧЕНЫ ДЛЯ НЕГЛАСНОГО ПОЛУЧЕНИЯ ИНФОРМАЦИИ, КОМПЛЕКТУЮЩИЕ ДЛЯ СЕРВЕРОВ И СЕРВЕРНОГО ОБОРУДОВАНИЯ, ГРАЖДАНСКОГО ПРИМЕНЕНИЯ. ПОСТАВЛЯЮТСЯ С клеммными колодками , уголками для крепления в стойку и консольным кабелем. | E91: 1 | F91: 499.5 | G91: =F91*E91 -> 499.5 | H91: =VLOOKUP(C91,Лист1!$B$1:$N$67,4,0) -> SICOM3028GPT-L3G-MB-HV-HV-S - ПРОМЫШЛЕННЫЕ КОММУТАТОРЫ С ШИРОКИМ СПЕКТРОМ СФЕР ПРИМЕНЕНИЯ И МОДУЛЬНЫМ ДИЗАЙНОМ ДЛЯ ПРОСТОТЫ МАСШТАБИРОВАНИЯ И РАСШИРЕНИЯ ФУНКЦИОНАЛА УСТРОЙСТВА. SICOM3028GPT-L3G МОГУТ ИМЕТЬ ДО 28 ГИГАБИТНЫХ ПОРТОВ. ПРИ ЭТОМ ВОЗМОЖНА ПРАКТИЧЕСКИ ЛЮБАЯ КОМБИНАЦИЯ МЕДНЫХ И ОПТИЧЕСКИХ ПОРТОВ. ПИТАНИЕ: НАПРЯЖЕНИЕ ПИТАНИЯ: 220VAC/DC (85-264VAC/77-370VDC) МЕХАНИЧЕСКИЕ ХАРАКТЕРИСТИКИ: РАЗМЕРЫ 482.6 X 44 X 360 ММ КРЕПЛЕНИЕ 19" СТОЙКА КЛАСС ЗАЩИТЫ IP40 ВЕС 10 КГ РАБОЧАЯ ТЕМПЕРАТУРА ОТ -40 ДО +85С ТЕМПЕРАТУРА ХРАНЕНИЯ -40 ДО +85C ВЛАЖНОСТЬ ОТ 5 ДО 95% (БЕЗ КОНДЕНСАТА) MTBF 368000 ЧАСОВ ГАРАНТИЯ 5 ЛЕТ | I91: CT | J91: Kyland Technology Co., Ltd. | K91: 156 | L91: отсутствует | M91: KYLAND | N91: шт | O91: Нотификация | P91: 10052 | Q91: =VLOOKUP(C91,Лист1!$B$1:$N$142,5,0) -> RU0000049917 | R91: =VLOOKUP(C91,Лист1!$B$1:$N$142,6,0) -> 44099 | S91: =VLOOKUP(C91,Лист1!$B$1:$N$142,7,0) -> 44099 | T91: =VLOOKUP(C91,Лист1!$B$1:$N$142,8,0) -> 47848 | U91: =VLOOKUP(C91,Лист1!$B$1:$N$142,9,0) -> 1.9 | V91: =U91*E91 -> 1.9 | W91: 1.5 | X91: 2.5 | Y91: Декларация о соответствии | Z91: 01402 | AA91: =VLOOKUP(C91,Лист1!$B$1:$N$92,10,0) -> ЕАЭС N RU Д-CN.РА01.В.65848/21 | AB91: =VLOOKUP(C91,Лист1!$B$1:$N$92,11,0) -> 44330 | AC91: =VLOOKUP(C91,Лист1!$B$1:$N$92,12,0) -> 44330 | AD91: =VLOOKUP(C91,Лист1!$B$1:$N$92,13,0) -> 46154 | AE91: отсутствует | AF91: 10005030/011121/0566790 | AG91: Симанитрон | AH91: =VLOOKUP(C91,Лист1!$B$3:$P$289,15,0) -> SYM3000A-4SFP16T-L2-L2 - серия гигабитных управляемых коммутаторов SYM3000A на DIN-рейку, разработанных для систем передачи данных в энергетике, на транспорте, в горнодобывающей промышленности и др. Коммутатор имеет до 12 гигабитных SFP разъемов и до 16 гигабитных RJ45 портов. Прочный корпус без вентилятора с гофрированной поверхностью, способность работать в широком температурном диапазоне позволяет оборудованию стабильно работать в экстремальных промышленных условиях. В данном устройстве реализована поддержка протокола синхронизации точного времени IEEE1588 PTPv2 с точностью синхронизации 100нс. Характеристики Порты 10/100Base-TX Ethernet RJ45 16 шт. 100Base-X Ethernet SFP 4 шт. Системная производительность Стандарты: IEEE802.3i, IEEE802.3u, IEEE802.3ab, IEEE802.3z, IEEE 802.3ad, IEEE 802.1d, IEEE 802.1w, IEEE802.3x, IEEE802.1p, IEEE802.1Q, IEEE802.1s, IEEE 802.1x, IEEE 802.1ab, IEEE1588 V2 Протоколы DT-Ring, DT-Ring+, DT-VLAN, DRP, MSTP; IGMP Snooping, GMRP; VLAN, GVRP, PVLAN; Telnet, HTTP, HTTPS, SNMPv1/v2/v3, RMON, LLDP, SNTP, BootP, DHCP server/relay/client, DHCP Option 82; SSH, SSL, TACACS+, ACL; Syslog, FTP, TFTP; LACP, ARP, QoS, Modbus TCP Пропускная способность устройства 5.3 Mpps Питание Напряжение питания Двойной вход питания 24 Вольт постоянного тока (18-72VDC) До 10 Вт Механические характеристики Размеры 102х135х137 мм Крепление DIN-рейка или панель Класс защиты IP40 Рабочая температура от -40 до +85С Температура хранения -40 до +85C Влажность от 5 до 95% (без конденсата) MTBF 410000 часов Гарантия 5 лет
A92: 44522 | B92: =VLOOKUP(C92,Лист1!$B$1:$N$67,2,0) -> 8517620003 | C92: SYM3000A-4GX8T-L2-L2 | D92: =VLOOKUP(C92,Лист1!$B$2:$T$292,14,0) -> ПРОМЫШЛЕННЫЕ КОММУТАТОРЫ ДЛЯ УПРАВЛЕНИЯ В СЕТЯХ ETHERNET, НЕ ЛОМ ЭЛЕКТРООБОРУДОВАНИЯ, НЕ ПРЕДНАЗНАЧЕНЫ ДЛЯ НЕГЛАСНОГО ПОЛУЧЕНИЯ ИНФОРМАЦИИ, КОМПЛЕКТУЮЩИЕ ДЛЯ СЕРВЕРОВ И СЕРВЕРНОГО ОБОРУДОВАНИЯ, ГРАЖДАНСКОГО ПРИМЕНЕНИЯ. ПОСТАВЛЯЮТСЯ С клеммными колодками , уголками для крепления в стойку и консольным кабелем. | E92: 6 | F92: 424.5 | G92: =F92*E92 -> 2547 | H92: =VLOOKUP(C92,Лист1!$B$1:$N$67,4,0) -> SICOM3028GPT-L3G-MB-HV-HV-S - ПРОМЫШЛЕННЫЕ КОММУТАТОРЫ С ШИРОКИМ СПЕКТРОМ СФЕР ПРИМЕНЕНИЯ И МОДУЛЬНЫМ ДИЗАЙНОМ ДЛЯ ПРОСТОТЫ МАСШТАБИРОВАНИЯ И РАСШИРЕНИЯ ФУНКЦИОНАЛА УСТРОЙСТВА. SICOM3028GPT-L3G МОГУТ ИМЕТЬ ДО 28 ГИГАБИТНЫХ ПОРТОВ. ПРИ ЭТОМ ВОЗМОЖНА ПРАКТИЧЕСКИ ЛЮБАЯ КОМБИНАЦИЯ МЕДНЫХ И ОПТИЧЕСКИХ ПОРТОВ. ПИТАНИЕ: НАПРЯЖЕНИЕ ПИТАНИЯ: 220VAC/DC (85-264VAC/77-370VDC) МЕХАНИЧЕСКИЕ ХАРАКТЕРИСТИКИ: РАЗМЕРЫ 482.6 X 44 X 360 ММ КРЕПЛЕНИЕ 19" СТОЙКА КЛАСС ЗАЩИТЫ IP40 ВЕС 10 КГ РАБОЧАЯ ТЕМПЕРАТУРА ОТ -40 ДО +85С ТЕМПЕРАТУРА ХРАНЕНИЯ -40 ДО +85C ВЛАЖНОСТЬ ОТ 5 ДО 95% (БЕЗ КОНДЕНСАТА) MTBF 368000 ЧАСОВ ГАРАНТИЯ 5 ЛЕТ | I92: CT | J92: Kyland Technology Co., Ltd. | K92: 156 | L92: отсутствует | M92: KYLAND | N92: шт | O92: Нотификация | P92: 10052 | Q92: =VLOOKUP(C92,Лист1!$B$1:$N$142,5,0) -> RU0000049917 | R92: =VLOOKUP(C92,Лист1!$B$1:$N$142,6,0) -> 44099 | S92: =VLOOKUP(C92,Лист1!$B$1:$N$142,7,0) -> 44099 | T92: =VLOOKUP(C92,Лист1!$B$1:$N$142,8,0) -> 47848 | U92: =VLOOKUP(C92,Лист1!$B$1:$N$142,9,0) -> 1.1 | V92: =U92*E92 -> 6.6 | W92: 9 | X92: 10 | Y92: Декларация о соответствии | Z92: 01402 | AA92: =VLOOKUP(C92,Лист1!$B$1:$N$92,10,0) -> ЕАЭС N RU Д-CN.РА01.В.65848/21 | AB92: =VLOOKUP(C92,Лист1!$B$1:$N$92,11,0) -> 44330 | AC92: =VLOOKUP(C92,Лист1!$B$1:$N$92,12,0) -> 44330 | AD92: =VLOOKUP(C92,Лист1!$B$1:$N$92,13,0) -> 46154 | AE92: отсутствует | AF92: 10005030/291121/3003473 | AG92: Симанитрон | AH92: =VLOOKUP(C92,Лист1!$B$3:$P$289,15,0) -> SYM3000A - серия гигабитных управляемых коммутаторов на DIN-рейку, разработанных для систем передачи данных в энергетике, на транспорте, в горнодобывающей промышленности и др. Коммутатор имеет до 12 гигабитных SFP разъемов и до 16 гигабитных RJ45 портов. Прочный корпус без вентилятора с гофрированной поверхностью, способность работать в широком температурном диапазоне позволяет оборудованию стабильно работать в экстремальных промышленных условиях. В данном устройстве реализована поддержка протокола синхронизации точного времени IEEE1588 PTPv2 с точностью синхронизации 100нс. Характеристики Порты 10/100Base-TX Ethernet RJ45 8 шт. 100/1000Base-X Ethernet SFP 4 шт. Системная производительность Стандарты: IEEE802.3i, IEEE802.3u, IEEE802.3ab, IEEE802.3z, IEEE 802.3ad, IEEE 802.1d, IEEE 802.1w, IEEE802.3x, IEEE802.1p, IEEE802.1Q, IEEE802.1s, IEEE 802.1x, IEEE 802.1ab, IEEE1588 V2 Протоколы DT-Ring, DT-Ring+, DT-VLAN, DRP, MSTP; IGMP Snooping, GMRP; VLAN, GVRP, PVLAN; Telnet, HTTP, HTTPS, SNMPv1/v2/v3, RMON, LLDP, SNTP, BootP, DHCP server/relay/client, DHCP Option 82; SSH, SSL, TACACS+, ACL; Syslog, FTP, TFTP; LACP, ARP, QoS, Modbus TCP Пропускная способность устройства 5.3 Mpps Питание Напряжение питания Двойной вход питания 24 Вольт постоянного тока (18-72VDC) До 10 Вт Механические характеристики Размеры 66×135×107.5 мм Крепление DIN-рейка или панель Класс защиты IP40 Рабочая температура от -40 до +85С Температура хранения -40 до +85C Влажность от 5 до 95% (без конденсата) MTBF 410000 часов Гарантия 5 лет
A93: 13.12.2021 Платная | B93: =VLOOKUP(C93,Лист1!$B$1:$N$67,2,0) -> 8517620003 | C93: SYM3000A-2SFP8T-L2-L2 | D93: =VLOOKUP(C93,Лист1!$B$2:$T$292,14,0) -> ПРОМЫШЛЕННЫЕ КОММУТАТОРЫ ДЛЯ УПРАВЛЕНИЯ В СЕТЯХ ETHERNET, НЕ ЛОМ ЭЛЕКТРООБОРУДОВАНИЯ, НЕ ПРЕДНАЗНАЧЕНЫ ДЛЯ НЕГЛАСНОГО ПОЛУЧЕНИЯ ИНФОРМАЦИИ, КОМПЛЕКТУЮЩИЕ ДЛЯ СЕРВЕРОВ И СЕРВЕРНОГО ОБОРУДОВАНИЯ, ГРАЖДАНСКОГО ПРИМЕНЕНИЯ. ПОСТАВЛЯЮТСЯ С клеммными колодками , уголками для крепления в стойку и консольным кабелем. | E93: 2 | F93: 294.5 | G93: =F93*E93 -> 589 | H93: =VLOOKUP(C93,Лист1!$B$1:$N$67,4,0) -> SICOM3028GPT-L3G-MB-HV-HV-S - ПРОМЫШЛЕННЫЕ КОММУТАТОРЫ С ШИРОКИМ СПЕКТРОМ СФЕР ПРИМЕНЕНИЯ И МОДУЛЬНЫМ ДИЗАЙНОМ ДЛЯ ПРОСТОТЫ МАСШТАБИРОВАНИЯ И РАСШИРЕНИЯ ФУНКЦИОНАЛА УСТРОЙСТВА. SICOM3028GPT-L3G МОГУТ ИМЕТЬ ДО 28 ГИГАБИТНЫХ ПОРТОВ. ПРИ ЭТОМ ВОЗМОЖНА ПРАКТИЧЕСКИ ЛЮБАЯ КОМБИНАЦИЯ МЕДНЫХ И ОПТИЧЕСКИХ ПОРТОВ. ПИТАНИЕ: НАПРЯЖЕНИЕ ПИТАНИЯ: 220VAC/DC (85-264VAC/77-370VDC) МЕХАНИЧЕСКИЕ ХАРАКТЕРИСТИКИ: РАЗМЕРЫ 482.6 X 44 X 360 ММ КРЕПЛЕНИЕ 19" СТОЙКА КЛАСС ЗАЩИТЫ IP40 ВЕС 10 КГ РАБОЧАЯ ТЕМПЕРАТУРА ОТ -40 ДО +85С ТЕМПЕРАТУРА ХРАНЕНИЯ -40 ДО +85C ВЛАЖНОСТЬ ОТ 5 ДО 95% (БЕЗ КОНДЕНСАТА) MTBF 368000 ЧАСОВ ГАРАНТИЯ 5 ЛЕТ | I93: CT | J93: Kyland Technology Co., Ltd. | K93: 156 | L93: отсутствует | M93: KYLAND | N93: шт | O93: Нотификация | P93: 10052 | Q93: =VLOOKUP(C93,Лист1!$B$1:$N$142,5,0) -> RU0000049917 | R93: =VLOOKUP(C93,Лист1!$B$1:$N$142,6,0) -> 44099 | S93: =VLOOKUP(C93,Лист1!$B$1:$N$142,7,0) -> 44099 | T93: =VLOOKUP(C93,Лист1!$B$1:$N$142,8,0) -> 47848 | U93: 1.1 | V93: =U93*E93 -> 2.2 | W93: 2.2 | X93: 2.5 | Y93: Декларация о соответствии | Z93: 01402 | AA93: =VLOOKUP(C93,Лист1!$B$1:$N$92,10,0) -> ЕАЭС N RU Д-CN.РА01.В.65848/21 | AB93: =VLOOKUP(C93,Лист1!$B$1:$N$92,11,0) -> 44330 | AC93: =VLOOKUP(C93,Лист1!$B$1:$N$92,12,0) -> 44330 | AD93: =VLOOKUP(C93,Лист1!$B$1:$N$92,13,0) -> 46154 | AE93: отсутствует | AF93: 10005030/211221/3057073 | AG93: Симанитрон | AH93: =VLOOKUP(C93,Лист1!$B$3:$P$289,15,0) -> SYM3000A - серия гигабитных управляемых коммутаторов на DIN-рейку, разработанных для систем передачи данных в энергетике, на транспорте, в горнодобывающей промышленности и др. Коммутатор имеет до 12 гигабитных SFP разъемов и до 16 гигабитных RJ45 портов. Прочный корпус без вентилятора с гофрированной поверхностью, способность работать в широком температурном диапазоне позволяет оборудованию стабильно работать в экстремальных промышленных условиях. В данном устройстве реализована поддержка протокола синхронизации точного времени IEEE1588 PTPv2 с точностью синхронизации 100нс. Характеристики Порты 10/100Base-TX Ethernet RJ45 8 шт. 100Base-X Ethernet SFP 2 шт. Системная производительность Стандарты: IEEE802.3i, IEEE802.3u, IEEE802.3ab, IEEE802.3z, IEEE 802.3ad, IEEE 802.1d, IEEE 802.1w, IEEE802.3x, IEEE802.1p, IEEE802.1Q, IEEE802.1s, IEEE 802.1x, IEEE 802.1ab, IEEE1588 V2 Протоколы DT-Ring, DT-Ring+, DT-VLAN, DRP, MSTP; IGMP Snooping, GMRP; VLAN, GVRP, PVLAN; Telnet, HTTP, HTTPS, SNMPv1/v2/v3, RMON, LLDP, SNTP, BootP, DHCP server/relay/client, DHCP Option 82; SSH, SSL, TACACS+, ACL. LACP, ARP, QoS, Modbus TCP Пропускная способность устройства 5.3 Mpps Питание Напряжение питания Двойной вход питания 24 Вольт постоянного тока (18-72VDC) До 10 Вт Механические характеристики Размеры 66×135×107.5 мм Крепление DIN-рейка или панель Класс защиты IP40 Рабочая температура от -40 до +85С Температура хранения -40 до +85C Влажность от 5 до 95% (без конденсата) MTBF 410000 часов Гарантия 5 лет
